backbone_config,view_config,duration_seconds_config,engineered_config,head_config,loss_config,augmentation_config,balance_config,model_width_config,model_depth_config,model_kernel_config,stem_kernel_config,stem_stride_config,dilation_mode_config,channel_attention_config,pooling_config,block_dropout_config,dropout_config,head_hidden_config,huber_beta_config,aux_weight_config,consistency_weight_config,target_weights_config,optimizer_config,scheduler_config,epochs_config,patience_config,batch_size_config,learning_rate_config,weight_decay_config,stage_config,innovation_label_config,run_id,patch_size_config,transformer_depth_config,attention_heads_config,ccc_weight_config,underestimate_penalty_config,focal_weight_config,physiology_weight_config,clinical_head_weight_config,ordinal_head_weight_config,epoch,train_loss,mae_sbp,mae_dbp,mean_mae,worst_target_mae,rmse_sbp,rmse_dbp,bias_sbp,bias_dbp,pearson_sbp,pearson_dbp,selection_score,tail_count,tail_mae_sbp,tail_mae_dbp,high_count,high_mae_sbp,high_mae_dbp,low_count,low_mae_sbp,low_mae_dbp,high_bp_sensitivity,high_bp_specificity,sbp_within_5,sbp_within_10,sbp_within_15,dbp_within_5,dbp_within_10,dbp_within_15,clinical_selection_score,stage_result,backbone_result,view_result,duration_seconds_result,engineered_result,head_result,loss_result,augmentation_result,balance_result,seed,parameters,trainable_parameters,train_samples,eval_samples,runtime_seconds,model_width_result,model_depth_result,model_kernel_result,stem_kernel_result,stem_stride_result,dilation_mode_result,channel_attention_result,pooling_result,block_dropout_result,dropout_result,head_hidden_result,huber_beta_result,aux_weight_result,consistency_weight_result,target_weights_result,optimizer_result,scheduler_result,epochs_result,patience_result,batch_size_result,learning_rate_result,weight_decay_result,innovation_label_result,status,patch_size_result,transformer_depth_result,attention_heads_result,ccc_weight_result,underestimate_penalty_result,focal_weight_result,physiology_weight_result,clinical_head_weight_result,ordinal_head_weight_result
adaptive_resnet,multiview_zscore,10.0,none,multitask,multitask,jitter_scale,none,64,4,5,11,4,cycle,none,stats,0.0,0.15,192,0.5,0.35,0.1,"[1.0, 1.0]",adamw,none,5,2,192,0.001,0.0002,ARCH,adaptive_w64_d4_none_stats,I200_ARCH_001_0070ac94e2,,,,,,,,,,4,0.6023236133678015,13.127485275268556,8.444669723510742,10.786077499389648,13.127485275268556,16.68722915649414,11.071755409240724,-2.370237112045288,-1.3280478715896606,0.3296605180522383,0.4365968061021651,0.7067047357559204,2965,12.91464900970459,8.180520057678223,403,29.996417999267575,18.69034194946289,3562,11.669843673706056,6.641505241394043,0.0148883374689826,0.9994492381127226,0.241025641025641,0.472991452991453,0.6519658119658119,0.3796581196581196,0.6851282051282052,0.8557264957264957,0.7025536298751831,ARCH,adaptive_resnet,multiview_zscore,10.0,none,multitask,multitask,jitter_scale,none,314159,251592,251592,32971,5850,8.877365827560425,64,4,5,11,4,cycle,none,stats,0.0,0.15,192,0.5,0.35,0.1,"[1.0, 1.0]",adamw,none,5,2,192,0.001,0.0002,adaptive_w64_d4_none_stats,ok,,,,,,,,,
adaptive_resnet,multiview_zscore,10.0,none,multitask,multitask,jitter_scale,none,64,4,5,11,4,cycle,eca,stats,0.0,0.15,192,0.5,0.35,0.1,"[1.0, 1.0]",adamw,none,5,2,192,0.001,0.0002,ARCH,adaptive_w64_d4_eca_stats,I200_ARCH_002_60c8d80ebf,,,,,,,,,,1,0.7002945829962575,13.096304893493652,8.647171974182129,10.87173843383789,13.096304893493652,16.66438102722168,11.276373863220217,0.1513223648071289,-0.8218079209327698,0.317413854854428,0.3942801518168475,0.7140290141105652,2965,13.478586196899414,8.633234977722168,403,28.48767471313477,18.883678436279297,3562,11.993067741394045,7.024107933044434,0.0,1.0,0.2415384615384615,0.4726495726495726,0.6541880341880342,0.3548717948717949,0.6723076923076923,0.8468376068376068,0.7165460586547852,ARCH,adaptive_resnet,multiview_zscore,10.0,none,multitask,multitask,jitter_scale,none,314159,251612,251612,32971,5850,5.116642951965332,64,4,5,11,4,cycle,eca,stats,0.0,0.15,192,0.5,0.35,0.1,"[1.0, 1.0]",adamw,none,5,2,192,0.001,0.0002,adaptive_w64_d4_eca_stats,ok,,,,,,,,,
adaptive_resnet,multiview_zscore,10.0,none,multitask,multitask,jitter_scale,none,64,4,5,11,4,cycle,se,stats,0.0,0.15,192,0.5,0.35,0.1,"[1.0, 1.0]",adamw,none,5,2,192,0.001,0.0002,ARCH,adaptive_w64_d4_se_stats,I200_ARCH_003_2e86f85560,,,,,,,,,,1,0.7005412089963292,13.067049980163574,8.610360145568848,10.838705062866213,13.067049980163574,16.6004638671875,11.247052192687988,0.2391344755887985,-0.976202428340912,0.3181562504063751,0.3972067926717293,0.7117263078689575,2965,13.52658462524414,8.566594123840332,403,28.67173194885254,19.066144943237305,3562,11.989357948303224,6.924321174621582,0.0,1.0,0.2388034188034188,0.4726495726495726,0.6538461538461539,0.3591452991452991,0.6777777777777778,0.8497435897435898,0.7144789099693298,ARCH,adaptive_resnet,multiview_zscore,10.0,none,multitask,multitask,jitter_scale,none,314159,255976,255976,32971,5850,5.234573602676392,64,4,5,11,4,cycle,se,stats,0.0,0.15,192,0.5,0.35,0.1,"[1.0, 1.0]",adamw,none,5,2,192,0.001,0.0002,adaptive_w64_d4_se_stats,ok,,,,,,,,,
adaptive_resnet,multiview_zscore,10.0,none,multitask,multitask,jitter_scale,none,64,6,5,11,4,cycle,none,stats,0.0,0.15,192,0.5,0.35,0.1,"[1.0, 1.0]",adamw,none,5,2,192,0.001,0.0002,ARCH,adaptive_w64_d6_none_stats,I200_ARCH_004_3b8a4c1910,,,,,,,,,,1,0.6973065020040025,13.05770206451416,8.67007827758789,10.863889694213867,13.05770206451416,16.575716018676758,11.342171669006348,-0.7451372146606445,-0.9985758066177368,0.3122704742276722,0.380713182477627,0.7138819694519043,2965,13.247575759887695,8.609177589416504,403,30.019569396972656,19.18108558654785,3562,11.747336387634276,6.976722717285156,0.0,1.0,0.2388034188034188,0.4697435897435897,0.6588034188034187,0.3618803418803419,0.6697435897435897,0.8480341880341881,0.7145862579345703,ARCH,adaptive_resnet,multiview_zscore,10.0,none,multitask,multitask,jitter_scale,none,314159,334026,334026,32971,5850,6.188074827194214,64,6,5,11,4,cycle,none,stats,0.0,0.15,192,0.5,0.35,0.1,"[1.0, 1.0]",adamw,none,5,2,192,0.001,0.0002,adaptive_w64_d6_none_stats,ok,,,,,,,,,
adaptive_resnet,multiview_zscore,10.0,none,multitask,multitask,jitter_scale,none,64,6,5,11,4,cycle,eca,stats,0.0,0.15,192,0.5,0.35,0.1,"[1.0, 1.0]",adamw,none,5,2,192,0.001,0.0002,ARCH,adaptive_w64_d6_eca_stats,I200_ARCH_005_6e92f23031,,,,,,,,,,1,0.696444305223088,13.037525177001951,8.59334945678711,10.815437316894531,13.037525177001951,16.534032821655273,11.205181121826172,0.747404158115387,-0.476063460111618,0.3223697192132838,0.4015474737598956,0.7102169990539551,2965,13.692791938781738,8.798434257507324,403,28.1630973815918,18.50250816345215,3562,12.098644256591797,7.195968627929688,0.0,1.0,0.2362393162393162,0.4634188034188034,0.6564102564102564,0.3642735042735043,0.674017094017094,0.8504273504273504,0.7168471217155457,ARCH,adaptive_resnet,multiview_zscore,10.0,none,multitask,multitask,jitter_scale,none,314159,334056,334056,32971,5850,6.598902940750122,64,6,5,11,4,cycle,eca,stats,0.0,0.15,192,0.5,0.35,0.1,"[1.0, 1.0]",adamw,none,5,2,192,0.001,0.0002,adaptive_w64_d6_eca_stats,ok,,,,,,,,,
adaptive_resnet,multiview_zscore,10.0,none,multitask,multitask,jitter_scale,none,64,6,5,11,4,cycle,se,stats,0.0,0.15,192,0.5,0.35,0.1,"[1.0, 1.0]",adamw,none,5,2,192,0.001,0.0002,ARCH,adaptive_w64_d6_se_stats,I200_ARCH_006_4f28a7253b,,,,,,,,,,4,0.6067249632852022,13.01193618774414,8.553696632385254,10.78281593322754,13.01193618774414,16.652114868164062,11.289295196533203,-1.3502812385559082,-1.6838761568069458,0.3354006084794781,0.43057986105025,0.7079012989997864,2965,12.972103118896484,7.952296257019043,403,28.71564292907715,18.62105941772461,3562,11.72512149810791,6.600732803344727,0.0223325062034739,0.997429777859372,0.2521367521367521,0.4748717948717949,0.6591452991452992,0.3851282051282051,0.6817094017094018,0.8512820512820513,0.7015424966812134,ARCH,adaptive_resnet,multiview_zscore,10.0,none,multitask,multitask,jitter_scale,none,314159,340602,340602,32971,5850,11.20053482055664,64,6,5,11,4,cycle,se,stats,0.0,0.15,192,0.5,0.35,0.1,"[1.0, 1.0]",adamw,none,5,2,192,0.001,0.0002,adaptive_w64_d6_se_stats,ok,,,,,,,,,
adaptive_resnet,multiview_zscore,10.0,none,multitask,multitask,jitter_scale,none,64,8,5,11,4,cycle,none,stats,0.0,0.15,192,0.5,0.35,0.1,"[1.0, 1.0]",adamw,none,5,2,192,0.001,0.0002,ARCH,adaptive_w64_d8_none_stats,I200_ARCH_007_9404ad5336,,,,,,,,,,1,0.6855776039666908,13.062480926513672,8.584135055541992,10.823307991027832,13.062480926513672,16.53143310546875,11.18315887451172,0.8717259168624878,-0.664600133895874,0.3247958210452722,0.4037227096301943,0.710538387298584,2965,13.613801956176758,8.717385292053223,403,27.806865692138672,18.564712524414062,3562,12.09440803527832,7.080580711364746,0.0,1.0,0.2369230769230769,0.4661538461538461,0.6521367521367522,0.3652991452991453,0.6736752136752137,0.8458119658119658,0.7157193422317505,ARCH,adaptive_resnet,multiview_zscore,10.0,none,multitask,multitask,jitter_scale,none,314159,416460,416460,32971,5850,7.630681037902832,64,8,5,11,4,cycle,none,stats,0.0,0.15,192,0.5,0.35,0.1,"[1.0, 1.0]",adamw,none,5,2,192,0.001,0.0002,adaptive_w64_d8_none_stats,ok,,,,,,,,,
adaptive_resnet,multiview_zscore,10.0,none,multitask,multitask,jitter_scale,none,64,8,5,11,4,cycle,eca,stats,0.0,0.15,192,0.5,0.35,0.1,"[1.0, 1.0]",adamw,none,5,2,192,0.001,0.0002,ARCH,adaptive_w64_d8_eca_stats,I200_ARCH_008_73f727150e,,,,,,,,,,1,0.6888815597739331,12.98237419128418,8.613371849060059,10.79787254333496,12.98237419128418,16.51030921936035,11.159015655517578,-0.7424250245094299,-0.2906502187252044,0.327074144450298,0.4020955915550118,0.7094930410385132,2965,13.11801052093506,8.987513542175293,403,29.265634536743164,18.433338165283203,3562,11.714600563049316,7.288109302520752,0.0,1.0,0.2459829059829059,0.474017094017094,0.6577777777777778,0.3601709401709401,0.6688888888888889,0.8488888888888889,0.7142197489738464,ARCH,adaptive_resnet,multiview_zscore,10.0,none,multitask,multitask,jitter_scale,none,314159,416500,416500,32971,5850,8.154453992843628,64,8,5,11,4,cycle,eca,stats,0.0,0.15,192,0.5,0.35,0.1,"[1.0, 1.0]",adamw,none,5,2,192,0.001,0.0002,adaptive_w64_d8_eca_stats,ok,,,,,,,,,
adaptive_resnet,multiview_zscore,10.0,none,multitask,multitask,jitter_scale,none,64,8,5,11,4,cycle,se,stats,0.0,0.15,192,0.5,0.35,0.1,"[1.0, 1.0]",adamw,none,5,2,192,0.001,0.0002,ARCH,adaptive_w64_d8_se_stats,I200_ARCH_009_a64321f369,,,,,,,,,,1,0.6894281970900159,13.034629821777344,8.624983787536621,10.82980728149414,13.034629821777344,16.51714515686035,11.164897918701172,0.726093053817749,-0.1691775023937225,0.3231427077369945,0.4008543740565023,0.7114161252975464,2965,13.597441673278809,9.083484649658203,403,28.146879196166992,18.32896614074707,3562,12.090377807617188,7.383471488952637,0.0,1.0,0.2389743589743589,0.4623931623931624,0.652991452991453,0.36,0.6676923076923077,0.8471794871794872,0.7199661135673523,ARCH,adaptive_resnet,multiview_zscore,10.0,none,multitask,multitask,jitter_scale,none,314159,425228,425228,32971,5850,8.360501527786255,64,8,5,11,4,cycle,se,stats,0.0,0.15,192,0.5,0.35,0.1,"[1.0, 1.0]",adamw,none,5,2,192,0.001,0.0002,adaptive_w64_d8_se_stats,ok,,,,,,,,,
adaptive_resnet,multiview_zscore,10.0,none,multitask,multitask,jitter_scale,none,96,4,5,11,4,cycle,none,stats,0.0,0.15,192,0.5,0.35,0.1,"[1.0, 1.0]",adamw,none,5,2,192,0.001,0.0002,ARCH,adaptive_w96_d4_none_stats,I200_ARCH_010_ec241a5c84,,,,,,,,,,1,0.6909260479516761,13.135308265686035,8.57814884185791,10.856728553771973,13.135308265686035,16.573619842529297,11.253063201904297,1.609765648841858,-1.4882941246032717,0.3225194349944545,0.4020286939501326,0.7123216986656189,2965,13.960630416870115,8.286735534667969,403,27.496803283691406,19.50103187561035,3562,12.323857307434082,6.666831016540527,0.0,1.0,0.235042735042735,0.4615384615384615,0.6485470085470085,0.3641025641025641,0.6817094017094018,0.8507692307692307,0.7151132225990295,ARCH,adaptive_resnet,multiview_zscore,10.0,none,multitask,multitask,jitter_scale,none,314159,518248,518248,32971,5850,4.889315605163574,96,4,5,11,4,cycle,none,stats,0.0,0.15,192,0.5,0.35,0.1,"[1.0, 1.0]",adamw,none,5,2,192,0.001,0.0002,adaptive_w96_d4_none_stats,ok,,,,,,,,,
adaptive_resnet,multiview_zscore,10.0,none,multitask,multitask,jitter_scale,none,96,4,5,11,4,cycle,eca,stats,0.0,0.15,192,0.5,0.35,0.1,"[1.0, 1.0]",adamw,none,5,2,192,0.001,0.0002,ARCH,adaptive_w96_d4_eca_stats,I200_ARCH_011_b8134a8a09,,,,,,,,,,1,0.6919254934371903,12.980331420898438,8.581595420837402,10.780963897705078,12.980331420898438,16.554584503173828,11.179356575012209,-0.944422721862793,-0.5248156785964966,0.3246717790989651,0.4005861224485963,0.7081508636474609,2965,13.09429931640625,8.832550048828125,403,29.957015991210938,18.77695655822754,3562,11.672689437866213,7.145952701568604,0.0,1.0,0.249059829059829,0.4711111111111111,0.6601709401709401,0.36,0.6733333333333333,0.8502564102564103,0.7114811539649963,ARCH,adaptive_resnet,multiview_zscore,10.0,none,multitask,multitask,jitter_scale,none,314159,518268,518268,32971,5850,5.128882884979248,96,4,5,11,4,cycle,eca,stats,0.0,0.15,192,0.5,0.35,0.1,"[1.0, 1.0]",adamw,none,5,2,192,0.001,0.0002,adaptive_w96_d4_eca_stats,ok,,,,,,,,,
adaptive_resnet,multiview_zscore,10.0,none,multitask,multitask,jitter_scale,none,96,4,5,11,4,cycle,se,stats,0.0,0.15,192,0.5,0.35,0.1,"[1.0, 1.0]",adamw,none,5,2,192,0.001,0.0002,ARCH,adaptive_w96_d4_se_stats,I200_ARCH_012_3bebdfe95f,,,,,,,,,,1,0.6913935108933338,12.983381271362305,8.660655975341797,10.82201862335205,12.983381271362305,16.549930572509766,11.451939582824709,-0.1232646703720092,-2.1543128490448,0.3189631555538231,0.3890324558846942,0.7114337682723999,2965,13.3528470993042,7.986326694488525,403,29.381914138793945,20.230010986328125,3562,11.841535568237305,6.420979022979736,0.0,1.0,0.2458119658119658,0.4697435897435897,0.661025641025641,0.3702564102564102,0.6767521367521367,0.8471794871794872,0.707183301448822,ARCH,adaptive_resnet,multiview_zscore,10.0,none,multitask,multitask,jitter_scale,none,314159,527896,527896,32971,5850,5.210005760192871,96,4,5,11,4,cycle,se,stats,0.0,0.15,192,0.5,0.35,0.1,"[1.0, 1.0]",adamw,none,5,2,192,0.001,0.0002,adaptive_w96_d4_se_stats,ok,,,,,,,,,
adaptive_resnet,multiview_zscore,10.0,none,multitask,multitask,jitter_scale,none,96,6,5,11,4,cycle,none,stats,0.0,0.15,192,0.5,0.35,0.1,"[1.0, 1.0]",adamw,none,5,2,192,0.001,0.0002,ARCH,adaptive_w96_d6_none_stats,I200_ARCH_013_0fd718994c,,,,,,,,,,1,0.696099127794421,13.060391426086426,8.68423080444336,10.872310638427734,13.060391426086426,16.669883728027344,11.428956031799316,-0.8514707088470459,-1.5771441459655762,0.3008671355069568,0.3782389287313972,0.714529275894165,2965,13.14426612854004,8.26024341583252,403,30.492189407348636,19.86077880859375,3562,11.668035507202148,6.672956943511963,0.0,1.0,0.2461538461538461,0.4683760683760684,0.6625641025641026,0.3617094017094017,0.6738461538461539,0.8482051282051282,0.710824728012085,ARCH,adaptive_resnet,multiview_zscore,10.0,none,multitask,multitask,jitter_scale,none,314159,703338,703338,32971,5850,6.118498086929321,96,6,5,11,4,cycle,none,stats,0.0,0.15,192,0.5,0.35,0.1,"[1.0, 1.0]",adamw,none,5,2,192,0.001,0.0002,adaptive_w96_d6_none_stats,ok,,,,,,,,,
adaptive_resnet,multiview_zscore,10.0,none,multitask,multitask,jitter_scale,none,96,6,5,11,4,cycle,eca,stats,0.0,0.15,192,0.5,0.35,0.1,"[1.0, 1.0]",adamw,none,5,2,192,0.001,0.0002,ARCH,adaptive_w96_d6_eca_stats,I200_ARCH_014_c183826645,,,,,,,,,,4,0.6048169444466747,13.040042877197266,8.518680572509766,10.779361724853516,13.040042877197266,16.542036056518555,11.169068336486816,-2.407752990722656,-1.2569671869277954,0.3359359798053552,0.4187073758666005,0.7072665691375732,2965,12.79758644104004,8.344098091125488,403,30.5555477142334,18.646127700805664,3562,11.506999015808104,6.750431537628174,0.0,0.9996328254084818,0.2408547008547008,0.4721367521367521,0.6533333333333333,0.3791452991452991,0.6834188034188035,0.8514529914529915,0.703815221786499,ARCH,adaptive_resnet,multiview_zscore,10.0,none,multitask,multitask,jitter_scale,none,314159,703368,703368,32971,5850,11.183368921279907,96,6,5,11,4,cycle,eca,stats,0.0,0.15,192,0.5,0.35,0.1,"[1.0, 1.0]",adamw,none,5,2,192,0.001,0.0002,adaptive_w96_d6_eca_stats,ok,,,,,,,,,
adaptive_resnet,multiview_zscore,10.0,none,multitask,multitask,jitter_scale,none,96,6,5,11,4,cycle,se,stats,0.0,0.15,192,0.5,0.35,0.1,"[1.0, 1.0]",adamw,none,5,2,192,0.001,0.0002,ARCH,adaptive_w96_d6_se_stats,I200_ARCH_015_ca1ee0e1e3,,,,,,,,,,4,0.6040671838577404,12.986587524414062,8.522649765014648,10.754618644714355,12.986587524414062,16.48839569091797,11.079051971435549,-1.4116181135177612,-0.4368833005428314,0.3345095987839986,0.4227609401729713,0.7059404253959656,2965,13.04554271697998,8.791138648986816,403,29.489748001098636,17.902013778686523,3562,11.708304405212402,7.15122127532959,0.0024813895781637,1.0,0.2398290598290598,0.4735042735042735,0.6507692307692308,0.3731623931623931,0.6752136752136753,0.8494017094017094,0.7090654969215393,ARCH,adaptive_resnet,multiview_zscore,10.0,none,multitask,multitask,jitter_scale,none,314159,717810,717810,32971,5850,11.428238153457642,96,6,5,11,4,cycle,se,stats,0.0,0.15,192,0.5,0.35,0.1,"[1.0, 1.0]",adamw,none,5,2,192,0.001,0.0002,adaptive_w96_d6_se_stats,ok,,,,,,,,,
adaptive_resnet,multiview_zscore,10.0,none,multitask,multitask,jitter_scale,none,96,8,5,11,4,cycle,none,stats,0.0,0.15,192,0.5,0.35,0.1,"[1.0, 1.0]",adamw,none,5,2,192,0.001,0.0002,ARCH,adaptive_w96_d8_none_stats,I200_ARCH_016_ccec4f77dd,,,,,,,,,,1,0.6933603116939234,13.0164794921875,8.605256080627441,10.810867309570312,13.0164794921875,16.546649932861328,11.29367733001709,0.1182774752378463,-1.393346667289734,0.315167725101725,0.3933048281834373,0.7101132869720459,2965,13.41092300415039,8.416571617126465,403,29.17043113708496,19.63473892211914,3562,11.903965950012209,6.7480549812316895,0.0,1.0,0.2388034188034188,0.4661538461538461,0.6608547008547009,0.3588034188034188,0.6825641025641026,0.8471794871794872,0.7109477519989014,ARCH,adaptive_resnet,multiview_zscore,10.0,none,multitask,multitask,jitter_scale,none,314159,888428,888428,32971,5850,7.51940107345581,96,8,5,11,4,cycle,none,stats,0.0,0.15,192,0.5,0.35,0.1,"[1.0, 1.0]",adamw,none,5,2,192,0.001,0.0002,adaptive_w96_d8_none_stats,ok,,,,,,,,,
adaptive_resnet,multiview_zscore,10.0,none,multitask,multitask,jitter_scale,none,96,8,5,11,4,cycle,eca,stats,0.0,0.15,192,0.5,0.35,0.1,"[1.0, 1.0]",adamw,none,5,2,192,0.001,0.0002,ARCH,adaptive_w96_d8_eca_stats,I200_ARCH_017_be9af9faa0,,,,,,,,,,3,0.6163528717534487,13.19957160949707,8.602057456970215,10.900814056396484,13.19957160949707,16.75472640991211,11.17436695098877,1.688974380493164,0.1483355164527893,0.3214782435234948,0.3985369915469993,0.7150761485099792,2965,13.97572898864746,9.320645332336426,403,26.797813415527344,18.170976638793945,3562,12.3967924118042,7.43154764175415,0.0248138957816377,0.9941252065357076,0.242051282051282,0.4647863247863248,0.6446153846153846,0.3652991452991453,0.6654700854700855,0.8514529914529915,0.7277398109436035,ARCH,adaptive_resnet,multiview_zscore,10.0,none,multitask,multitask,jitter_scale,none,314159,888468,888468,32971,5850,13.83808445930481,96,8,5,11,4,cycle,eca,stats,0.0,0.15,192,0.5,0.35,0.1,"[1.0, 1.0]",adamw,none,5,2,192,0.001,0.0002,adaptive_w96_d8_eca_stats,ok,,,,,,,,,
adaptive_resnet,multiview_zscore,10.0,none,multitask,multitask,jitter_scale,none,96,8,5,11,4,cycle,se,stats,0.0,0.15,192,0.5,0.35,0.1,"[1.0, 1.0]",adamw,none,5,2,192,0.001,0.0002,ARCH,adaptive_w96_d8_se_stats,I200_ARCH_018_57fb09dad6,,,,,,,,,,1,0.691377037139826,13.076653480529783,8.646129608154297,10.861391067504885,13.076653480529783,16.629013061523438,11.392047882080078,-0.1582988202571869,-1.7578179836273191,0.307798061008772,0.3890501311897936,0.7134402990341187,2965,13.376221656799316,8.194929122924805,403,29.373533248901367,19.895288467407227,3562,11.892924308776855,6.595634460449219,0.0,1.0,0.2381196581196581,0.4652991452991453,0.6586324786324786,0.3613675213675213,0.6748717948717948,0.8478632478632478,0.7109602689743042,ARCH,adaptive_resnet,multiview_zscore,10.0,none,multitask,multitask,jitter_scale,none,314159,907724,907724,32971,5850,8.500920057296753,96,8,5,11,4,cycle,se,stats,0.0,0.15,192,0.5,0.35,0.1,"[1.0, 1.0]",adamw,none,5,2,192,0.001,0.0002,adaptive_w96_d8_se_stats,ok,,,,,,,,,
adaptive_resnet,multiview_zscore,10.0,none,multitask,multitask,jitter_scale,none,128,4,5,11,4,cycle,none,stats,0.0,0.15,192,0.5,0.35,0.1,"[1.0, 1.0]",adamw,none,5,2,192,0.001,0.0002,ARCH,adaptive_w128_d4_none_stats,I200_ARCH_019_8bfe0b6689,,,,,,,,,,1,0.7009262019811675,13.119691848754885,8.575547218322754,10.847620010375977,13.119691848754885,16.586318969726562,11.289680480957031,1.0275931358337402,-1.554432034492493,0.3154184533464651,0.3962265471156087,0.7117820978164673,2965,13.793213844299316,8.265619277954102,403,28.052433013916016,19.663238525390625,3562,12.185229301452637,6.598337650299072,0.0,1.0,0.2328205128205128,0.4613675213675213,0.6523076923076923,0.3666666666666666,0.6846153846153846,0.8473504273504273,0.7133309841156006,ARCH,adaptive_resnet,multiview_zscore,10.0,none,multitask,multitask,jitter_scale,none,314159,883208,883208,32971,5850,6.257488965988159,128,4,5,11,4,cycle,none,stats,0.0,0.15,192,0.5,0.35,0.1,"[1.0, 1.0]",adamw,none,5,2,192,0.001,0.0002,adaptive_w128_d4_none_stats,ok,,,,,,,,,
adaptive_resnet,multiview_zscore,10.0,none,multitask,multitask,jitter_scale,none,128,4,5,11,4,cycle,eca,stats,0.0,0.15,192,0.5,0.35,0.1,"[1.0, 1.0]",adamw,none,5,2,192,0.001,0.0002,ARCH,adaptive_w128_d4_eca_stats,I200_ARCH_020_1dc145a265,,,,,,,,,,1,0.7041602976793466,13.019220352172852,8.57703971862793,10.79813003540039,13.019220352172852,16.53854751586914,11.2596435546875,-1.021349310874939,-1.3851611614227295,0.3182077673423514,0.3991752796469281,0.7090481519699097,2965,13.123424530029297,8.358555793762207,403,30.064876556396484,19.43990707397461,3562,11.65365982055664,6.711285591125488,0.0,1.0,0.2396581196581196,0.4683760683760684,0.657094017094017,0.365982905982906,0.6835897435897436,0.8468376068376068,0.7075631618499756,ARCH,adaptive_resnet,multiview_zscore,10.0,none,multitask,multitask,jitter_scale,none,314159,883228,883228,32971,5850,6.787022113800049,128,4,5,11,4,cycle,eca,stats,0.0,0.15,192,0.5,0.35,0.1,"[1.0, 1.0]",adamw,none,5,2,192,0.001,0.0002,adaptive_w128_d4_eca_stats,ok,,,,,,,,,
adaptive_resnet,multiview_zscore,10.0,none,multitask,multitask,jitter_scale,none,128,4,5,11,4,cycle,se,stats,0.0,0.15,192,0.5,0.35,0.1,"[1.0, 1.0]",adamw,none,5,2,192,0.001,0.0002,ARCH,adaptive_w128_d4_se_stats,I200_ARCH_021_9ba9f6d45c,,,,,,,,,,1,0.7045988839033038,13.078043937683104,8.591068267822266,10.834556579589844,13.078043937683104,16.644329071044922,11.222742080688477,-1.2595434188842771,-0.8202480673789978,0.3121953880267776,0.3974428375510311,0.7112516164779663,2965,13.064203262329102,8.656624794006348,403,30.34722328186035,18.94948959350586,3562,11.627975463867188,6.990827083587647,0.0,1.0,0.2434188034188034,0.4668376068376068,0.6562393162393162,0.3658119658119658,0.6767521367521367,0.8456410256410256,0.7118183374404907,ARCH,adaptive_resnet,multiview_zscore,10.0,none,multitask,multitask,jitter_scale,none,314159,900168,900168,32971,5850,6.884136915206909,128,4,5,11,4,cycle,se,stats,0.0,0.15,192,0.5,0.35,0.1,"[1.0, 1.0]",adamw,none,5,2,192,0.001,0.0002,adaptive_w128_d4_se_stats,ok,,,,,,,,,
adaptive_resnet,multiview_zscore,10.0,none,multitask,multitask,jitter_scale,none,128,6,5,11,4,cycle,none,stats,0.0,0.15,192,0.5,0.35,0.1,"[1.0, 1.0]",adamw,none,5,2,192,0.001,0.0002,ARCH,adaptive_w128_d6_none_stats,I200_ARCH_022_cf87aa3138,,,,,,,,,,1,0.6971032186303028,13.116068840026855,8.623071670532227,10.869569778442385,13.116068840026855,16.548248291015625,11.26248550415039,1.3871818780899048,-0.7620416283607483,0.316580987078744,0.3895366821778065,0.7136037945747375,2965,13.973694801330566,8.706731796264648,403,27.92471694946289,18.93463134765625,3562,12.29669189453125,7.021751403808594,0.0,1.0,0.2343589743589743,0.4576068376068376,0.6483760683760684,0.3598290598290598,0.6728205128205128,0.8488888888888889,0.7204130291938782,ARCH,adaptive_resnet,multiview_zscore,10.0,none,multitask,multitask,jitter_scale,none,314159,1211914,1211914,32971,5850,8.268175840377808,128,6,5,11,4,cycle,none,stats,0.0,0.15,192,0.5,0.35,0.1,"[1.0, 1.0]",adamw,none,5,2,192,0.001,0.0002,adaptive_w128_d6_none_stats,ok,,,,,,,,,
adaptive_resnet,multiview_zscore,10.0,none,multitask,multitask,jitter_scale,none,128,6,5,11,4,cycle,eca,stats,0.0,0.15,192,0.5,0.35,0.1,"[1.0, 1.0]",adamw,none,5,2,192,0.001,0.0002,ARCH,adaptive_w128_d6_eca_stats,I200_ARCH_023_6f19995429,,,,,,,,,,1,0.6954378069833268,13.096211433410645,8.64460563659668,10.87040901184082,13.096211433410645,16.63037109375,11.363829612731934,0.2643369436264038,-1.6184288263320925,0.3059421355923863,0.3874446299798269,0.7139226198196411,2965,13.565818786621094,8.260876655578613,403,29.058349609375,19.858924865722656,3562,12.018230438232422,6.635566234588623,0.0,1.0,0.2362393162393162,0.4695726495726495,0.6560683760683761,0.3586324786324786,0.6813675213675213,0.8471794871794872,0.71330726146698,ARCH,adaptive_resnet,multiview_zscore,10.0,none,multitask,multitask,jitter_scale,none,314159,1211944,1211944,32971,5850,9.166481971740724,128,6,5,11,4,cycle,eca,stats,0.0,0.15,192,0.5,0.35,0.1,"[1.0, 1.0]",adamw,none,5,2,192,0.001,0.0002,adaptive_w128_d6_eca_stats,ok,,,,,,,,,
adaptive_resnet,multiview_zscore,10.0,none,multitask,multitask,jitter_scale,none,128,6,5,11,4,cycle,se,stats,0.0,0.15,192,0.5,0.35,0.1,"[1.0, 1.0]",adamw,none,5,2,192,0.001,0.0002,ARCH,adaptive_w128_d6_se_stats,I200_ARCH_024_8737cc351a,,,,,,,,,,1,0.693656227269838,13.07261085510254,8.699431419372559,10.88602066040039,13.07261085510254,16.552391052246094,11.485121726989746,0.6746368408203125,-2.295052528381348,0.3133002994346839,0.3836867154384455,0.7154840230941772,2965,13.671353340148926,7.953227043151855,403,28.5465145111084,20.534109115600582,3562,12.087726593017578,6.333693027496338,0.0,1.0,0.2364102564102564,0.4654700854700854,0.6545299145299145,0.362051282051282,0.6808547008547009,0.8471794871794872,0.7121008634567261,ARCH,adaptive_resnet,multiview_zscore,10.0,none,multitask,multitask,jitter_scale,none,314159,1237354,1237354,32971,5850,9.3199622631073,128,6,5,11,4,cycle,se,stats,0.0,0.15,192,0.5,0.35,0.1,"[1.0, 1.0]",adamw,none,5,2,192,0.001,0.0002,adaptive_w128_d6_se_stats,ok,,,,,,,,,
adaptive_resnet,multiview_zscore,10.0,none,multitask,multitask,jitter_scale,none,128,8,5,11,4,cycle,none,stats,0.0,0.15,192,0.5,0.35,0.1,"[1.0, 1.0]",adamw,none,5,2,192,0.001,0.0002,ARCH,adaptive_w128_d8_none_stats,I200_ARCH_025_1acdf38880,,,,,,,,,,1,0.692749752208244,13.10871410369873,8.758217811584473,10.933465957641602,13.10871410369873,16.639667510986328,11.25041961669922,0.5399928689002991,0.2250620573759079,0.3203317713644219,0.3930069401883501,0.7188661098480225,2965,13.608819961547852,9.317146301269531,403,28.261127471923828,17.788999557495117,3562,12.071505546569824,7.650744438171387,0.0,1.0,0.2365811965811965,0.4623931623931624,0.6541880341880342,0.3507692307692308,0.6572649572649573,0.8439316239316239,0.727995753288269,ARCH,adaptive_resnet,multiview_zscore,10.0,none,multitask,multitask,jitter_scale,none,314159,1540620,1540620,32971,5850,10.37964677810669,128,8,5,11,4,cycle,none,stats,0.0,0.15,192,0.5,0.35,0.1,"[1.0, 1.0]",adamw,none,5,2,192,0.001,0.0002,adaptive_w128_d8_none_stats,ok,,,,,,,,,
adaptive_resnet,multiview_zscore,10.0,none,multitask,multitask,jitter_scale,none,128,8,5,11,4,cycle,eca,stats,0.0,0.15,192,0.5,0.35,0.1,"[1.0, 1.0]",adamw,none,5,2,192,0.001,0.0002,ARCH,adaptive_w128_d8_eca_stats,I200_ARCH_026_c1eed577b0,,,,,,,,,,1,0.6904413724361464,13.03393840789795,8.698307037353516,10.86612319946289,13.03393840789795,16.574838638305664,11.20375919342041,-0.1459409743547439,0.0926413536071777,0.3194955484348101,0.3946694339652782,0.7143629789352417,2965,13.377756118774414,9.273369789123535,403,29.25822639465332,18.16238212585449,3562,11.86976432800293,7.53960657119751,0.0,1.0,0.2439316239316239,0.4618803418803419,0.66,0.352991452991453,0.6635897435897435,0.8456410256410256,0.7225690484046936,ARCH,adaptive_resnet,multiview_zscore,10.0,none,multitask,multitask,jitter_scale,none,314159,1540660,1540660,32971,5850,11.573569774627686,128,8,5,11,4,cycle,eca,stats,0.0,0.15,192,0.5,0.35,0.1,"[1.0, 1.0]",adamw,none,5,2,192,0.001,0.0002,adaptive_w128_d8_eca_stats,ok,,,,,,,,,
adaptive_resnet,multiview_zscore,10.0,none,multitask,multitask,jitter_scale,none,128,8,5,11,4,cycle,se,stats,0.0,0.15,192,0.5,0.35,0.1,"[1.0, 1.0]",adamw,none,5,2,192,0.001,0.0002,ARCH,adaptive_w128_d8_se_stats,I200_ARCH_027_7377792955,,,,,,,,,,1,0.6901287571635357,13.157431602478027,8.697322845458984,10.927377700805664,13.157431602478027,16.603830337524414,11.424543380737305,1.7130061388015747,-1.8694891929626465,0.3167743534498577,0.3849719106712402,0.7177577614784241,2965,14.083194732666016,8.146629333496094,403,27.530982971191406,19.8685302734375,3562,12.419950485229492,6.537016868591309,0.0,1.0,0.2358974358974359,0.4593162393162393,0.6535042735042735,0.3618803418803419,0.6748717948717948,0.8468376068376068,0.7186256647109985,ARCH,adaptive_resnet,multiview_zscore,10.0,none,multitask,multitask,jitter_scale,none,314159,1574540,1574540,32971,5850,11.75040364265442,128,8,5,11,4,cycle,se,stats,0.0,0.15,192,0.5,0.35,0.1,"[1.0, 1.0]",adamw,none,5,2,192,0.001,0.0002,adaptive_w128_d8_se_stats,ok,,,,,,,,,
adaptive_resnet,multiview_zscore,10.0,none,multitask,multitask,jitter_scale,none,160,4,5,11,4,cycle,none,stats,0.0,0.15,192,0.5,0.35,0.1,"[1.0, 1.0]",adamw,none,5,2,192,0.001,0.0002,ARCH,adaptive_w160_d4_none_stats,I200_ARCH_028_98a7a9be9a,,,,,,,,,,1,0.6999397232782009,13.077967643737791,8.624896049499512,10.851431846618652,13.077967643737791,16.695945739746094,11.34067153930664,-0.726617693901062,-1.413035869598389,0.3058090197120123,0.3903392145241662,0.7126178741455078,2965,13.182665824890137,8.26431655883789,403,30.066057205200195,19.588891983032227,3562,11.745335578918455,6.670746326446533,0.0,1.0,0.2456410256410256,0.4707692307692308,0.6565811965811966,0.3668376068376068,0.6772649572649573,0.8507692307692307,0.7096993923187256,ARCH,adaptive_resnet,multiview_zscore,10.0,none,multitask,multitask,jitter_scale,none,314159,1346472,1346472,32971,5850,8.69218111038208,160,4,5,11,4,cycle,none,stats,0.0,0.15,192,0.5,0.35,0.1,"[1.0, 1.0]",adamw,none,5,2,192,0.001,0.0002,adaptive_w160_d4_none_stats,ok,,,,,,,,,
adaptive_resnet,multiview_zscore,10.0,none,multitask,multitask,jitter_scale,none,160,4,5,11,4,cycle,eca,stats,0.0,0.15,192,0.5,0.35,0.1,"[1.0, 1.0]",adamw,none,5,2,192,0.001,0.0002,ARCH,adaptive_w160_d4_eca_stats,I200_ARCH_029_74d3352457,,,,,,,,,,1,0.7019577813009883,13.083688735961914,8.67963981628418,10.881664276123049,13.083688735961914,16.628978729248047,11.526572227478027,-0.5991321206092834,-2.489719152450561,0.307120588353174,0.3845793394340154,0.7149914503097534,2965,13.270829200744627,7.818332195281982,403,29.824935913085938,20.63169479370117,3562,11.79485034942627,6.226467609405518,0.0,1.0,0.2382905982905983,0.465982905982906,0.6593162393162393,0.3687179487179487,0.6753846153846154,0.844957264957265,0.7075823545455933,ARCH,adaptive_resnet,multiview_zscore,10.0,none,multitask,multitask,jitter_scale,none,314159,1346492,1346492,32971,5850,9.582022190093994,160,4,5,11,4,cycle,eca,stats,0.0,0.15,192,0.5,0.35,0.1,"[1.0, 1.0]",adamw,none,5,2,192,0.001,0.0002,adaptive_w160_d4_eca_stats,ok,,,,,,,,,
adaptive_resnet,multiview_zscore,10.0,none,multitask,multitask,jitter_scale,none,160,4,5,11,4,cycle,se,stats,0.0,0.15,192,0.5,0.35,0.1,"[1.0, 1.0]",adamw,none,5,2,192,0.001,0.0002,ARCH,adaptive_w160_d4_se_stats,I200_ARCH_030_d854d1468d,,,,,,,,,,1,0.7003337675055792,13.081053733825684,8.660514831542969,10.870784759521484,13.081053733825684,16.560422897338867,11.47445011138916,0.4377135932445526,-2.292808771133423,0.3129672479085428,0.3872570440959867,0.7141445875167847,2965,13.58930778503418,7.900100708007812,403,28.81428337097168,20.350732803344727,3562,12.023510932922363,6.306655406951904,0.0,1.0,0.2367521367521367,0.463076923076923,0.6536752136752136,0.3688888888888889,0.6776068376068376,0.8459829059829059,0.7099885940551758,ARCH,adaptive_resnet,multiview_zscore,10.0,none,multitask,multitask,jitter_scale,none,314159,1372792,1372792,32971,5850,9.653701066970823,160,4,5,11,4,cycle,se,stats,0.0,0.15,192,0.5,0.35,0.1,"[1.0, 1.0]",adamw,none,5,2,192,0.001,0.0002,adaptive_w160_d4_se_stats,ok,,,,,,,,,
adaptive_resnet,multiview_zscore,10.0,none,multitask,multitask,jitter_scale,none,160,6,5,11,4,cycle,none,stats,0.0,0.15,192,0.5,0.35,0.1,"[1.0, 1.0]",adamw,none,5,2,192,0.001,0.0002,ARCH,adaptive_w160_d6_none_stats,I200_ARCH_031_9b812a99a0,,,,,,,,,,1,0.6966329771418904,13.097084999084473,8.68406867980957,10.89057731628418,13.097084999084473,16.62581443786621,11.477493286132812,-0.4122412800788879,-2.105123281478882,0.3079886980018606,0.3846328192788529,0.715543270111084,2965,13.305214881896973,7.955751419067383,403,29.77935791015625,20.271730422973636,3562,11.808273315429688,6.41111421585083,0.0,1.0,0.2357264957264957,0.4641025641025641,0.658974358974359,0.3617094017094017,0.6767521367521367,0.8487179487179487,0.7096250653266907,ARCH,adaptive_resnet,multiview_zscore,10.0,none,multitask,multitask,jitter_scale,none,314159,1859754,1859754,32971,5850,11.843702793121338,160,6,5,11,4,cycle,none,stats,0.0,0.15,192,0.5,0.35,0.1,"[1.0, 1.0]",adamw,none,5,2,192,0.001,0.0002,adaptive_w160_d6_none_stats,ok,,,,,,,,,
adaptive_resnet,multiview_zscore,10.0,none,multitask,multitask,jitter_scale,none,160,6,5,11,4,cycle,eca,stats,0.0,0.15,192,0.5,0.35,0.1,"[1.0, 1.0]",adamw,none,5,2,192,0.001,0.0002,ARCH,adaptive_w160_d6_eca_stats,I200_ARCH_032_254a5f429f,,,,,,,,,,1,0.6922436959521715,13.081439971923828,8.645269393920898,10.863354682922363,13.081439971923828,16.599836349487305,11.368942260742188,0.5556098222732544,-1.5396621227264404,0.3147942274552284,0.3853159302417949,0.7135385870933533,2965,13.626351356506348,8.273870468139648,403,28.627422332763672,19.698575973510746,3562,12.048347473144531,6.652102470397949,0.0,1.0,0.2365811965811965,0.4622222222222222,0.6569230769230769,0.3605128205128205,0.6738461538461539,0.8475213675213675,0.7135715484619141,ARCH,adaptive_resnet,multiview_zscore,10.0,none,multitask,multitask,jitter_scale,none,314159,1859784,1859784,32971,5850,13.121421098709106,160,6,5,11,4,cycle,eca,stats,0.0,0.15,192,0.5,0.35,0.1,"[1.0, 1.0]",adamw,none,5,2,192,0.001,0.0002,adaptive_w160_d6_eca_stats,ok,,,,,,,,,
adaptive_resnet,multiview_zscore,10.0,none,multitask,multitask,jitter_scale,none,160,6,5,11,4,cycle,se,stats,0.0,0.15,192,0.5,0.35,0.1,"[1.0, 1.0]",adamw,none,5,2,192,0.001,0.0002,ARCH,adaptive_w160_d6_se_stats,I200_ARCH_033_0f34dac454,,,,,,,,,,1,0.6944844064324401,13.064051628112791,8.714947700500488,10.88949966430664,13.064051628112791,16.58180809020996,11.535974502563477,0.1005467101931572,-2.3717474937438965,0.3135067097365701,0.3825367821841635,0.7158735990524292,2965,13.465980529785156,7.880011081695557,403,28.954492568969727,20.376728057861328,3562,11.950675964355469,6.342033386230469,0.0,1.0,0.242051282051282,0.4644444444444444,0.657094017094017,0.3642735042735043,0.6758974358974359,0.8471794871794872,0.7102246284484863,ARCH,adaptive_resnet,multiview_zscore,10.0,none,multitask,multitask,jitter_scale,none,314159,1899234,1899234,32971,5850,13.283417463302612,160,6,5,11,4,cycle,se,stats,0.0,0.15,192,0.5,0.35,0.1,"[1.0, 1.0]",adamw,none,5,2,192,0.001,0.0002,adaptive_w160_d6_se_stats,ok,,,,,,,,,
adaptive_resnet,multiview_zscore,10.0,none,multitask,multitask,jitter_scale,none,160,8,5,11,4,cycle,none,stats,0.0,0.15,192,0.5,0.35,0.1,"[1.0, 1.0]",adamw,none,5,2,192,0.001,0.0002,ARCH,adaptive_w160_d8_none_stats,I200_ARCH_034_39d5865ade,,,,,,,,,,1,0.6959030798008276,13.066780090332031,8.644425392150879,10.855602264404297,13.066780090332031,16.599376678466797,11.251592636108398,0.1346780508756637,-0.5998733043670654,0.3109915441463831,0.3895525254562742,0.7130967378616333,2965,13.505688667297363,8.783734321594238,403,28.845006942749023,18.737552642822266,3562,11.961980819702148,7.086450576782227,0.0,1.0,0.2381196581196581,0.4649572649572649,0.6615384615384615,0.3596581196581196,0.6697435897435897,0.8485470085470086,0.7175573706626892,ARCH,adaptive_resnet,multiview_zscore,10.0,none,multitask,multitask,jitter_scale,none,314159,2373036,2373036,32971,5850,15.015260696411133,160,8,5,11,4,cycle,none,stats,0.0,0.15,192,0.5,0.35,0.1,"[1.0, 1.0]",adamw,none,5,2,192,0.001,0.0002,adaptive_w160_d8_none_stats,ok,,,,,,,,,
adaptive_resnet,multiview_zscore,10.0,none,multitask,multitask,jitter_scale,none,160,8,5,11,4,cycle,eca,stats,0.0,0.15,192,0.5,0.35,0.1,"[1.0, 1.0]",adamw,none,5,2,192,0.001,0.0002,ARCH,adaptive_w160_d8_eca_stats,I200_ARCH_035_853eef6ae1,,,,,,,,,,4,0.5946377767033355,13.268552780151367,8.52408218383789,10.896317481994627,13.268552780151367,16.860109329223633,11.249059677124023,-2.7351222038269043,-1.824729561805725,0.3156098819099481,0.4162920830422348,0.7138404846191406,2965,12.937593460083008,8.044471740722656,403,30.751522064208984,19.34271240234375,3562,11.70596408843994,6.4457879066467285,0.0074441687344913,0.9992656508169636,0.2367521367521367,0.4654700854700854,0.6473504273504274,0.3791452991452991,0.687008547008547,0.8550427350427351,0.7066891193389893,ARCH,adaptive_resnet,multiview_zscore,10.0,none,multitask,multitask,jitter_scale,none,314159,2373076,2373076,32971,5850,27.91711115837097,160,8,5,11,4,cycle,eca,stats,0.0,0.15,192,0.5,0.35,0.1,"[1.0, 1.0]",adamw,none,5,2,192,0.001,0.0002,adaptive_w160_d8_eca_stats,ok,,,,,,,,,
adaptive_resnet,multiview_zscore,10.0,none,multitask,multitask,jitter_scale,none,160,8,5,11,4,cycle,se,stats,0.0,0.15,192,0.5,0.35,0.1,"[1.0, 1.0]",adamw,none,5,2,192,0.001,0.0002,ARCH,adaptive_w160_d8_se_stats,I200_ARCH_036_2fdc7f862b,,,,,,,,,,1,0.6974503280118455,13.097559928894045,8.655098915100098,10.87632942199707,13.097559928894045,16.61896514892578,11.333134651184082,0.1285309791564941,-0.998317003250122,0.3152799839465937,0.3881250800842046,0.7143845558166504,2965,13.461483001708984,8.531689643859863,403,28.573347091674805,19.05261611938477,3562,11.97562026977539,6.956517696380615,0.0,1.0,0.2382905982905983,0.467008547008547,0.6588034188034187,0.3617094017094017,0.6711111111111111,0.8488888888888889,0.7156669497489929,ARCH,adaptive_resnet,multiview_zscore,10.0,none,multitask,multitask,jitter_scale,none,314159,2425676,2425676,32971,5850,16.93192458152771,160,8,5,11,4,cycle,se,stats,0.0,0.15,192,0.5,0.35,0.1,"[1.0, 1.0]",adamw,none,5,2,192,0.001,0.0002,adaptive_w160_d8_se_stats,ok,,,,,,,,,
adaptive_resnet,multiview_zscore,10.0,none,multitask,multitask,jitter_scale,none,96,6,5,11,4,cycle,eca,attention,0.0,0.15,192,0.5,0.35,0.1,"[1.0, 1.0]",adamw,none,5,2,192,0.001,0.0002,ARCH,adaptive_w96_d6_eca_attention,I200_ARCH_037_dd8572626e,,,,,,,,,,3,0.622387838225032,13.159823417663574,8.486937522888184,10.82338047027588,13.159823417663574,16.62689208984375,11.087614059448242,2.4530177116394043,-0.434797078371048,0.3295936660452141,0.4123113734581434,0.7093139290809631,2965,14.266440391540527,8.926137924194336,403,26.364501953125,18.614158630371094,3562,12.58108139038086,7.0960845947265625,0.0049627791563275,0.9968790159720948,0.2393162393162393,0.4553846153846154,0.6490598290598291,0.3714529914529914,0.6738461538461539,0.8523076923076923,0.7214499115943909,ARCH,adaptive_resnet,multiview_zscore,10.0,none,multitask,multitask,jitter_scale,none,314159,705721,705721,32971,5850,11.612242937088013,96,6,5,11,4,cycle,eca,attention,0.0,0.15,192,0.5,0.35,0.1,"[1.0, 1.0]",adamw,none,5,2,192,0.001,0.0002,adaptive_w96_d6_eca_attention,ok,,,,,,,,,
adaptive_resnet,multiview_zscore,10.0,none,multitask,multitask,jitter_scale,none,96,6,5,11,4,cycle,eca,gem,0.0,0.15,192,0.5,0.35,0.1,"[1.0, 1.0]",adamw,none,5,2,192,0.001,0.0002,ARCH,adaptive_w96_d6_eca_gem,I200_ARCH_038_ced99ae8f1,,,,,,,,,,4,0.6046598832621131,12.992587089538574,8.537137985229492,10.764862060546877,12.992587089538574,16.45684814453125,11.114828109741213,-1.382325530052185,-0.792944610118866,0.3289982275005208,0.4161774120082106,0.7066933512687683,2965,13.070436477661133,8.685407638549805,403,29.82318687438965,18.413663864135746,3562,11.656118392944336,6.980103969573975,0.0,1.0,0.2413675213675213,0.4748717948717949,0.6516239316239316,0.3697435897435897,0.6779487179487179,0.8514529914529915,0.7087340354919434,ARCH,adaptive_resnet,multiview_zscore,10.0,none,multitask,multitask,jitter_scale,none,314159,703369,703369,32971,5850,11.51237177848816,96,6,5,11,4,cycle,eca,gem,0.0,0.15,192,0.5,0.35,0.1,"[1.0, 1.0]",adamw,none,5,2,192,0.001,0.0002,adaptive_w96_d6_eca_gem,ok,,,,,,,,,
adaptive_resnet,multiview_zscore,10.0,none,multitask,multitask,jitter_scale,none,96,6,5,11,4,cycle,se,attention,0.0,0.15,192,0.5,0.35,0.1,"[1.0, 1.0]",adamw,none,5,2,192,0.001,0.0002,ARCH,adaptive_w96_d6_se_attention,I200_ARCH_039_705132b1ca,,,,,,,,,,4,0.6052353382110596,13.03386116027832,8.536373138427734,10.785117149353027,13.03386116027832,16.587173461914062,11.190884590148926,-1.9561450481414795,-1.135704755783081,0.3269023202731507,0.4159802018159807,0.7078103423118591,2965,12.9287691116333,8.38147258758545,403,30.10187721252441,18.603931427001957,3562,11.642870903015137,6.822700023651123,0.0074441687344913,0.9994492381127226,0.2437606837606837,0.4765811965811966,0.6502564102564102,0.3736752136752136,0.6758974358974359,0.8545299145299146,0.7055131196975708,ARCH,adaptive_resnet,multiview_zscore,10.0,none,multitask,multitask,jitter_scale,none,314159,720163,720163,32971,5850,11.747235298156738,96,6,5,11,4,cycle,se,attention,0.0,0.15,192,0.5,0.35,0.1,"[1.0, 1.0]",adamw,none,5,2,192,0.001,0.0002,adaptive_w96_d6_se_attention,ok,,,,,,,,,
adaptive_resnet,multiview_zscore,10.0,none,multitask,multitask,jitter_scale,none,96,6,5,11,4,cycle,se,gem,0.0,0.15,192,0.5,0.35,0.1,"[1.0, 1.0]",adamw,none,5,2,192,0.001,0.0002,ARCH,adaptive_w96_d6_se_gem,I200_ARCH_040_c6a47ec132,,,,,,,,,,4,0.6034477701367333,12.97633934020996,8.588705062866211,10.782522201538086,12.97633934020996,16.551658630371094,11.138127326965332,-1.312225103378296,-0.3348535597324371,0.3352038096690661,0.4224650531175803,0.7083274126052856,2965,13.037818908691406,8.807945251464844,403,29.06305503845215,17.63010025024414,3562,11.691566467285156,7.257230758666992,0.0049627791563275,0.9985313016339268,0.2476923076923076,0.4758974358974359,0.6567521367521367,0.3675213675213675,0.6735042735042736,0.8482051282051282,0.7109720706939697,ARCH,adaptive_resnet,multiview_zscore,10.0,none,multitask,multitask,jitter_scale,none,314159,717811,717811,32971,5850,11.731131076812744,96,6,5,11,4,cycle,se,gem,0.0,0.15,192,0.5,0.35,0.1,"[1.0, 1.0]",adamw,none,5,2,192,0.001,0.0002,adaptive_w96_d6_se_gem,ok,,,,,,,,,
adaptive_resnet,multiview_zscore,10.0,none,multitask,multitask,jitter_scale,none,96,8,5,11,4,cycle,eca,attention,0.0,0.15,192,0.5,0.35,0.1,"[1.0, 1.0]",adamw,none,5,2,192,0.001,0.0002,ARCH,adaptive_w96_d8_eca_attention,I200_ARCH_041_5394787084,,,,,,,,,,1,0.6932908778273782,13.083317756652832,8.684718132019043,10.884017944335938,13.083317756652832,16.67844581604004,11.45788288116455,-0.6551639437675476,-1.9454525709152224,0.3041826144549581,0.3840227065322042,0.715186595916748,2965,13.280767440795898,8.0549955368042,403,29.884639739990234,20.041202545166016,3562,11.800437927246094,6.501036643981934,0.0,1.0,0.2447863247863247,0.4707692307692308,0.6581196581196581,0.3606837606837607,0.6784615384615384,0.8480341880341881,0.7101912498474121,ARCH,adaptive_resnet,multiview_zscore,10.0,none,multitask,multitask,jitter_scale,none,314159,890821,890821,32971,5850,8.54751968383789,96,8,5,11,4,cycle,eca,attention,0.0,0.15,192,0.5,0.35,0.1,"[1.0, 1.0]",adamw,none,5,2,192,0.001,0.0002,adaptive_w96_d8_eca_attention,ok,,,,,,,,,
adaptive_resnet,multiview_zscore,10.0,none,multitask,multitask,jitter_scale,none,96,8,5,11,4,cycle,eca,gem,0.0,0.15,192,0.5,0.35,0.1,"[1.0, 1.0]",adamw,none,5,2,192,0.001,0.0002,ARCH,adaptive_w96_d8_eca_gem,I200_ARCH_042_5f3d5eec56,,,,,,,,,,1,0.6899777578060017,13.070945739746094,8.685091018676758,10.878018379211426,13.070945739746094,16.603242874145508,11.499539375305176,0.7184131145477295,-2.35194730758667,0.3086734768844254,0.3899860983880338,0.7148575782775879,2965,13.64625358581543,7.916225910186768,403,28.654037475585938,20.404296875,3562,12.083767890930176,6.351558208465576,0.0,1.0,0.2353846153846154,0.4687179487179487,0.6581196581196581,0.3709401709401709,0.6764102564102564,0.8466666666666667,0.7110823392868042,ARCH,adaptive_resnet,multiview_zscore,10.0,none,multitask,multitask,jitter_scale,none,314159,888469,888469,32971,5850,8.457747220993042,96,8,5,11,4,cycle,eca,gem,0.0,0.15,192,0.5,0.35,0.1,"[1.0, 1.0]",adamw,none,5,2,192,0.001,0.0002,adaptive_w96_d8_eca_gem,ok,,,,,,,,,
adaptive_resnet,multiview_zscore,10.0,none,multitask,multitask,jitter_scale,none,96,8,5,11,4,cycle,se,attention,0.0,0.15,192,0.5,0.35,0.1,"[1.0, 1.0]",adamw,none,5,2,192,0.001,0.0002,ARCH,adaptive_w96_d8_se_attention,I200_ARCH_043_84f766b076,,,,,,,,,,1,0.6915284703637279,13.1072359085083,8.655441284179688,10.881338119506836,13.1072359085083,16.70479393005371,11.364845275878906,-1.0228135585784912,-1.3635616302490234,0.3048870705479805,0.3861275271409821,0.714667558670044,2965,13.165712356567385,8.343503952026367,403,30.229887008666992,19.57932472229004,3562,11.724723815917969,6.757599830627441,0.0,1.0,0.2394871794871794,0.4700854700854701,0.6582905982905983,0.3635897435897436,0.6772649572649573,0.8476923076923077,0.7119195461273193,ARCH,adaptive_resnet,multiview_zscore,10.0,none,multitask,multitask,jitter_scale,none,314159,910077,910077,32971,5850,8.721760988235474,96,8,5,11,4,cycle,se,attention,0.0,0.15,192,0.5,0.35,0.1,"[1.0, 1.0]",adamw,none,5,2,192,0.001,0.0002,adaptive_w96_d8_se_attention,ok,,,,,,,,,
adaptive_resnet,multiview_zscore,10.0,none,multitask,multitask,jitter_scale,none,96,8,5,11,4,cycle,se,gem,0.0,0.15,192,0.5,0.35,0.1,"[1.0, 1.0]",adamw,none,5,2,192,0.001,0.0002,ARCH,adaptive_w96_d8_se_gem,I200_ARCH_044_d639e0c279,,,,,,,,,,1,0.6896596959857053,13.068429946899414,8.646812438964844,10.857621192932127,13.068429946899414,16.608280181884766,11.40309238433838,0.6217380166053772,-1.939205765724182,0.3124385452012742,0.3927573161042776,0.7132391929626465,2965,13.600634574890137,8.086621284484863,403,28.50106811523437,19.94882202148437,3562,12.069780349731444,6.515062808990479,0.0,1.0,0.2393162393162393,0.4675213675213675,0.657094017094017,0.3642735042735043,0.6774358974358974,0.8492307692307692,0.7112745642662048,ARCH,adaptive_resnet,multiview_zscore,10.0,none,multitask,multitask,jitter_scale,none,314159,907725,907725,32971,5850,8.685988187789917,96,8,5,11,4,cycle,se,gem,0.0,0.15,192,0.5,0.35,0.1,"[1.0, 1.0]",adamw,none,5,2,192,0.001,0.0002,adaptive_w96_d8_se_gem,ok,,,,,,,,,
adaptive_resnet,multiview_zscore,10.0,none,multitask,multitask,jitter_scale,none,128,6,5,11,4,cycle,eca,attention,0.0,0.15,192,0.5,0.35,0.1,"[1.0, 1.0]",adamw,none,5,2,192,0.001,0.0002,ARCH,adaptive_w128_d6_eca_attention,I200_ARCH_045_732c66f764,,,,,,,,,,1,0.7012832154368245,13.069344520568848,8.613481521606445,10.841413497924805,13.069344520568848,16.61258888244629,11.310639381408691,-0.1582489758729934,-1.284588098526001,0.3042786869805696,0.394490383579072,0.7119163274765015,2965,13.440277099609377,8.387510299682617,403,29.65669250488281,19.24616050720215,3562,11.887069702148438,6.809523582458496,0.0,1.0,0.2365811965811965,0.4649572649572649,0.6557264957264958,0.3654700854700854,0.6779487179487179,0.8494017094017094,0.7122102379798889,ARCH,adaptive_resnet,multiview_zscore,10.0,none,multitask,multitask,jitter_scale,none,314159,1216105,1216105,32971,5850,9.429659843444824,128,6,5,11,4,cycle,eca,attention,0.0,0.15,192,0.5,0.35,0.1,"[1.0, 1.0]",adamw,none,5,2,192,0.001,0.0002,adaptive_w128_d6_eca_attention,ok,,,,,,,,,
adaptive_resnet,multiview_zscore,10.0,none,multitask,multitask,jitter_scale,none,128,6,5,11,4,cycle,eca,gem,0.0,0.15,192,0.5,0.35,0.1,"[1.0, 1.0]",adamw,none,5,2,192,0.001,0.0002,ARCH,adaptive_w128_d6_eca_gem,I200_ARCH_046_56cfb6ad83,,,,,,,,,,2,0.6428607632947523,13.105581283569336,8.577800750732422,10.84169101715088,13.105581283569336,16.605741500854492,11.395092964172363,-0.6182978749275208,-1.830191254615784,0.3050693047507267,0.3992770108831666,0.7114808559417725,2965,13.383402824401855,7.968249320983887,403,29.92025375366211,19.87300109863281,3562,11.821565628051758,6.44044828414917,0.0024813895781637,0.9998164127042408,0.2379487179487179,0.4637606837606837,0.6492307692307693,0.378974358974359,0.6803418803418804,0.8504273504273504,0.707248330116272,ARCH,adaptive_resnet,multiview_zscore,10.0,none,multitask,multitask,jitter_scale,none,314159,1211945,1211945,32971,5850,12.522060632705688,128,6,5,11,4,cycle,eca,gem,0.0,0.15,192,0.5,0.35,0.1,"[1.0, 1.0]",adamw,none,5,2,192,0.001,0.0002,adaptive_w128_d6_eca_gem,ok,,,,,,,,,
adaptive_resnet,multiview_zscore,10.0,none,multitask,multitask,jitter_scale,none,128,6,5,11,4,cycle,se,attention,0.0,0.15,192,0.5,0.35,0.1,"[1.0, 1.0]",adamw,none,5,2,192,0.001,0.0002,ARCH,adaptive_w128_d6_se_attention,I200_ARCH_047_8d0da52d33,,,,,,,,,,1,0.7011942620887313,13.069337844848633,8.614574432373047,10.84195613861084,13.069337844848633,16.572317123413086,11.239361763000488,0.3049165606498718,-0.7033958435058594,0.3130685047275593,0.3966657525800274,0.7119603753089905,2965,13.57125473022461,8.727368354797363,403,28.92961883544922,18.66263961791992,3562,12.000678062438965,7.127227783203125,0.0,1.0,0.2345299145299145,0.4642735042735043,0.6557264957264958,0.3586324786324786,0.6745299145299145,0.8452991452991453,0.716590940952301,ARCH,adaptive_resnet,multiview_zscore,10.0,none,multitask,multitask,jitter_scale,none,314159,1241515,1241515,32971,5850,9.567831754684448,128,6,5,11,4,cycle,se,attention,0.0,0.15,192,0.5,0.35,0.1,"[1.0, 1.0]",adamw,none,5,2,192,0.001,0.0002,adaptive_w128_d6_se_attention,ok,,,,,,,,,
adaptive_resnet,multiview_zscore,10.0,none,multitask,multitask,jitter_scale,none,128,6,5,11,4,cycle,se,gem,0.0,0.15,192,0.5,0.35,0.1,"[1.0, 1.0]",adamw,none,5,2,192,0.001,0.0002,ARCH,adaptive_w128_d6_se_gem,I200_ARCH_048_53423d5b33,,,,,,,,,,1,0.6971604266138964,13.14966869354248,8.58155345916748,10.86561107635498,13.14966869354248,16.59447479248047,11.199567794799805,1.686237931251526,-0.8373295664787292,0.3150446414044618,0.3984846438046718,0.7128588557243347,2965,14.061046600341797,8.670061111450195,403,27.7672176361084,19.1223201751709,3562,12.383831024169922,6.96218729019165,0.0,1.0,0.2343589743589743,0.4588034188034188,0.6499145299145299,0.3593162393162393,0.6757264957264957,0.8504273504273504,0.7200908064842224,ARCH,adaptive_resnet,multiview_zscore,10.0,none,multitask,multitask,jitter_scale,none,314159,1237355,1237355,32971,5850,9.56313705444336,128,6,5,11,4,cycle,se,gem,0.0,0.15,192,0.5,0.35,0.1,"[1.0, 1.0]",adamw,none,5,2,192,0.001,0.0002,adaptive_w128_d6_se_gem,ok,,,,,,,,,
morphology_resnet,multiview_zscore,10.0,none,multitask,multitask,jitter_scale,none,64,6,5,11,4,cycle,eca,stats,0.0,0.15,192,0.5,0.35,0.1,"[1.0, 1.0]",adamw,none,5,2,192,0.001,0.0002,ARCH,morphology_w64_eca_stats,I200_ARCH_049_3c908901b6,,,,,,,,,,2,0.6433145764262177,13.025069236755373,8.609720230102539,10.817394256591797,13.025069236755373,16.6453857421875,11.372597694396973,-0.6033281683921814,-1.4083256721496582,0.3148128066339095,0.4022095640586886,0.7105327844619751,2965,13.22137451171875,8.249772071838379,403,29.77605628967285,19.38089942932129,3562,11.76766300201416,6.742007732391357,0.0,0.9998164127042408,0.2499145299145299,0.4741880341880342,0.6558974358974359,0.3765811965811966,0.6757264957264957,0.8499145299145299,0.7082576751708984,ARCH,morphology_resnet,multiview_zscore,10.0,none,multitask,multitask,jitter_scale,none,314159,333376,333376,32971,5850,9.082385778427124,64,6,5,11,4,cycle,eca,stats,0.0,0.15,192,0.5,0.35,0.1,"[1.0, 1.0]",adamw,none,5,2,192,0.001,0.0002,morphology_w64_eca_stats,ok,,,,,,,,,
morphology_resnet,multiview_zscore,10.0,none,multitask,multitask,jitter_scale,none,64,6,5,11,4,cycle,se,stats,0.0,0.15,192,0.5,0.35,0.1,"[1.0, 1.0]",adamw,none,5,2,192,0.001,0.0002,ARCH,morphology_w64_se_stats,I200_ARCH_050_c781a39749,,,,,,,,,,1,0.695543501612752,13.063840866088867,8.626954078674316,10.84539794921875,13.063840866088867,16.58991813659668,11.294384956359863,-0.1335920393466949,-1.0669901371002195,0.3083629084695468,0.3862720167181257,0.7123082876205444,2965,13.510845184326172,8.578437805175781,403,29.724706649780277,19.413265228271484,3562,11.954221725463867,6.87001895904541,0.0,1.0,0.2343589743589743,0.4676923076923077,0.6524786324786325,0.3630769230769231,0.6755555555555556,0.8468376068376068,0.7149256467819214,ARCH,morphology_resnet,multiview_zscore,10.0,none,multitask,multitask,jitter_scale,none,314159,339922,339922,32971,5850,6.945768117904663,64,6,5,11,4,cycle,se,stats,0.0,0.15,192,0.5,0.35,0.1,"[1.0, 1.0]",adamw,none,5,2,192,0.001,0.0002,morphology_w64_se_stats,ok,,,,,,,,,
morphology_resnet,multiview_zscore,10.0,none,multitask,multitask,jitter_scale,none,64,6,5,11,4,cycle,eca,attention,0.0,0.15,192,0.5,0.35,0.1,"[1.0, 1.0]",adamw,none,5,2,192,0.001,0.0002,ARCH,morphology_w64_eca_attention,I200_ARCH_051_79a6655a84,,,,,,,,,,2,0.6470423649216808,12.985273361206056,8.49242877960205,10.738851547241213,12.985273361206056,16.479578018188477,11.239731788635254,-0.689744770526886,-1.55137836933136,0.3210572029094161,0.4091581398861936,0.704681396484375,2965,13.151655197143556,8.174378395080566,403,30.06651306152344,19.709964752197266,3562,11.687846183776855,6.547467231750488,0.0,1.0,0.2434188034188034,0.4702564102564102,0.6562393162393162,0.3747008547008547,0.6876923076923077,0.8514529914529915,0.7026218771934509,ARCH,morphology_resnet,multiview_zscore,10.0,none,multitask,multitask,jitter_scale,none,314159,334433,334433,32971,5850,9.2678701877594,64,6,5,11,4,cycle,eca,attention,0.0,0.15,192,0.5,0.35,0.1,"[1.0, 1.0]",adamw,none,5,2,192,0.001,0.0002,morphology_w64_eca_attention,ok,,,,,,,,,
morphology_resnet,multiview_zscore,10.0,none,multitask,multitask,jitter_scale,none,64,6,5,11,4,cycle,se,attention,0.0,0.15,192,0.5,0.35,0.1,"[1.0, 1.0]",adamw,none,5,2,192,0.001,0.0002,ARCH,morphology_w64_se_attention,I200_ARCH_052_5044c85b97,,,,,,,,,,2,0.6457581440376681,12.98794174194336,8.547514915466309,10.767728805541992,12.98794174194336,16.460826873779297,11.281469345092772,-0.0126975867897272,-1.4270342588424685,0.322264164787706,0.4001524858409823,0.7069839239120483,2965,13.356749534606934,8.285704612731934,403,29.49498176574707,19.69573211669922,3562,11.808098793029783,6.6401047706604,0.0,1.0,0.2415384615384615,0.4654700854700854,0.6523076923076923,0.3728205128205128,0.681025641025641,0.8500854700854701,0.7069005966186523,ARCH,morphology_resnet,multiview_zscore,10.0,none,multitask,multitask,jitter_scale,none,314159,340979,340979,32971,5850,9.448053121566772,64,6,5,11,4,cycle,se,attention,0.0,0.15,192,0.5,0.35,0.1,"[1.0, 1.0]",adamw,none,5,2,192,0.001,0.0002,morphology_w64_se_attention,ok,,,,,,,,,
morphology_resnet,multiview_zscore,10.0,none,multitask,multitask,jitter_scale,none,96,6,5,11,4,cycle,eca,stats,0.0,0.15,192,0.5,0.35,0.1,"[1.0, 1.0]",adamw,none,5,2,192,0.001,0.0002,ARCH,morphology_w96_eca_stats,I200_ARCH_053_ccf610cb46,,,,,,,,,,2,0.6475014596484429,13.061781883239746,8.678659439086914,10.870220184326172,13.061781883239746,16.57018280029297,11.449138641357422,0.0964644253253936,-1.7369651794433594,0.3141546648334258,0.3936410650931997,0.7143425345420837,2965,13.468932151794434,8.07063102722168,403,29.182796478271484,19.436372756958008,3562,11.918731689453123,6.582771301269531,0.0,1.0,0.2394871794871794,0.4663247863247863,0.6488888888888888,0.3758974358974359,0.6765811965811965,0.8492307692307692,0.7110246419906616,ARCH,morphology_resnet,multiview_zscore,10.0,none,multitask,multitask,jitter_scale,none,314159,702208,702208,32971,5850,9.168403148651125,96,6,5,11,4,cycle,eca,stats,0.0,0.15,192,0.5,0.35,0.1,"[1.0, 1.0]",adamw,none,5,2,192,0.001,0.0002,morphology_w96_eca_stats,ok,,,,,,,,,
morphology_resnet,multiview_zscore,10.0,none,multitask,multitask,jitter_scale,none,96,6,5,11,4,cycle,se,stats,0.0,0.15,192,0.5,0.35,0.1,"[1.0, 1.0]",adamw,none,5,2,192,0.001,0.0002,ARCH,morphology_w96_se_stats,I200_ARCH_054_11a301aeaa,,,,,,,,,,3,0.6266439179348391,13.216314315795898,8.553709030151367,10.885011672973633,13.216314315795898,16.708341598510742,11.190741539001465,2.092905044555664,-0.7417186498641968,0.313536501499418,0.3951743563837159,0.7135860919952393,2965,14.219232559204102,8.848954200744629,403,27.1235408782959,19.29820442199707,3562,12.54338550567627,6.908835887908936,0.0148883374689826,0.9976133651551312,0.2335042735042735,0.4584615384615385,0.6449572649572649,0.3664957264957265,0.6717948717948717,0.8548717948717949,0.723545253276825,ARCH,morphology_resnet,multiview_zscore,10.0,none,multitask,multitask,jitter_scale,none,314159,716650,716650,32971,5850,11.688035488128662,96,6,5,11,4,cycle,se,stats,0.0,0.15,192,0.5,0.35,0.1,"[1.0, 1.0]",adamw,none,5,2,192,0.001,0.0002,morphology_w96_se_stats,ok,,,,,,,,,
morphology_resnet,multiview_zscore,10.0,none,multitask,multitask,jitter_scale,none,96,6,5,11,4,cycle,eca,attention,0.0,0.15,192,0.5,0.35,0.1,"[1.0, 1.0]",adamw,none,5,2,192,0.001,0.0002,ARCH,morphology_w96_eca_attention,I200_ARCH_055_27730cb7fa,,,,,,,,,,4,0.6004531806291535,13.143056869506836,8.4495210647583,10.796289443969728,13.143056869506836,16.700063705444336,11.067944526672363,-0.125918298959732,-0.9624046683311462,0.3088983667936644,0.4281324970165226,0.707334041595459,2965,13.44525146484375,8.441912651062012,403,28.62471008300781,18.58542823791504,3562,12.065173149108888,6.825368404388428,0.0,0.9988984762254453,0.2461538461538461,0.4699145299145299,0.6451282051282051,0.3781196581196581,0.6864957264957265,0.8524786324786324,0.7093583345413208,ARCH,morphology_resnet,multiview_zscore,10.0,none,multitask,multitask,jitter_scale,none,314159,704561,704561,32971,5850,11.669041395187378,96,6,5,11,4,cycle,eca,attention,0.0,0.15,192,0.5,0.35,0.1,"[1.0, 1.0]",adamw,none,5,2,192,0.001,0.0002,morphology_w96_eca_attention,ok,,,,,,,,,
morphology_resnet,multiview_zscore,10.0,none,multitask,multitask,jitter_scale,none,96,6,5,11,4,cycle,se,attention,0.0,0.15,192,0.5,0.35,0.1,"[1.0, 1.0]",adamw,none,5,2,192,0.001,0.0002,ARCH,morphology_w96_se_attention,I200_ARCH_056_338e357fc6,,,,,,,,,,4,0.6001311162876528,13.157917976379396,8.52132511138916,10.839621543884276,13.157917976379396,16.79463768005371,11.13465690612793,-1.2108262777328491,-0.8865335583686829,0.3195564515038011,0.4216133233773158,0.7106519937515259,2965,13.178582191467283,8.541582107543945,403,29.06627082824707,18.300819396972656,3562,11.920570373535156,6.951342582702637,0.0074441687344913,0.9981641270424086,0.2500854700854701,0.4676923076923077,0.643931623931624,0.3735042735042735,0.68,0.8499145299145299,0.7110005617141724,ARCH,morphology_resnet,multiview_zscore,10.0,none,multitask,multitask,jitter_scale,none,314159,719003,719003,32971,5850,11.918214082717896,96,6,5,11,4,cycle,se,attention,0.0,0.15,192,0.5,0.35,0.1,"[1.0, 1.0]",adamw,none,5,2,192,0.001,0.0002,morphology_w96_se_attention,ok,,,,,,,,,
morphology_resnet,multiview_zscore,10.0,none,multitask,multitask,jitter_scale,none,128,6,5,11,4,cycle,eca,stats,0.0,0.15,192,0.5,0.35,0.1,"[1.0, 1.0]",adamw,none,5,2,192,0.001,0.0002,ARCH,morphology_w128_eca_stats,I200_ARCH_057_ee9c02f433,,,,,,,,,,2,0.6489431262016296,13.126662254333496,8.616823196411133,10.871742248535156,13.126662254333496,16.579872131347656,11.482918739318848,0.6995030641555786,-2.3091673851013184,0.3120540058661326,0.3969980432076461,0.7136456966400146,2965,13.733856201171877,7.791965961456299,403,28.71177673339844,20.21568298339844,3562,12.13217067718506,6.276495933532715,0.0,0.9998164127042408,0.2381196581196581,0.4637606837606837,0.6497435897435897,0.3801709401709401,0.6752136752136753,0.8500854700854701,0.7095259428024292,ARCH,morphology_resnet,multiview_zscore,10.0,none,multitask,multitask,jitter_scale,none,314159,1210304,1210304,32971,5850,12.420141696929932,128,6,5,11,4,cycle,eca,stats,0.0,0.15,192,0.5,0.35,0.1,"[1.0, 1.0]",adamw,none,5,2,192,0.001,0.0002,morphology_w128_eca_stats,ok,,,,,,,,,
morphology_resnet,multiview_zscore,10.0,none,multitask,multitask,jitter_scale,none,128,6,5,11,4,cycle,se,stats,0.0,0.15,192,0.5,0.35,0.1,"[1.0, 1.0]",adamw,none,5,2,192,0.001,0.0002,ARCH,morphology_w128_se_stats,I200_ARCH_058_3835373060,,,,,,,,,,2,0.6491382059662841,13.064807891845703,8.616045951843262,10.84042739868164,13.064807891845703,16.625484466552734,11.441059112548828,-0.8292626738548279,-1.9250787496566768,0.3080861942605006,0.3938632006681651,0.7118939161300659,2965,13.22933578491211,7.953792095184326,403,30.25867462158203,19.96082305908203,3562,11.74671459197998,6.429113864898682,0.0,1.0,0.2442735042735042,0.4694017094017094,0.6533333333333333,0.376068376068376,0.6753846153846154,0.8507692307692307,0.7063406109809875,ARCH,morphology_resnet,multiview_zscore,10.0,none,multitask,multitask,jitter_scale,none,314159,1235714,1235714,32971,5850,12.585123538970947,128,6,5,11,4,cycle,se,stats,0.0,0.15,192,0.5,0.35,0.1,"[1.0, 1.0]",adamw,none,5,2,192,0.001,0.0002,morphology_w128_se_stats,ok,,,,,,,,,
morphology_resnet,multiview_zscore,10.0,none,multitask,multitask,jitter_scale,none,128,6,5,11,4,cycle,eca,attention,0.0,0.15,192,0.5,0.35,0.1,"[1.0, 1.0]",adamw,none,5,2,192,0.001,0.0002,ARCH,morphology_w128_eca_attention,I200_ARCH_059_54930088fe,,,,,,,,,,4,0.6063426351824472,13.082812309265137,8.499631881713867,10.791221618652344,13.082812309265137,16.662336349487305,11.047086715698242,-1.7202352285385132,-0.5123135447502136,0.3321922809965109,0.430760148252086,0.7076855897903442,2965,12.907638549804688,8.643684387207031,403,29.492095947265625,17.723617553710938,3562,11.703953742980955,7.07234001159668,0.0049627791563275,0.9985313016339268,0.2471794871794871,0.472991452991453,0.6482051282051282,0.374017094017094,0.6755555555555556,0.8523076923076923,0.7079243659973145,ARCH,morphology_resnet,multiview_zscore,10.0,none,multitask,multitask,jitter_scale,none,314159,1214465,1214465,32971,5850,15.76400876045227,128,6,5,11,4,cycle,eca,attention,0.0,0.15,192,0.5,0.35,0.1,"[1.0, 1.0]",adamw,none,5,2,192,0.001,0.0002,morphology_w128_eca_attention,ok,,,,,,,,,
morphology_resnet,multiview_zscore,10.0,none,multitask,multitask,jitter_scale,none,128,6,5,11,4,cycle,se,attention,0.0,0.15,192,0.5,0.35,0.1,"[1.0, 1.0]",adamw,none,5,2,192,0.001,0.0002,ARCH,morphology_w128_se_attention,I200_ARCH_060_0d813cd0a4,,,,,,,,,,2,0.6479542868774991,13.036705017089844,8.596341133117676,10.816522598266602,13.036705017089844,16.596168518066406,11.40518283843994,-1.3219749927520752,-2.1876673698425293,0.3089770879941871,0.4029059028053852,0.7103152275085449,2965,13.041107177734377,7.828547954559326,403,30.833080291748047,20.117355346679688,3562,11.574725151062012,6.291230201721191,0.0,1.0,0.2429059829059829,0.4711111111111111,0.6569230769230769,0.3781196581196581,0.6794871794871795,0.8494017094017094,0.7025812864303589,ARCH,morphology_resnet,multiview_zscore,10.0,none,multitask,multitask,jitter_scale,none,314159,1239875,1239875,32971,5850,12.797652959823608,128,6,5,11,4,cycle,se,attention,0.0,0.15,192,0.5,0.35,0.1,"[1.0, 1.0]",adamw,none,5,2,192,0.001,0.0002,morphology_w128_se_attention,ok,,,,,,,,,
morphology_resnet,multiview_zscore,10.0,none,multitask,multitask,jitter_scale,none,160,6,5,11,4,cycle,eca,stats,0.0,0.15,192,0.5,0.35,0.1,"[1.0, 1.0]",adamw,none,5,2,192,0.001,0.0002,ARCH,morphology_w160_eca_stats,I200_ARCH_061_da08e0da96,,,,,,,,,,4,0.6034290617288545,13.173702239990234,8.560257911682129,10.866979598999023,13.173702239990234,16.72886848449707,11.123324394226074,-1.5378340482711792,-0.4716081619262695,0.3187218710306381,0.4235391732180659,0.7126657962799072,2965,13.118741035461426,8.759610176086426,403,29.365428924560547,17.779884338378906,3562,11.88178539276123,7.186187744140625,0.0148883374689826,0.997246190563613,0.241025641025641,0.4675213675213675,0.642051282051282,0.3678632478632478,0.6770940170940171,0.8451282051282051,0.7142996788024902,ARCH,morphology_resnet,multiview_zscore,10.0,none,multitask,multitask,jitter_scale,none,314159,1857664,1857664,32971,5850,22.102245807647705,160,6,5,11,4,cycle,eca,stats,0.0,0.15,192,0.5,0.35,0.1,"[1.0, 1.0]",adamw,none,5,2,192,0.001,0.0002,morphology_w160_eca_stats,ok,,,,,,,,,
morphology_resnet,multiview_zscore,10.0,none,multitask,multitask,jitter_scale,none,160,6,5,11,4,cycle,se,stats,0.0,0.15,192,0.5,0.35,0.1,"[1.0, 1.0]",adamw,none,5,2,192,0.001,0.0002,ARCH,morphology_w160_se_stats,I200_ARCH_062_144e74c5b2,,,,,,,,,,2,0.6478180126395336,12.995384216308594,8.653627395629883,10.824505805969238,12.995384216308594,16.513277053833008,11.542402267456056,-0.7576903104782104,-2.4438397884368896,0.3175118435288359,0.3921754175249378,0.7114832997322083,2965,13.184715270996094,7.760371208190918,403,30.06512260437012,20.399980545043945,3562,11.69522762298584,6.250126838684082,0.0,1.0,0.24,0.4719658119658119,0.657094017094017,0.3767521367521367,0.6753846153846154,0.8514529914529915,0.703766405582428,ARCH,morphology_resnet,multiview_zscore,10.0,none,multitask,multitask,jitter_scale,none,314159,1897114,1897114,32971,5850,17.893930435180664,160,6,5,11,4,cycle,se,stats,0.0,0.15,192,0.5,0.35,0.1,"[1.0, 1.0]",adamw,none,5,2,192,0.001,0.0002,morphology_w160_se_stats,ok,,,,,,,,,
morphology_resnet,multiview_zscore,10.0,none,multitask,multitask,jitter_scale,none,160,6,5,11,4,cycle,eca,attention,0.0,0.15,192,0.5,0.35,0.1,"[1.0, 1.0]",adamw,none,5,2,192,0.001,0.0002,ARCH,morphology_w160_eca_attention,I200_ARCH_063_1975c0590c,,,,,,,,,,2,0.6464341508094654,13.094454765319824,8.616823196411133,10.85563850402832,13.094454765319824,16.691333770751953,11.46245574951172,-1.6098408699035645,-2.0348620414733887,0.305905767073904,0.3977941206065292,0.7127498984336853,2965,12.997578620910645,7.88236141204834,403,30.90041160583496,20.071929931640625,3562,11.595980644226074,6.375298500061035,0.0074441687344913,0.9990820635212044,0.2417094017094017,0.4741880341880342,0.6507692307692308,0.3786324786324786,0.6808547008547009,0.849059829059829,0.7046488523483276,ARCH,morphology_resnet,multiview_zscore,10.0,none,multitask,multitask,jitter_scale,none,314159,1864145,1864145,32971,5850,17.874558210372925,160,6,5,11,4,cycle,eca,attention,0.0,0.15,192,0.5,0.35,0.1,"[1.0, 1.0]",adamw,none,5,2,192,0.001,0.0002,morphology_w160_eca_attention,ok,,,,,,,,,
morphology_resnet,multiview_zscore,10.0,none,multitask,multitask,jitter_scale,none,160,6,5,11,4,cycle,se,attention,0.0,0.15,192,0.5,0.35,0.1,"[1.0, 1.0]",adamw,none,5,2,192,0.001,0.0002,ARCH,morphology_w160_se_attention,I200_ARCH_064_6008f5a3b1,,,,,,,,,,2,0.6465451460938121,13.050644874572754,8.645495414733887,10.84807014465332,13.050644874572754,16.618026733398438,11.500547409057615,-1.2862002849578855,-2.222130060195923,0.3069935934328671,0.394241527087407,0.7126912474632263,2965,13.07088851928711,7.824819564819336,403,30.653383255004883,20.3033447265625,3562,11.636314392089844,6.314182281494141,0.0024813895781637,0.9998164127042408,0.2441025641025641,0.4709401709401709,0.6535042735042735,0.3788034188034188,0.6757264957264957,0.849059829059829,0.7045326232910156,ARCH,morphology_resnet,multiview_zscore,10.0,none,multitask,multitask,jitter_scale,none,314159,1903595,1903595,32971,5850,18.120803594589237,160,6,5,11,4,cycle,se,attention,0.0,0.15,192,0.5,0.35,0.1,"[1.0, 1.0]",adamw,none,5,2,192,0.001,0.0002,morphology_w160_se_attention,ok,,,,,,,,,
longconv,multiview_zscore,10.0,none,multitask,multitask,jitter_scale,none,64,4,15,11,4,cycle,eca,attention,0.0,0.15,192,0.5,0.35,0.1,"[1.0, 1.0]",adamw,none,5,2,192,0.001,0.0002,ARCH,longconv_w64_d4_k15,I200_ARCH_065_a8d7af58eb,,,,,,,,,,1,0.697285016262254,13.030760765075684,8.602398872375488,10.816579818725586,13.030760765075684,16.539182662963867,11.281009674072266,0.4678415954113006,-0.8976068496704102,0.3096929232871804,0.3846756577267742,0.7103949785232544,2965,13.694252967834473,8.666500091552734,403,29.01349830627441,19.212385177612305,3562,12.014641761779783,6.933477878570557,0.0,1.0,0.2403418803418803,0.4699145299145299,0.6557264957264958,0.3671794871794872,0.672991452991453,0.8494017094017094,0.715656578540802,ARCH,longconv,multiview_zscore,10.0,none,multitask,multitask,jitter_scale,none,314159,100713,100713,32971,5850,4.976942777633667,64,4,15,11,4,cycle,eca,attention,0.0,0.15,192,0.5,0.35,0.1,"[1.0, 1.0]",adamw,none,5,2,192,0.001,0.0002,longconv_w64_d4_k15,ok,,,,,,,,,
longconv,multiview_zscore,10.0,none,multitask,multitask,jitter_scale,none,64,4,31,11,4,cycle,eca,attention,0.0,0.15,192,0.5,0.35,0.1,"[1.0, 1.0]",adamw,none,5,2,192,0.001,0.0002,ARCH,longconv_w64_d4_k31,I200_ARCH_066_734bb3ccfc,,,,,,,,,,2,0.649728937204494,12.958791732788086,8.629488945007324,10.794139862060549,12.958791732788086,16.460689544677734,11.473450660705566,0.0297362450510263,-1.7542260885238647,0.3192114088823923,0.3757262744204312,0.709489107131958,2965,13.486258506774902,8.154029846191406,403,29.32714080810547,20.311359405517575,3562,11.84955596923828,6.498466968536377,0.0024813895781637,0.9998164127042408,0.241025641025641,0.4712820512820513,0.6594871794871795,0.3735042735042735,0.6777777777777778,0.8512820512820513,0.7083483934402466,ARCH,longconv,multiview_zscore,10.0,none,multitask,multitask,jitter_scale,none,314159,108905,108905,32971,5850,6.574995279312134,64,4,31,11,4,cycle,eca,attention,0.0,0.15,192,0.5,0.35,0.1,"[1.0, 1.0]",adamw,none,5,2,192,0.001,0.0002,longconv_w64_d4_k31,ok,,,,,,,,,
longconv,multiview_zscore,10.0,none,multitask,multitask,jitter_scale,none,64,6,15,11,4,cycle,eca,attention,0.0,0.15,192,0.5,0.35,0.1,"[1.0, 1.0]",adamw,none,5,2,192,0.001,0.0002,ARCH,longconv_w64_d6_k15,I200_ARCH_067_5a41f58e2b,,,,,,,,,,2,0.6480005452799242,12.96369171142578,8.540160179138184,10.75192642211914,12.96369171142578,16.360431671142578,11.332938194274902,0.7727664113044739,-1.629467487335205,0.3311413601394359,0.3981808756640781,0.706011950969696,2965,13.730828285217283,8.09921646118164,403,28.52085494995117,19.82195854187012,3562,12.075910568237305,6.498540878295898,0.0,1.0,0.2357264957264957,0.4635897435897436,0.6581196581196581,0.3781196581196581,0.6835897435897436,0.8533333333333334,0.7068867683410645,ARCH,longconv,multiview_zscore,10.0,none,multitask,multitask,jitter_scale,none,314159,113387,113387,32971,5850,6.619418859481812,64,6,15,11,4,cycle,eca,attention,0.0,0.15,192,0.5,0.35,0.1,"[1.0, 1.0]",adamw,none,5,2,192,0.001,0.0002,longconv_w64_d6_k15,ok,,,,,,,,,
longconv,multiview_zscore,10.0,none,multitask,multitask,jitter_scale,none,64,6,31,11,4,cycle,eca,attention,0.0,0.15,192,0.5,0.35,0.1,"[1.0, 1.0]",adamw,none,5,2,192,0.001,0.0002,ARCH,longconv_w64_d6_k31,I200_ARCH_068_3777a7beba,,,,,,,,,,1,0.7040933100290077,13.0985746383667,8.67812728881836,10.888351440429688,13.0985746383667,16.62940216064453,11.48001766204834,0.6109107732772827,-2.19983434677124,0.2987074448006767,0.3786009860957549,0.7153443098068237,2965,13.84522533416748,7.996066570281982,403,28.90571403503418,20.551719665527344,3562,12.174569129943848,6.305367469787598,0.0,1.0,0.2386324786324786,0.4673504273504273,0.6523076923076923,0.3695726495726495,0.6731623931623931,0.8464957264957265,0.7136383056640625,ARCH,longconv,multiview_zscore,10.0,none,multitask,multitask,jitter_scale,none,314159,125675,125675,32971,5850,5.5995941162109375,64,6,31,11,4,cycle,eca,attention,0.0,0.15,192,0.5,0.35,0.1,"[1.0, 1.0]",adamw,none,5,2,192,0.001,0.0002,longconv_w64_d6_k31,ok,,,,,,,,,
longconv,multiview_zscore,10.0,none,multitask,multitask,jitter_scale,none,96,4,15,11,4,cycle,eca,attention,0.0,0.15,192,0.5,0.35,0.1,"[1.0, 1.0]",adamw,none,5,2,192,0.001,0.0002,ARCH,longconv_w96_d4_k15,I200_ARCH_069_03f2b1dbc2,,,,,,,,,,2,0.6470662781665492,12.917430877685549,8.632923126220703,10.775177001953123,12.917430877685549,16.439910888671875,11.494097709655762,-0.4022847414016723,-2.01045560836792,0.3241451241417963,0.3865750153432369,0.7084777355194092,2965,13.30486011505127,7.975059509277344,403,29.78715705871582,20.290721893310547,3562,11.737189292907717,6.423179626464844,0.0024813895781637,0.9998164127042408,0.2475213675213675,0.4712820512820513,0.6601709401709401,0.378974358974359,0.6777777777777778,0.8523076923076923,0.7045186758041382,ARCH,longconv,multiview_zscore,10.0,none,multitask,multitask,jitter_scale,none,314159,172889,172889,32971,5850,6.607070684432983,96,4,15,11,4,cycle,eca,attention,0.0,0.15,192,0.5,0.35,0.1,"[1.0, 1.0]",adamw,none,5,2,192,0.001,0.0002,longconv_w96_d4_k15,ok,,,,,,,,,
longconv,multiview_zscore,10.0,none,multitask,multitask,jitter_scale,none,96,4,31,11,4,cycle,eca,attention,0.0,0.15,192,0.5,0.35,0.1,"[1.0, 1.0]",adamw,none,5,2,192,0.001,0.0002,ARCH,longconv_w96_d4_k31,I200_ARCH_070_d12e3e397d,,,,,,,,,,1,0.699141574113868,13.085978507995604,8.619275093078613,10.85262680053711,13.085978507995604,16.55277442932129,11.233440399169922,1.1341530084609983,-0.3122396171092987,0.3164638021298068,0.3918364032424695,0.7126133441925049,2965,13.945820808410645,8.9408540725708,403,27.963329315185547,18.504751205444336,3562,12.284977912902832,7.240776062011719,0.0,1.0,0.2376068376068376,0.4627350427350427,0.6500854700854701,0.3581196581196581,0.6738461538461539,0.8516239316239316,0.721843957901001,ARCH,longconv,multiview_zscore,10.0,none,multitask,multitask,jitter_scale,none,314159,185177,185177,32971,5850,5.3082685470581055,96,4,31,11,4,cycle,eca,attention,0.0,0.15,192,0.5,0.35,0.1,"[1.0, 1.0]",adamw,none,5,2,192,0.001,0.0002,longconv_w96_d4_k31,ok,,,,,,,,,
longconv,multiview_zscore,10.0,none,multitask,multitask,jitter_scale,none,96,6,15,11,4,cycle,eca,attention,0.0,0.15,192,0.5,0.35,0.1,"[1.0, 1.0]",adamw,none,5,2,192,0.001,0.0002,ARCH,longconv_w96_d6_k15,I200_ARCH_071_6880a324e2,,,,,,,,,,2,0.6497351502956346,12.92662239074707,8.57138729095459,10.749004364013672,12.92662239074707,16.40657615661621,11.450043678283691,-0.8650743961334229,-2.176370143890381,0.3262892100961516,0.3977415882240767,0.7062441110610962,2965,13.20887565612793,7.826231002807617,403,30.18033218383789,20.255550384521484,3562,11.66031265258789,6.296217441558838,0.0,1.0,0.2413675213675213,0.4656410256410256,0.6598290598290598,0.3863247863247863,0.6798290598290598,0.8523076923076923,0.7006710767745972,ARCH,longconv,multiview_zscore,10.0,none,multitask,multitask,jitter_scale,none,314159,198043,198043,32971,5850,7.646039485931396,96,6,15,11,4,cycle,eca,attention,0.0,0.15,192,0.5,0.35,0.1,"[1.0, 1.0]",adamw,none,5,2,192,0.001,0.0002,longconv_w96_d6_k15,ok,,,,,,,,,
longconv,multiview_zscore,10.0,none,multitask,multitask,jitter_scale,none,96,6,31,11,4,cycle,eca,attention,0.0,0.15,192,0.5,0.35,0.1,"[1.0, 1.0]",adamw,none,5,2,192,0.001,0.0002,ARCH,longconv_w96_d6_k31,I200_ARCH_072_6d2d0fb6ea,,,,,,,,,,1,0.7024974531905596,12.99467658996582,8.654048919677734,10.824362754821776,12.99467658996582,16.53156852722168,11.214877128601074,0.4850488007068634,0.0519288145005703,0.3175170495161999,0.3945917886470197,0.7114806175231934,2965,13.614770889282228,9.148171424865724,403,28.70686149597168,18.23975944519043,3562,12.005867004394531,7.421804428100586,0.0,1.0,0.2427350427350427,0.4668376068376068,0.6601709401709401,0.3558974358974359,0.6666666666666666,0.8499145299145299,0.7207891941070557,ARCH,longconv,multiview_zscore,10.0,none,multitask,multitask,jitter_scale,none,314159,216475,216475,32971,5850,6.972056150436401,96,6,31,11,4,cycle,eca,attention,0.0,0.15,192,0.5,0.35,0.1,"[1.0, 1.0]",adamw,none,5,2,192,0.001,0.0002,longconv_w96_d6_k31,ok,,,,,,,,,
conv_transformer_lite,multiview_zscore,10.0,none,multitask,multitask,jitter_scale,none,64,6,5,11,4,cycle,eca,stats,0.0,0.15,192,0.5,0.35,0.1,"[1.0, 1.0]",adamw,none,5,2,192,0.001,0.0002,ARCH,convtransformer_w64_p15_d1,I200_ARCH_073_f3d457acb9,15.0,1.0,4.0,,,,,,,3,0.6330179208239843,12.896559715270996,8.526819229125977,10.711688995361328,12.896559715270996,16.347070693969727,11.403640747070312,-0.2131299674510955,-2.350388288497925,0.331536700718775,0.3989663011841311,0.7036051750183105,2965,13.339616775512695,7.758860111236572,403,29.40157890319824,20.606794357299805,3562,11.742091178894045,6.105790138244629,0.0,1.0,0.2447863247863247,0.4719658119658119,0.6582905982905983,0.3856410256410256,0.6902564102564103,0.8502564102564103,0.6989195346832275,ARCH,conv_transformer_lite,multiview_zscore,10.0,none,multitask,multitask,jitter_scale,none,314159,148804,148804,32971,5850,8.124407052993774,64,6,5,11,4,cycle,eca,stats,0.0,0.15,192,0.5,0.35,0.1,"[1.0, 1.0]",adamw,none,5,2,192,0.001,0.0002,convtransformer_w64_p15_d1,ok,15.0,1.0,4.0,,,,,,
conv_transformer_lite,multiview_zscore,10.0,none,multitask,multitask,jitter_scale,none,64,6,5,11,4,cycle,eca,stats,0.0,0.15,192,0.5,0.35,0.1,"[1.0, 1.0]",adamw,none,5,2,192,0.001,0.0002,ARCH,convtransformer_w64_p15_d2,I200_ARCH_074_4c2652ec21,15.0,2.0,4.0,,,,,,,4,0.6235511278690293,13.165006637573242,8.424575805664062,10.794791221618652,13.165006637573242,16.678340911865234,11.150410652160645,-2.992658853530884,-1.6963107585906982,0.320898756451433,0.423508054080045,0.706935465335846,2965,12.748541831970217,8.024374008178711,403,31.793516159057617,19.45607566833496,3562,11.452129364013672,6.3663010597229,0.0024813895781637,0.9998164127042408,0.2425641025641025,0.4658119658119658,0.6427350427350428,0.3788034188034188,0.6967521367521368,0.8574358974358974,0.6999925971031189,ARCH,conv_transformer_lite,multiview_zscore,10.0,none,multitask,multitask,jitter_scale,none,314159,182276,182276,32971,5850,8.170226812362671,64,6,5,11,4,cycle,eca,stats,0.0,0.15,192,0.5,0.35,0.1,"[1.0, 1.0]",adamw,none,5,2,192,0.001,0.0002,convtransformer_w64_p15_d2,ok,15.0,2.0,4.0,,,,,,
conv_transformer_lite,multiview_zscore,10.0,none,multitask,multitask,jitter_scale,none,64,6,5,11,4,cycle,eca,stats,0.0,0.15,192,0.5,0.35,0.1,"[1.0, 1.0]",adamw,none,5,2,192,0.001,0.0002,ARCH,convtransformer_w64_p25_d1,I200_ARCH_075_efb5ec9ba5,25.0,1.0,4.0,,,,,,,2,0.6532246778870738,12.95867156982422,8.688932418823242,10.82380199432373,12.95867156982422,16.402698516845703,11.61653995513916,-0.3395551145076751,-2.983985662460327,0.3236517424090269,0.3945745482533398,0.7118903398513794,2965,13.322565078735352,7.447342872619629,403,29.73326110839844,21.001752853393555,3562,11.78593635559082,5.987044334411621,0.0,1.0,0.2374358974358974,0.4649572649572649,0.6584615384615384,0.3776068376068376,0.683076923076923,0.8471794871794872,0.7018646001815796,ARCH,conv_transformer_lite,multiview_zscore,10.0,none,multitask,multitask,jitter_scale,none,314159,189764,189764,32971,5850,6.523675918579102,64,6,5,11,4,cycle,eca,stats,0.0,0.15,192,0.5,0.35,0.1,"[1.0, 1.0]",adamw,none,5,2,192,0.001,0.0002,convtransformer_w64_p25_d1,ok,25.0,1.0,4.0,,,,,,
conv_transformer_lite,multiview_zscore,10.0,none,multitask,multitask,jitter_scale,none,64,6,5,11,4,cycle,eca,stats,0.0,0.15,192,0.5,0.35,0.1,"[1.0, 1.0]",adamw,none,5,2,192,0.001,0.0002,ARCH,convtransformer_w64_p25_d2,I200_ARCH_076_7c82063b42,25.0,2.0,4.0,,,,,,,1,0.7102961921414663,12.976929664611816,8.562320709228516,10.769624710083008,12.976929664611816,16.494888305664062,11.353263854980469,-0.3470987677574157,-1.881792902946472,0.3137530043157772,0.3945725618011594,0.7072765827178955,2965,13.34279727935791,7.989595413208008,403,30.145435333251957,20.212032318115234,3562,11.773337364196776,6.3385009765625,0.0,1.0,0.2427350427350427,0.4661538461538461,0.6560683760683761,0.3735042735042735,0.6829059829059829,0.8524786324786324,0.7040286064147949,ARCH,conv_transformer_lite,multiview_zscore,10.0,none,multitask,multitask,jitter_scale,none,314159,223236,223236,32971,5850,4.916190147399902,64,6,5,11,4,cycle,eca,stats,0.0,0.15,192,0.5,0.35,0.1,"[1.0, 1.0]",adamw,none,5,2,192,0.001,0.0002,convtransformer_w64_p25_d2,ok,25.0,2.0,4.0,,,,,,
conv_transformer_lite,multiview_zscore,10.0,none,multitask,multitask,jitter_scale,none,96,6,5,11,4,cycle,eca,stats,0.0,0.15,192,0.5,0.35,0.1,"[1.0, 1.0]",adamw,none,5,2,192,0.001,0.0002,ARCH,convtransformer_w96_p15_d1,I200_ARCH_077_be22171213,15.0,1.0,4.0,,,,,,,4,0.6217581262422163,13.06223964691162,8.446906089782715,10.754572868347168,13.06223964691162,16.54983139038086,11.18844509124756,-1.815977931022644,-1.400174260139465,0.3206519842771652,0.4165766509720311,0.7049805521965027,2965,12.905049324035645,8.138936996459961,403,30.38895034790039,19.145639419555664,3562,11.5385160446167,6.535771369934082,0.0074441687344913,0.9992656508169636,0.242051282051282,0.4716239316239316,0.6502564102564102,0.3856410256410256,0.6873504273504274,0.8538461538461538,0.7007731199264526,ARCH,conv_transformer_lite,multiview_zscore,10.0,none,multitask,multitask,jitter_scale,none,314159,287268,287268,32971,5850,8.216624021530151,96,6,5,11,4,cycle,eca,stats,0.0,0.15,192,0.5,0.35,0.1,"[1.0, 1.0]",adamw,none,5,2,192,0.001,0.0002,convtransformer_w96_p15_d1,ok,15.0,1.0,4.0,,,,,,
conv_transformer_lite,multiview_zscore,10.0,none,multitask,multitask,jitter_scale,none,96,6,5,11,4,cycle,eca,stats,0.0,0.15,192,0.5,0.35,0.1,"[1.0, 1.0]",adamw,none,5,2,192,0.001,0.0002,ARCH,convtransformer_w96_p15_d2,I200_ARCH_078_11203ead88,15.0,2.0,4.0,,,,,,,4,0.6273414097553076,12.988981246948242,8.519968032836914,10.754474639892578,12.988981246948242,16.39958381652832,11.224074363708496,-1.281546115875244,-1.2479181289672852,0.3348654667610181,0.4103933061453428,0.7058985233306885,2965,13.013266563415527,8.234539985656738,403,29.46356201171875,18.714550018310547,3562,11.640010833740234,6.697757244110107,0.0148883374689826,0.9990820635212044,0.2398290598290598,0.4635897435897436,0.6468376068376068,0.3728205128205128,0.6841025641025641,0.854017094017094,0.7031809091567993,ARCH,conv_transformer_lite,multiview_zscore,10.0,none,multitask,multitask,jitter_scale,none,314159,362052,362052,32971,5850,8.19451379776001,96,6,5,11,4,cycle,eca,stats,0.0,0.15,192,0.5,0.35,0.1,"[1.0, 1.0]",adamw,none,5,2,192,0.001,0.0002,convtransformer_w96_p15_d2,ok,15.0,2.0,4.0,,,,,,
conv_transformer_lite,multiview_zscore,10.0,none,multitask,multitask,jitter_scale,none,96,6,5,11,4,cycle,eca,stats,0.0,0.15,192,0.5,0.35,0.1,"[1.0, 1.0]",adamw,none,5,2,192,0.001,0.0002,ARCH,convtransformer_w96_p25_d1,I200_ARCH_079_6c3ed2e316,25.0,1.0,4.0,,,,,,,2,0.64895885177823,12.948719024658203,8.59852123260498,10.77362060546875,12.948719024658203,16.419715881347656,11.42310619354248,-0.7296145558357239,-2.0785861015319824,0.3295630360473162,0.3936942642923511,0.7079563140869141,2965,13.190353393554688,7.90799617767334,403,29.61973762512207,20.18306541442871,3562,11.688045501708984,6.346733570098877,0.0,1.0,0.2396581196581196,0.4692307692307692,0.6557264957264958,0.3733333333333333,0.6863247863247863,0.8473504273504273,0.7026532888412476,ARCH,conv_transformer_lite,multiview_zscore,10.0,none,multitask,multitask,jitter_scale,none,314159,379428,379428,32971,5850,6.555220127105713,96,6,5,11,4,cycle,eca,stats,0.0,0.15,192,0.5,0.35,0.1,"[1.0, 1.0]",adamw,none,5,2,192,0.001,0.0002,convtransformer_w96_p25_d1,ok,25.0,1.0,4.0,,,,,,
conv_transformer_lite,multiview_zscore,10.0,none,multitask,multitask,jitter_scale,none,96,6,5,11,4,cycle,eca,stats,0.0,0.15,192,0.5,0.35,0.1,"[1.0, 1.0]",adamw,none,5,2,192,0.001,0.0002,ARCH,convtransformer_w96_p25_d2,I200_ARCH_080_6cf6891d58,25.0,2.0,4.0,,,,,,,2,0.6537077586318172,13.03450870513916,8.569489479064941,10.80199909210205,13.03450870513916,16.493106842041016,11.272528648376465,-0.4879453480243683,-1.3402960300445557,0.3166182210425949,0.4003523358223919,0.7091679573059082,2965,13.33155345916748,8.278099060058594,403,29.762229919433597,19.36302757263184,3562,11.804475784301758,6.691204071044922,0.0,1.0,0.2388034188034188,0.4683760683760684,0.6521367521367522,0.3705982905982906,0.6801709401709402,0.8482051282051282,0.7082865238189697,ARCH,conv_transformer_lite,multiview_zscore,10.0,none,multitask,multitask,jitter_scale,none,314159,454212,454212,32971,5850,6.554259777069092,96,6,5,11,4,cycle,eca,stats,0.0,0.15,192,0.5,0.35,0.1,"[1.0, 1.0]",adamw,none,5,2,192,0.001,0.0002,convtransformer_w96_p25_d2,ok,25.0,2.0,4.0,,,,,,
adaptive_resnet,ppg,5.0,none,multitask,multitask,jitter_scale,none,96,7,5,11,4,cycle,eca,attention,0.0,0.15,192,0.5,0.35,0.1,"[1.0, 1.0]",adamw,none,5,2,192,0.001,0.0002,INPUT,ppg_5s_none,I200_INPUT_001_5a0a67ff05,,,,,,,,,,4,0.6348321590312692,13.347105979919434,8.720033645629883,11.0335693359375,13.347105979919434,16.79673194885254,11.5172700881958,-2.418087720870972,-2.39000940322876,0.2955015689250748,0.3838070414608348,0.7239516973495483,2965,13.054162979125977,7.929286956787109,403,31.21643829345703,20.19615364074707,3562,11.776765823364258,6.326651573181152,0.0024813895781637,1.0,0.2256410256410256,0.4617094017094017,0.6374358974358975,0.3671794871794872,0.6762393162393162,0.8463247863247864,0.713918149471283,INPUT,adaptive_resnet,ppg,5.0,none,multitask,multitask,jitter_scale,none,314159,794047,794047,32971,5850,8.425308465957642,96,7,5,11,4,cycle,eca,attention,0.0,0.15,192,0.5,0.35,0.1,"[1.0, 1.0]",adamw,none,5,2,192,0.001,0.0002,ppg_5s_none,ok,,,,,,,,,
adaptive_resnet,ppg,10.0,none,multitask,multitask,jitter_scale,none,96,7,5,11,4,cycle,eca,attention,0.0,0.15,192,0.5,0.35,0.1,"[1.0, 1.0]",adamw,none,5,2,192,0.001,0.0002,INPUT,ppg_10s_none,I200_INPUT_002_ac74cecb2b,,,,,,,,,,4,0.6296475533136102,13.27627944946289,8.658878326416016,10.967578887939451,13.27627944946289,16.772686004638672,11.225530624389648,-1.152284026145935,-0.7771252989768982,0.3066084383808631,0.4068684141734854,0.7195080518722534,2965,13.214601516723633,8.707427978515625,403,29.358293533325195,18.337108612060547,3562,11.963711738586426,7.162905693054199,0.0049627791563275,0.9990820635212044,0.2299145299145299,0.4652991452991453,0.6464957264957265,0.3676923076923077,0.6755555555555556,0.8430769230769231,0.7195701599121094,INPUT,adaptive_resnet,ppg,10.0,none,multitask,multitask,jitter_scale,none,314159,794047,794047,32971,5850,12.830185174942017,96,7,5,11,4,cycle,eca,attention,0.0,0.15,192,0.5,0.35,0.1,"[1.0, 1.0]",adamw,none,5,2,192,0.001,0.0002,ppg_10s_none,ok,,,,,,,,,
adaptive_resnet,ppg,15.0,none,multitask,multitask,jitter_scale,none,96,7,5,11,4,cycle,eca,attention,0.0,0.15,192,0.5,0.35,0.1,"[1.0, 1.0]",adamw,none,5,2,192,0.001,0.0002,INPUT,ppg_15s_none,I200_INPUT_003_2b0fb1a8ff,,,,,,,,,,4,0.6268659875143406,13.315384864807127,8.693534851074219,11.004459381103516,13.315384864807127,16.84293556213379,11.361379623413086,-1.2976744174957275,-1.1086207628250122,0.3016073248828106,0.3941444449969712,0.7219976186752319,2965,13.23200225830078,8.483515739440918,403,29.676130294799805,18.947731018066406,3562,11.98044490814209,6.942990779876709,0.0124069478908188,0.9985313016339268,0.2275213675213675,0.4641025641025641,0.6494017094017094,0.36,0.6755555555555556,0.8435897435897436,0.7192939519882202,INPUT,adaptive_resnet,ppg,15.0,none,multitask,multitask,jitter_scale,none,314159,794047,794047,32971,5850,19.95339059829712,96,7,5,11,4,cycle,eca,attention,0.0,0.15,192,0.5,0.35,0.1,"[1.0, 1.0]",adamw,none,5,2,192,0.001,0.0002,ppg_15s_none,ok,,,,,,,,,
adaptive_resnet,ppg,10.0,raw__fusion+scale,multitask,multitask,jitter_scale,none,96,7,5,11,4,cycle,eca,attention,0.0,0.15,192,0.5,0.35,0.1,"[1.0, 1.0]",adamw,none,5,2,192,0.001,0.0002,INPUT,ppg_10s_rawfusion,I200_INPUT_004_520f82a220,,,,,,,,,,2,0.6624523349279581,13.21523094177246,8.686695098876953,10.950963020324709,13.21523094177246,16.74907112121582,11.428951263427734,0.185241013765335,-0.985789120197296,0.2933191787136817,0.3692830230435792,0.7189353704452515,2965,13.737921714782717,8.631354331970215,403,29.244644165039062,19.642194747924805,3562,12.162535667419434,6.936343193054199,0.0024813895781637,0.9985313016339268,0.2389743589743589,0.4564102564102564,0.6478632478632479,0.3656410256410256,0.6743589743589744,0.847008547008547,0.7220100164413452,INPUT,adaptive_resnet,ppg,10.0,raw__fusion+scale,multitask,multitask,jitter_scale,none,314159,810175,810175,32971,5850,10.3344247341156,96,7,5,11,4,cycle,eca,attention,0.0,0.15,192,0.5,0.35,0.1,"[1.0, 1.0]",adamw,none,5,2,192,0.001,0.0002,ppg_10s_rawfusion,ok,,,,,,,,,
adaptive_resnet,ppg,10.0,bandpass_robust__fusion,multitask,multitask,jitter_scale,none,96,7,5,11,4,cycle,eca,attention,0.0,0.15,192,0.5,0.35,0.1,"[1.0, 1.0]",adamw,none,5,2,192,0.001,0.0002,INPUT,ppg_10s_robustfusion,I200_INPUT_005_cbd8675b74,,,,,,,,,,1,0.6931540927914686,13.273921966552734,8.787282943725586,11.03060245513916,13.273921966552734,16.711023330688477,11.47264289855957,0.0063953157514333,-0.8451844453811646,0.2789131257150636,0.340184009313433,0.7246366143226624,2965,13.752989768981934,8.9781494140625,403,30.109561920166016,20.010835647583008,3562,12.14217758178711,7.044853210449219,0.0,1.0,0.2302564102564102,0.45008547008547,0.6430769230769231,0.3608547008547008,0.6591452991452992,0.8444444444444444,0.7298978567123413,INPUT,adaptive_resnet,ppg,10.0,bandpass_robust__fusion,multitask,multitask,jitter_scale,none,314159,809791,809791,32971,5850,7.744207620620727,96,7,5,11,4,cycle,eca,attention,0.0,0.15,192,0.5,0.35,0.1,"[1.0, 1.0]",adamw,none,5,2,192,0.001,0.0002,ppg_10s_robustfusion,ok,,,,,,,,,
adaptive_resnet,ppg_zscore,5.0,none,multitask,multitask,jitter_scale,none,96,7,5,11,4,cycle,eca,attention,0.0,0.15,192,0.5,0.35,0.1,"[1.0, 1.0]",adamw,none,5,2,192,0.001,0.0002,INPUT,ppg_zscore_5s_none,I200_INPUT_006_7d7ae74fb0,,,,,,,,,,4,0.6364595027163972,13.37701416015625,8.678548812866211,11.02778148651123,13.37701416015625,16.84355926513672,11.382109642028809,-1.8623205423355105,-1.5507019758224487,0.2919573629522241,0.3926190203629017,0.7231054306030273,2965,13.241673469543455,8.341668128967285,403,30.3928279876709,19.219135284423828,3562,11.9273042678833,6.761378288269043,0.0,0.9996328254084818,0.2283760683760684,0.4567521367521368,0.6343589743589744,0.3649572649572649,0.6796581196581196,0.842905982905983,0.7187575697898865,INPUT,adaptive_resnet,ppg_zscore,5.0,none,multitask,multitask,jitter_scale,none,314159,794047,794047,32971,5850,8.347629070281982,96,7,5,11,4,cycle,eca,attention,0.0,0.15,192,0.5,0.35,0.1,"[1.0, 1.0]",adamw,none,5,2,192,0.001,0.0002,ppg_zscore_5s_none,ok,,,,,,,,,
adaptive_resnet,ppg_zscore,10.0,none,multitask,multitask,jitter_scale,none,96,7,5,11,4,cycle,eca,attention,0.0,0.15,192,0.5,0.35,0.1,"[1.0, 1.0]",adamw,none,5,2,192,0.001,0.0002,INPUT,ppg_zscore_10s_none,I200_INPUT_007_3d0037dee3,,,,,,,,,,4,0.6313101936911427,13.24102020263672,8.684473037719727,10.962746620178224,13.24102020263672,16.698421478271484,11.257182121276855,-1.193089723587036,-0.3165226280689239,0.3115970764408151,0.3937432800054907,0.7195627689361572,2965,13.254929542541504,9.024096488952637,403,29.383956909179688,18.216144561767575,3562,11.960803985595703,7.362418174743652,0.0049627791563275,0.9994492381127226,0.228034188034188,0.4656410256410256,0.6461538461538462,0.3613675213675213,0.6704273504273505,0.8437606837606838,0.7230940461158752,INPUT,adaptive_resnet,ppg_zscore,10.0,none,multitask,multitask,jitter_scale,none,314159,794047,794047,32971,5850,12.85969090461731,96,7,5,11,4,cycle,eca,attention,0.0,0.15,192,0.5,0.35,0.1,"[1.0, 1.0]",adamw,none,5,2,192,0.001,0.0002,ppg_zscore_10s_none,ok,,,,,,,,,
adaptive_resnet,ppg_zscore,15.0,none,multitask,multitask,jitter_scale,none,96,7,5,11,4,cycle,eca,attention,0.0,0.15,192,0.5,0.35,0.1,"[1.0, 1.0]",adamw,none,5,2,192,0.001,0.0002,INPUT,ppg_zscore_15s_none,I200_INPUT_008_9f0d2de734,,,,,,,,,,4,0.6281508131082668,13.362704277038574,8.666069984436035,11.014387130737305,13.362704277038574,16.82233238220215,11.308182716369627,-2.1500954627990723,-1.1207871437072754,0.3038065903302887,0.3958096747606767,0.7222026586532593,2965,13.086181640625,8.516392707824707,403,30.457334518432617,18.75782012939453,3562,11.874466896057127,6.939708709716797,0.0,0.9996328254084818,0.236068376068376,0.4581196581196581,0.6396581196581197,0.3673504273504273,0.6748717948717948,0.8463247863247864,0.7187662720680237,INPUT,adaptive_resnet,ppg_zscore,15.0,none,multitask,multitask,jitter_scale,none,314159,794047,794047,32971,5850,19.942360162734985,96,7,5,11,4,cycle,eca,attention,0.0,0.15,192,0.5,0.35,0.1,"[1.0, 1.0]",adamw,none,5,2,192,0.001,0.0002,ppg_zscore_15s_none,ok,,,,,,,,,
adaptive_resnet,ppg_zscore,10.0,raw__fusion+scale,multitask,multitask,jitter_scale,none,96,7,5,11,4,cycle,eca,attention,0.0,0.15,192,0.5,0.35,0.1,"[1.0, 1.0]",adamw,none,5,2,192,0.001,0.0002,INPUT,ppg_zscore_10s_rawfusion,I200_INPUT_009_c7601107b8,,,,,,,,,,5,0.6090097410041232,13.155062675476074,8.658395767211914,10.906728744506836,13.155062675476074,16.621545791625977,11.227227210998535,1.9849263429641724,0.0813085958361625,0.344205921594814,0.3922839553720956,0.7161172032356262,2965,14.159157752990724,9.284099578857422,403,25.949382781982425,18.355867385864254,3562,12.662504196166992,7.483306884765625,0.0397022332506203,0.9939416192399486,0.2398290598290598,0.4627350427350427,0.642051282051282,0.3641025641025641,0.6656410256410257,0.8464957264957265,0.7294264435768127,INPUT,adaptive_resnet,ppg_zscore,10.0,raw__fusion+scale,multitask,multitask,jitter_scale,none,314159,810175,810175,32971,5850,12.94865608215332,96,7,5,11,4,cycle,eca,attention,0.0,0.15,192,0.5,0.35,0.1,"[1.0, 1.0]",adamw,none,5,2,192,0.001,0.0002,ppg_zscore_10s_rawfusion,ok,,,,,,,,,
adaptive_resnet,ppg_zscore,10.0,bandpass_robust__fusion,multitask,multitask,jitter_scale,none,96,7,5,11,4,cycle,eca,attention,0.0,0.15,192,0.5,0.35,0.1,"[1.0, 1.0]",adamw,none,5,2,192,0.001,0.0002,INPUT,ppg_zscore_10s_robustfusion,I200_INPUT_010_231d30bd00,,,,,,,,,,1,0.6940271857866022,13.239785194396973,8.7680025100708,11.003893852233888,13.239785194396973,16.69074821472168,11.43092441558838,-0.0950528979301452,-0.7287829518318176,0.2813678612425677,0.3477395367802007,0.722907304763794,2965,13.671781539916992,9.029009819030762,403,30.1300048828125,19.79934883117676,3562,12.0816068649292,7.10704517364502,0.0,0.9998164127042408,0.2341880341880342,0.4545299145299145,0.6444444444444445,0.3596581196581196,0.657094017094017,0.8442735042735042,0.7285505533218384,INPUT,adaptive_resnet,ppg_zscore,10.0,bandpass_robust__fusion,multitask,multitask,jitter_scale,none,314159,809791,809791,32971,5850,7.741111278533935,96,7,5,11,4,cycle,eca,attention,0.0,0.15,192,0.5,0.35,0.1,"[1.0, 1.0]",adamw,none,5,2,192,0.001,0.0002,ppg_zscore_10s_robustfusion,ok,,,,,,,,,
adaptive_resnet,ppg_bandpass,5.0,none,multitask,multitask,jitter_scale,none,96,7,5,11,4,cycle,eca,attention,0.0,0.15,192,0.5,0.35,0.1,"[1.0, 1.0]",adamw,none,5,2,192,0.001,0.0002,INPUT,ppg_bandpass_5s_none,I200_INPUT_011_adc5468579,,,,,,,,,,4,0.6406355025463326,13.268189430236816,8.637223243713379,10.952706336975098,13.268189430236816,16.667512893676758,11.306936264038086,-1.629341959953308,-1.2046546936035156,0.2880407313855991,0.3832312508225305,0.7184070944786072,2965,13.267046928405762,8.600847244262695,403,31.14084815979004,19.72900009155273,3562,11.816539764404297,6.80787467956543,0.0024813895781637,1.0,0.2235897435897436,0.4613675213675213,0.6415384615384615,0.3692307692307692,0.6774358974358974,0.8497435897435898,0.7180312871932983,INPUT,adaptive_resnet,ppg_bandpass,5.0,none,multitask,multitask,jitter_scale,none,314159,794047,794047,32971,5850,8.420403718948364,96,7,5,11,4,cycle,eca,attention,0.0,0.15,192,0.5,0.35,0.1,"[1.0, 1.0]",adamw,none,5,2,192,0.001,0.0002,ppg_bandpass_5s_none,ok,,,,,,,,,
adaptive_resnet,ppg_bandpass,10.0,none,multitask,multitask,jitter_scale,none,96,7,5,11,4,cycle,eca,attention,0.0,0.15,192,0.5,0.35,0.1,"[1.0, 1.0]",adamw,none,5,2,192,0.001,0.0002,INPUT,ppg_bandpass_10s_none,I200_INPUT_012_69e7b3b71a,,,,,,,,,,4,0.6369525561499041,13.250049591064451,8.68289566040039,10.966472625732422,13.250049591064451,16.710420608520508,11.3544282913208,-1.0593037605285645,-1.1288305521011353,0.299971963288033,0.3870488447152441,0.7197500467300415,2965,13.324637413024902,8.545487403869629,403,29.685592651367188,19.15030288696289,3562,11.97811222076416,6.907541275024414,0.0049627791563275,0.9998164127042408,0.2295726495726495,0.4623931623931624,0.6441025641025641,0.3637606837606837,0.6793162393162393,0.8463247863247864,0.7188791036605835,INPUT,adaptive_resnet,ppg_bandpass,10.0,none,multitask,multitask,jitter_scale,none,314159,794047,794047,32971,5850,12.910388231277466,96,7,5,11,4,cycle,eca,attention,0.0,0.15,192,0.5,0.35,0.1,"[1.0, 1.0]",adamw,none,5,2,192,0.001,0.0002,ppg_bandpass_10s_none,ok,,,,,,,,,
adaptive_resnet,ppg_bandpass,15.0,none,multitask,multitask,jitter_scale,none,96,7,5,11,4,cycle,eca,attention,0.0,0.15,192,0.5,0.35,0.1,"[1.0, 1.0]",adamw,none,5,2,192,0.001,0.0002,INPUT,ppg_bandpass_15s_none,I200_INPUT_013_8621741f8c,,,,,,,,,,4,0.6321467940890512,13.293322563171388,8.724584579467773,11.008953094482422,13.293322563171388,16.860000610351562,11.386262893676758,-0.9000995755195618,-1.0834563970565796,0.298799012679713,0.3938081428774616,0.7226400375366211,2965,13.376068115234377,8.496733665466309,403,29.38139915466309,18.964052200317383,3562,12.045568466186523,6.982084274291992,0.0148883374689826,0.9977969524508904,0.2398290598290598,0.4623931623931624,0.6434188034188034,0.3603418803418803,0.6745299145299145,0.8451282051282051,0.7209111452102661,INPUT,adaptive_resnet,ppg_bandpass,15.0,none,multitask,multitask,jitter_scale,none,314159,794047,794047,32971,5850,19.885075330734253,96,7,5,11,4,cycle,eca,attention,0.0,0.15,192,0.5,0.35,0.1,"[1.0, 1.0]",adamw,none,5,2,192,0.001,0.0002,ppg_bandpass_15s_none,ok,,,,,,,,,
adaptive_resnet,ppg_bandpass,10.0,raw__fusion+scale,multitask,multitask,jitter_scale,none,96,7,5,11,4,cycle,eca,attention,0.0,0.15,192,0.5,0.35,0.1,"[1.0, 1.0]",adamw,none,5,2,192,0.001,0.0002,INPUT,ppg_bandpass_10s_rawfusion,I200_INPUT_014_cfcb3bf74d,,,,,,,,,,3,0.6435010128243025,13.09546184539795,8.691346168518066,10.893404006958008,13.09546184539795,16.610082626342773,11.622239112854004,-0.9731991291046144,-2.660881519317627,0.3061292853399286,0.375196642106836,0.7157924175262451,2965,13.38251495361328,7.83658504486084,403,29.882869720458984,21.02418327331543,3562,11.834386825561523,6.140945911407471,0.0,0.9990820635212044,0.24,0.4641025641025641,0.6523076923076923,0.3741880341880342,0.6817094017094018,0.8452991452991453,0.7091442942619324,INPUT,adaptive_resnet,ppg_bandpass,10.0,raw__fusion+scale,multitask,multitask,jitter_scale,none,314159,810175,810175,32971,5850,12.90356731414795,96,7,5,11,4,cycle,eca,attention,0.0,0.15,192,0.5,0.35,0.1,"[1.0, 1.0]",adamw,none,5,2,192,0.001,0.0002,ppg_bandpass_10s_rawfusion,ok,,,,,,,,,
adaptive_resnet,ppg_bandpass,10.0,bandpass_robust__fusion,multitask,multitask,jitter_scale,none,96,7,5,11,4,cycle,eca,attention,0.0,0.15,192,0.5,0.35,0.1,"[1.0, 1.0]",adamw,none,5,2,192,0.001,0.0002,INPUT,ppg_bandpass_10s_robustfusion,I200_INPUT_015_ba8c801495,,,,,,,,,,1,0.693646582060082,13.300336837768556,8.78581714630127,11.04307746887207,13.300336837768556,16.7509765625,11.459078788757324,0.0087574701756238,-0.8396909236907959,0.2757039624299094,0.3449140734530834,0.7253119945526123,2965,13.750404357910156,8.948923110961914,403,30.0872745513916,19.89904022216797,3562,12.152446746826172,7.061715126037598,0.0,0.9998164127042408,0.2314529914529914,0.4499145299145299,0.6432478632478632,0.3586324786324786,0.6584615384615384,0.8418803418803419,0.730090856552124,INPUT,adaptive_resnet,ppg_bandpass,10.0,bandpass_robust__fusion,multitask,multitask,jitter_scale,none,314159,809791,809791,32971,5850,7.788590669631958,96,7,5,11,4,cycle,eca,attention,0.0,0.15,192,0.5,0.35,0.1,"[1.0, 1.0]",adamw,none,5,2,192,0.001,0.0002,ppg_bandpass_10s_robustfusion,ok,,,,,,,,,
adaptive_resnet,derivatives,5.0,none,multitask,multitask,jitter_scale,none,96,7,5,11,4,cycle,eca,attention,0.0,0.15,192,0.5,0.35,0.1,"[1.0, 1.0]",adamw,none,5,2,192,0.001,0.0002,INPUT,derivatives_5s_none,I200_INPUT_016_7380fb2f5d,,,,,,,,,,1,0.6926096334706905,13.262982368469238,8.587482452392578,10.92523193359375,13.262982368469238,16.728727340698242,11.341233253479004,1.0150330066680908,-1.46900475025177,0.2995138869287412,0.3886193364169431,0.7162501811981201,2965,13.972798347473145,8.30730152130127,403,28.27313232421875,19.607688903808597,3562,12.394770622253418,6.647439479827881,0.0,1.0,0.2319658119658119,0.4547008547008547,0.643931623931624,0.3736752136752136,0.6832478632478632,0.8538461538461538,0.718352198600769,INPUT,adaptive_resnet,derivatives,5.0,none,multitask,multitask,jitter_scale,none,314159,796159,796159,32971,5850,5.030714273452759,96,7,5,11,4,cycle,eca,attention,0.0,0.15,192,0.5,0.35,0.1,"[1.0, 1.0]",adamw,none,5,2,192,0.001,0.0002,derivatives_5s_none,ok,,,,,,,,,
adaptive_resnet,derivatives,10.0,none,multitask,multitask,jitter_scale,none,96,7,5,11,4,cycle,eca,attention,0.0,0.15,192,0.5,0.35,0.1,"[1.0, 1.0]",adamw,none,5,2,192,0.001,0.0002,INPUT,derivatives_10s_none,I200_INPUT_017_279ffe5338,,,,,,,,,,1,0.6906133276778598,13.323387145996094,8.589712142944336,10.956549644470217,13.323387145996094,16.75117301940918,11.296815872192385,2.213388442993164,-1.2282456159591677,0.3079165439917961,0.3908858469572628,0.7180204391479492,2965,14.399629592895508,8.427220344543457,403,27.109081268310547,19.41041374206543,3562,12.715238571166992,6.761415481567383,0.0,1.0,0.2302564102564102,0.4516239316239316,0.6411965811965812,0.3683760683760684,0.6801709401709402,0.8533333333333334,0.7238603830337524,INPUT,adaptive_resnet,derivatives,10.0,none,multitask,multitask,jitter_scale,none,314159,796159,796159,32971,5850,7.730778694152832,96,7,5,11,4,cycle,eca,attention,0.0,0.15,192,0.5,0.35,0.1,"[1.0, 1.0]",adamw,none,5,2,192,0.001,0.0002,derivatives_10s_none,ok,,,,,,,,,
adaptive_resnet,derivatives,15.0,none,multitask,multitask,jitter_scale,none,96,7,5,11,4,cycle,eca,attention,0.0,0.15,192,0.5,0.35,0.1,"[1.0, 1.0]",adamw,none,5,2,192,0.001,0.0002,INPUT,derivatives_15s_none,I200_INPUT_018_062ba085b7,,,,,,,,,,1,0.689860729977142,13.452814102172852,8.591758728027344,11.022286415100098,13.452814102172852,16.84552001953125,11.186291694641112,3.3068766593933105,-0.5111144781112671,0.3148375353266123,0.4013635336457296,0.7217028141021729,2965,14.867059707641602,8.842992782592773,403,26.035131454467773,18.55942916870117,3562,13.12491512298584,7.170802593231201,0.0,1.0,0.2244444444444444,0.441025641025641,0.6347008547008547,0.3649572649572649,0.6757264957264957,0.8538461538461538,0.7340769171714783,INPUT,adaptive_resnet,derivatives,15.0,none,multitask,multitask,jitter_scale,none,314159,796159,796159,32971,5850,11.955240249633787,96,7,5,11,4,cycle,eca,attention,0.0,0.15,192,0.5,0.35,0.1,"[1.0, 1.0]",adamw,none,5,2,192,0.001,0.0002,derivatives_15s_none,ok,,,,,,,,,
adaptive_resnet,derivatives,10.0,raw__fusion+scale,multitask,multitask,jitter_scale,none,96,7,5,11,4,cycle,eca,attention,0.0,0.15,192,0.5,0.35,0.1,"[1.0, 1.0]",adamw,none,5,2,192,0.001,0.0002,INPUT,derivatives_10s_rawfusion,I200_INPUT_019_a4fd9a28a2,,,,,,,,,,1,0.6806579474792924,13.032663345336914,8.525725364685059,10.779193878173828,13.032663345336914,16.469358444213867,11.173456192016602,0.6458687782287598,-1.1248292922973633,0.3285500280551923,0.4136811729765874,0.7073463201522827,2965,13.597420692443848,8.3569974899292,403,27.873554229736328,18.870088577270508,3562,12.098915100097656,6.800460815429688,0.0,1.0,0.2384615384615384,0.4605128205128205,0.6523076923076923,0.3632478632478632,0.6798290598290598,0.8582905982905983,0.7095668315887451,INPUT,adaptive_resnet,derivatives,10.0,raw__fusion+scale,multitask,multitask,jitter_scale,none,314159,812287,812287,32971,5850,7.757728576660156,96,7,5,11,4,cycle,eca,attention,0.0,0.15,192,0.5,0.35,0.1,"[1.0, 1.0]",adamw,none,5,2,192,0.001,0.0002,derivatives_10s_rawfusion,ok,,,,,,,,,
adaptive_resnet,derivatives,10.0,bandpass_robust__fusion,multitask,multitask,jitter_scale,none,96,7,5,11,4,cycle,eca,attention,0.0,0.15,192,0.5,0.35,0.1,"[1.0, 1.0]",adamw,none,5,2,192,0.001,0.0002,INPUT,derivatives_10s_robustfusion,I200_INPUT_020_1f340aac23,,,,,,,,,,1,0.6837809255649877,13.09425926208496,8.562694549560547,10.828476905822754,13.09425926208496,16.599451065063477,11.266942024230955,-0.7385091781616211,-1.3942794799804688,0.3034531538084422,0.3966313620520157,0.7105548977851868,2965,13.300725936889648,8.333845138549805,403,30.502872467041016,19.730676651000977,3562,11.79771614074707,6.63007402420044,0.0,1.0,0.2376068376068376,0.4651282051282051,0.6504273504273504,0.3685470085470085,0.6817094017094018,0.8553846153846154,0.7096761465072632,INPUT,adaptive_resnet,derivatives,10.0,bandpass_robust__fusion,multitask,multitask,jitter_scale,none,314159,811903,811903,32971,5850,7.746386766433716,96,7,5,11,4,cycle,eca,attention,0.0,0.15,192,0.5,0.35,0.1,"[1.0, 1.0]",adamw,none,5,2,192,0.001,0.0002,derivatives_10s_robustfusion,ok,,,,,,,,,
adaptive_resnet,derivatives_zscore,5.0,none,multitask,multitask,jitter_scale,none,96,7,5,11,4,cycle,eca,attention,0.0,0.15,192,0.5,0.35,0.1,"[1.0, 1.0]",adamw,none,5,2,192,0.001,0.0002,INPUT,derivatives_zscore_5s_none,I200_INPUT_021_338dce3019,,,,,,,,,,1,0.6949222084394721,13.104242324829102,8.701297760009766,10.902770042419434,13.104242324829102,16.5806827545166,11.436271667480469,1.1001981496810913,-1.976015567779541,0.3075002926928131,0.3812711955765142,0.7164392471313477,2965,13.881016731262209,8.211262702941895,403,28.663599014282227,20.26654624938965,3562,12.216468811035156,6.539783954620361,0.0,1.0,0.2341880341880342,0.4582905982905983,0.6552136752136752,0.358974358974359,0.6753846153846154,0.8454700854700855,0.7168846130371094,INPUT,adaptive_resnet,derivatives_zscore,5.0,none,multitask,multitask,jitter_scale,none,314159,796159,796159,32971,5850,5.103830099105835,96,7,5,11,4,cycle,eca,attention,0.0,0.15,192,0.5,0.35,0.1,"[1.0, 1.0]",adamw,none,5,2,192,0.001,0.0002,derivatives_zscore_5s_none,ok,,,,,,,,,
adaptive_resnet,derivatives_zscore,10.0,none,multitask,multitask,jitter_scale,none,96,7,5,11,4,cycle,eca,attention,0.0,0.15,192,0.5,0.35,0.1,"[1.0, 1.0]",adamw,none,5,2,192,0.001,0.0002,INPUT,derivatives_zscore_10s_none,I200_INPUT_022_8b92050fae,,,,,,,,,,4,0.5948567806288253,13.16458511352539,8.595297813415527,10.879941940307615,13.16458511352539,16.73719596862793,11.27713108062744,-1.4883533716201782,-1.2833056449890137,0.3122919549160491,0.4047461924856028,0.7138296365737915,2965,13.176265716552734,8.360779762268066,403,29.678024291992188,19.01270866394043,3562,11.875856399536133,6.759372711181641,0.0124069478908188,0.9981641270424086,0.2396581196581196,0.468034188034188,0.6516239316239316,0.3687179487179487,0.6788034188034188,0.8528205128205129,0.7115392684936523,INPUT,adaptive_resnet,derivatives_zscore,10.0,none,multitask,multitask,jitter_scale,none,314159,796159,796159,32971,5850,12.869699001312256,96,7,5,11,4,cycle,eca,attention,0.0,0.15,192,0.5,0.35,0.1,"[1.0, 1.0]",adamw,none,5,2,192,0.001,0.0002,derivatives_zscore_10s_none,ok,,,,,,,,,
adaptive_resnet,derivatives_zscore,15.0,none,multitask,multitask,jitter_scale,none,96,7,5,11,4,cycle,eca,attention,0.0,0.15,192,0.5,0.35,0.1,"[1.0, 1.0]",adamw,none,5,2,192,0.001,0.0002,INPUT,derivatives_zscore_15s_none,I200_INPUT_023_c865cfb797,,,,,,,,,,1,0.6915523666282033,13.049403190612791,8.635461807250977,10.842432022094728,13.049403190612791,16.52598762512207,11.216004371643066,1.0061893463134766,-0.3438283503055572,0.3268626433112557,0.3939609205350675,0.712250828742981,2965,13.679259300231934,8.991530418395996,403,27.762035369873047,18.318056106567383,3562,12.155972480773926,7.277882099151611,0.0,1.0,0.2377777777777777,0.4603418803418803,0.6576068376068376,0.3605128205128205,0.6709401709401709,0.8471794871794872,0.7202311754226685,INPUT,adaptive_resnet,derivatives_zscore,15.0,none,multitask,multitask,jitter_scale,none,314159,796159,796159,32971,5850,11.97452163696289,96,7,5,11,4,cycle,eca,attention,0.0,0.15,192,0.5,0.35,0.1,"[1.0, 1.0]",adamw,none,5,2,192,0.001,0.0002,derivatives_zscore_15s_none,ok,,,,,,,,,
adaptive_resnet,derivatives_zscore,10.0,raw__fusion+scale,multitask,multitask,jitter_scale,none,96,7,5,11,4,cycle,eca,attention,0.0,0.15,192,0.5,0.35,0.1,"[1.0, 1.0]",adamw,none,5,2,192,0.001,0.0002,INPUT,derivatives_zscore_10s_rawfusion,I200_INPUT_024_29fd0c2123,,,,,,,,,,1,0.683115066830502,12.9360990524292,8.591890335083008,10.763994216918944,12.9360990524292,16.458852767944336,11.33495044708252,-0.6710909008979797,-1.949417233467102,0.326312842530952,0.4026535481192131,0.7073370814323425,2965,13.135785102844238,8.057122230529785,403,29.767719268798828,20.016094207763672,3562,11.675535202026367,6.48207950592041,0.0,1.0,0.2483760683760683,0.4700854700854701,0.6601709401709401,0.3687179487179487,0.6852991452991453,0.8524786324786324,0.7033175230026245,INPUT,adaptive_resnet,derivatives_zscore,10.0,raw__fusion+scale,multitask,multitask,jitter_scale,none,314159,812287,812287,32971,5850,7.770016670227051,96,7,5,11,4,cycle,eca,attention,0.0,0.15,192,0.5,0.35,0.1,"[1.0, 1.0]",adamw,none,5,2,192,0.001,0.0002,derivatives_zscore_10s_rawfusion,ok,,,,,,,,,
adaptive_resnet,derivatives_zscore,10.0,bandpass_robust__fusion,multitask,multitask,jitter_scale,none,96,7,5,11,4,cycle,eca,attention,0.0,0.15,192,0.5,0.35,0.1,"[1.0, 1.0]",adamw,none,5,2,192,0.001,0.0002,INPUT,derivatives_zscore_10s_robustfusion,I200_INPUT_025_53d946abe9,,,,,,,,,,1,0.6851068703934203,13.156739234924316,8.6592378616333,10.907988548278809,13.156739234924316,16.639179229736328,11.243484497070312,1.019630789756775,-0.3037156164646148,0.3127022933877467,0.3949142517028779,0.7161979079246521,2965,13.825934410095217,8.927001953125,403,28.303808212280277,18.60282516479492,3562,12.235776901245115,7.26783275604248,0.0,1.0,0.2333333333333333,0.4589743589743589,0.6475213675213676,0.3547008547008547,0.6685470085470085,0.849059829059829,0.7235587239265442,INPUT,adaptive_resnet,derivatives_zscore,10.0,bandpass_robust__fusion,multitask,multitask,jitter_scale,none,314159,811903,811903,32971,5850,7.738277435302734,96,7,5,11,4,cycle,eca,attention,0.0,0.15,192,0.5,0.35,0.1,"[1.0, 1.0]",adamw,none,5,2,192,0.001,0.0002,derivatives_zscore_10s_robustfusion,ok,,,,,,,,,
adaptive_resnet,multiview,5.0,none,multitask,multitask,jitter_scale,none,96,7,5,11,4,cycle,eca,attention,0.0,0.15,192,0.5,0.35,0.1,"[1.0, 1.0]",adamw,none,5,2,192,0.001,0.0002,INPUT,multiview_5s_none,I200_INPUT_026_9498731ddb,,,,,,,,,,4,0.6012044347995935,13.178906440734863,8.644033432006836,10.911470413208008,13.178906440734863,16.758390426635742,11.263741493225098,-1.7790312767028809,-0.6324411630630493,0.3111918737326879,0.4033684706250526,0.7161993980407715,2965,13.184052467346191,8.776369094848633,403,30.128129959106445,18.24092102050781,3562,11.884296417236328,7.211503505706787,0.009925558312655,0.9988984762254453,0.2389743589743589,0.4656410256410256,0.6499145299145299,0.3630769230769231,0.6721367521367522,0.8478632478632478,0.7175734639167786,INPUT,adaptive_resnet,multiview,5.0,none,multitask,multitask,jitter_scale,none,314159,798271,798271,32971,5850,8.421645164489746,96,7,5,11,4,cycle,eca,attention,0.0,0.15,192,0.5,0.35,0.1,"[1.0, 1.0]",adamw,none,5,2,192,0.001,0.0002,multiview_5s_none,ok,,,,,,,,,
adaptive_resnet,multiview,10.0,none,multitask,multitask,jitter_scale,none,96,7,5,11,4,cycle,eca,attention,0.0,0.15,192,0.5,0.35,0.1,"[1.0, 1.0]",adamw,none,5,2,192,0.001,0.0002,INPUT,multiview_10s_none,I200_INPUT_027_7c2f1494bf,,,,,,,,,,1,0.6924867948820425,13.189505577087402,8.50095272064209,10.845229148864746,13.189505577087402,16.796171188354492,11.324837684631348,-1.5926275253295898,-2.027111053466797,0.2996421008134505,0.4052148741856716,0.710706353187561,2965,13.121953010559082,7.91395902633667,403,30.802194595336918,20.126230239868164,3562,11.7311372756958,6.3125762939453125,0.0,1.0,0.2413675213675213,0.469059829059829,0.6517948717948718,0.3741880341880342,0.692991452991453,0.8531623931623932,0.7043005228042603,INPUT,adaptive_resnet,multiview,10.0,none,multitask,multitask,jitter_scale,none,314159,798271,798271,32971,5850,7.725669145584106,96,7,5,11,4,cycle,eca,attention,0.0,0.15,192,0.5,0.35,0.1,"[1.0, 1.0]",adamw,none,5,2,192,0.001,0.0002,multiview_10s_none,ok,,,,,,,,,
adaptive_resnet,multiview,15.0,none,multitask,multitask,jitter_scale,none,96,7,5,11,4,cycle,eca,attention,0.0,0.15,192,0.5,0.35,0.1,"[1.0, 1.0]",adamw,none,5,2,192,0.001,0.0002,INPUT,multiview_15s_none,I200_INPUT_028_b8f71c13b6,,,,,,,,,,1,0.6923419739617858,13.090171813964844,8.565664291381836,10.82791805267334,13.090171813964844,16.585277557373047,11.3911714553833,-0.0490250252187252,-2.284979343414306,0.3082689156281263,0.4028250190988485,0.7105613350868225,2965,13.531644821166992,7.828658103942871,403,29.38857078552246,20.278568267822266,3562,12.01172924041748,6.258754730224609,0.0,1.0,0.2381196581196581,0.4646153846153846,0.6543589743589744,0.3774358974358974,0.69008547008547,0.8500854700854701,0.7061777114868164,INPUT,adaptive_resnet,multiview,15.0,none,multitask,multitask,jitter_scale,none,314159,798271,798271,32971,5850,11.986748695373535,96,7,5,11,4,cycle,eca,attention,0.0,0.15,192,0.5,0.35,0.1,"[1.0, 1.0]",adamw,none,5,2,192,0.001,0.0002,multiview_15s_none,ok,,,,,,,,,
adaptive_resnet,multiview,10.0,raw__fusion+scale,multitask,multitask,jitter_scale,none,96,7,5,11,4,cycle,eca,attention,0.0,0.15,192,0.5,0.35,0.1,"[1.0, 1.0]",adamw,none,5,2,192,0.001,0.0002,INPUT,multiview_10s_rawfusion,I200_INPUT_029_742823fdbc,,,,,,,,,,1,0.6819638544043829,13.018160820007324,8.489470481872559,10.75381565093994,13.018160820007324,16.458738327026367,11.203866958618164,0.2253028750419616,-1.8885568380355835,0.3229729837877941,0.4201836213173099,0.7054764032363892,2965,13.527289390563965,7.957796096801758,403,28.678300857543945,19.72901725769043,3562,12.00292682647705,6.3859148025512695,0.0,1.0,0.2401709401709401,0.4629059829059829,0.6552136752136752,0.3685470085470085,0.6972649572649573,0.8541880341880342,0.7036397457122803,INPUT,adaptive_resnet,multiview,10.0,raw__fusion+scale,multitask,multitask,jitter_scale,none,314159,814399,814399,32971,5850,7.774027109146118,96,7,5,11,4,cycle,eca,attention,0.0,0.15,192,0.5,0.35,0.1,"[1.0, 1.0]",adamw,none,5,2,192,0.001,0.0002,multiview_10s_rawfusion,ok,,,,,,,,,
adaptive_resnet,multiview,10.0,bandpass_robust__fusion,multitask,multitask,jitter_scale,none,96,7,5,11,4,cycle,eca,attention,0.0,0.15,192,0.5,0.35,0.1,"[1.0, 1.0]",adamw,none,5,2,192,0.001,0.0002,INPUT,multiview_10s_robustfusion,I200_INPUT_030_149402bc2e,,,,,,,,,,1,0.6762799246366634,13.207338333129885,8.550131797790527,10.878734588623049,13.207338333129885,16.643449783325195,11.129878997802734,0.9072986841201782,-0.2851901352405548,0.315645790432363,0.4173618493969148,0.7131917476654053,2965,13.813494682312012,8.769245147705078,403,27.869644165039062,18.152284622192383,3562,12.29227352142334,7.210835933685303,0.0,0.9998164127042408,0.2295726495726495,0.4593162393162393,0.6451282051282051,0.3641025641025641,0.6745299145299145,0.8500854700854701,0.7196222543716431,INPUT,adaptive_resnet,multiview,10.0,bandpass_robust__fusion,multitask,multitask,jitter_scale,none,314159,814015,814015,32971,5850,7.799980401992798,96,7,5,11,4,cycle,eca,attention,0.0,0.15,192,0.5,0.35,0.1,"[1.0, 1.0]",adamw,none,5,2,192,0.001,0.0002,multiview_10s_robustfusion,ok,,,,,,,,,
adaptive_resnet,multiview_zscore,5.0,none,multitask,multitask,jitter_scale,none,96,7,5,11,4,cycle,eca,attention,0.0,0.15,192,0.5,0.35,0.1,"[1.0, 1.0]",adamw,none,5,2,192,0.001,0.0002,INPUT,multiview_zscore_5s_none,I200_INPUT_031_5ea2002166,,,,,,,,,,1,0.6980364610289418,13.090893745422363,8.676874160766602,10.88388442993164,13.090893745422363,16.613216400146484,11.379377365112305,-0.2896044850349426,-1.4328672885894775,0.3033512123277785,0.3783192776714221,0.7150800228118896,2965,13.395031929016112,8.43488597869873,403,30.02287483215332,19.756521224975582,3562,11.863142013549805,6.774458408355713,0.0,1.0,0.2331623931623931,0.4649572649572649,0.6557264957264958,0.3528205128205128,0.6777777777777778,0.8432478632478633,0.7147475481033325,INPUT,adaptive_resnet,multiview_zscore,5.0,none,multitask,multitask,jitter_scale,none,314159,798271,798271,32971,5850,5.141618490219116,96,7,5,11,4,cycle,eca,attention,0.0,0.15,192,0.5,0.35,0.1,"[1.0, 1.0]",adamw,none,5,2,192,0.001,0.0002,multiview_zscore_5s_none,ok,,,,,,,,,
adaptive_resnet,multiview_zscore,10.0,none,multitask,multitask,jitter_scale,none,96,7,5,11,4,cycle,eca,attention,0.0,0.15,192,0.5,0.35,0.1,"[1.0, 1.0]",adamw,none,5,2,192,0.001,0.0002,INPUT,multiview_zscore_10s_none,I200_INPUT_032_40fabb3eb3,,,,,,,,,,2,0.6430974616560825,13.131397247314451,8.588713645935059,10.860055923461914,13.131397247314451,16.641433715820312,11.341304779052734,0.5021306276321411,-1.5640548467636108,0.3131209373564337,0.4030967577153349,0.7126402854919434,2965,13.696006774902344,8.086719512939453,403,28.36515998840332,19.54041862487793,3562,12.074448585510254,6.58098840713501,0.009925558312655,0.998714888929686,0.2418803418803418,0.4617094017094017,0.6505982905982906,0.3755555555555555,0.676923076923077,0.8502564102564103,0.7114894986152649,INPUT,adaptive_resnet,multiview_zscore,10.0,none,multitask,multitask,jitter_scale,none,314159,798271,798271,32971,5850,10.398218154907228,96,7,5,11,4,cycle,eca,attention,0.0,0.15,192,0.5,0.35,0.1,"[1.0, 1.0]",adamw,none,5,2,192,0.001,0.0002,multiview_zscore_10s_none,ok,,,,,,,,,
adaptive_resnet,multiview_zscore,15.0,none,multitask,multitask,jitter_scale,none,96,7,5,11,4,cycle,eca,attention,0.0,0.15,192,0.5,0.35,0.1,"[1.0, 1.0]",adamw,none,5,2,192,0.001,0.0002,INPUT,multiview_zscore_15s_none,I200_INPUT_033_d25c2b353f,,,,,,,,,,1,0.6946453032798545,13.03782081604004,8.682398796081543,10.860109329223633,13.03782081604004,16.580469131469727,11.373611450195312,-0.3913113474845886,-1.4137405157089231,0.3118031192347222,0.3819688634396312,0.71382737159729,2965,13.295159339904783,8.42654037475586,403,29.77190399169922,19.61907958984375,3562,11.804306983947754,6.800975322723389,0.0,1.0,0.2401709401709401,0.4682051282051282,0.6603418803418803,0.3555555555555555,0.6765811965811965,0.8444444444444444,0.7130292654037476,INPUT,adaptive_resnet,multiview_zscore,15.0,none,multitask,multitask,jitter_scale,none,314159,798271,798271,32971,5850,12.01107382774353,96,7,5,11,4,cycle,eca,attention,0.0,0.15,192,0.5,0.35,0.1,"[1.0, 1.0]",adamw,none,5,2,192,0.001,0.0002,multiview_zscore_15s_none,ok,,,,,,,,,
adaptive_resnet,multiview_zscore,10.0,raw__fusion+scale,multitask,multitask,jitter_scale,none,96,7,5,11,4,cycle,eca,attention,0.0,0.15,192,0.5,0.35,0.1,"[1.0, 1.0]",adamw,none,5,2,192,0.001,0.0002,INPUT,multiview_zscore_10s_rawfusion,I200_INPUT_034_2d526e3812,,,,,,,,,,1,0.6864181663407836,13.023467063903809,8.505413055419922,10.764440536499023,13.023467063903809,16.446277618408203,11.123915672302246,0.4747221767902374,-1.2162222862243652,0.3227298670745733,0.4170620982606907,0.7062689065933228,2965,13.583337783813477,8.33948802947998,403,28.504867553710938,19.24056625366211,3562,12.040410995483398,6.725873947143555,0.0,1.0,0.2391452991452991,0.4644444444444444,0.6560683760683761,0.3678632478632478,0.6863247863247863,0.8558974358974359,0.7084838151931763,INPUT,adaptive_resnet,multiview_zscore,10.0,raw__fusion+scale,multitask,multitask,jitter_scale,none,314159,814399,814399,32971,5850,7.826317310333252,96,7,5,11,4,cycle,eca,attention,0.0,0.15,192,0.5,0.35,0.1,"[1.0, 1.0]",adamw,none,5,2,192,0.001,0.0002,multiview_zscore_10s_rawfusion,ok,,,,,,,,,
adaptive_resnet,multiview_zscore,10.0,bandpass_robust__fusion,multitask,multitask,jitter_scale,none,96,7,5,11,4,cycle,eca,attention,0.0,0.15,192,0.5,0.35,0.1,"[1.0, 1.0]",adamw,none,5,2,192,0.001,0.0002,INPUT,multiview_zscore_10s_robustfusion,I200_INPUT_035_9c2e6f8e53,,,,,,,,,,2,0.639146622183711,13.197039604187012,8.506573677062988,10.851806640625,13.197039604187012,16.654640197753906,11.247130393981934,0.2380305528640747,-1.5478854179382324,0.3039453815263275,0.4094518837215118,0.7111432552337646,2965,13.647915840148926,8.104281425476074,403,28.92682266235352,19.79099464416504,3562,12.104445457458496,6.496222496032715,0.0,0.9990820635212044,0.2365811965811965,0.4615384615384615,0.6485470085470085,0.3757264957264957,0.6834188034188035,0.8533333333333334,0.7102099657058716,INPUT,adaptive_resnet,multiview_zscore,10.0,bandpass_robust__fusion,multitask,multitask,jitter_scale,none,314159,814015,814015,32971,5850,10.461674213409424,96,7,5,11,4,cycle,eca,attention,0.0,0.15,192,0.5,0.35,0.1,"[1.0, 1.0]",adamw,none,5,2,192,0.001,0.0002,multiview_zscore_10s_robustfusion,ok,,,,,,,,,
adaptive_resnet,multiscale7,5.0,none,multitask,multitask,jitter_scale,none,96,7,5,11,4,cycle,eca,attention,0.0,0.15,192,0.5,0.35,0.1,"[1.0, 1.0]",adamw,none,5,2,192,0.001,0.0002,INPUT,multiscale7_5s_none,I200_INPUT_036_fba8cae0d1,,,,,,,,,,1,0.701873206121977,13.235284805297852,8.696381568908691,10.96583366394043,13.235284805297852,16.736167907714844,11.348660469055176,1.2192577123641968,-0.8742304444313049,0.2973542798265466,0.3734553779807136,0.719884991645813,2965,14.043370246887209,8.719911575317383,403,28.56403350830078,19.365236282348636,3562,12.318440437316896,7.001040935516357,0.0,1.0,0.2367521367521367,0.4560683760683761,0.6485470085470085,0.3562393162393162,0.6704273504273505,0.8476923076923077,0.7257416844367981,INPUT,adaptive_resnet,multiscale7,5.0,none,multitask,multitask,jitter_scale,none,314159,800383,800383,32971,5850,5.08522367477417,96,7,5,11,4,cycle,eca,attention,0.0,0.15,192,0.5,0.35,0.1,"[1.0, 1.0]",adamw,none,5,2,192,0.001,0.0002,multiscale7_5s_none,ok,,,,,,,,,
adaptive_resnet,multiscale7,10.0,none,multitask,multitask,jitter_scale,none,96,7,5,11,4,cycle,eca,attention,0.0,0.15,192,0.5,0.35,0.1,"[1.0, 1.0]",adamw,none,5,2,192,0.001,0.0002,INPUT,multiscale7_10s_none,I200_INPUT_037_3faa50799a,,,,,,,,,,1,0.7024142884237822,13.1716947555542,8.61034107208252,10.89101791381836,13.1716947555542,16.69465446472168,11.33922290802002,0.4478879570960998,-1.2867865562438965,0.2906116406501803,0.3856402268084807,0.714635968208313,2965,13.71378231048584,8.36926555633545,403,29.53739547729492,19.689830780029297,3562,12.034366607666016,6.713876724243164,0.0,1.0,0.2357264957264957,0.463076923076923,0.6514529914529914,0.3634188034188034,0.6803418803418804,0.8471794871794872,0.7159672379493713,INPUT,adaptive_resnet,multiscale7,10.0,none,multitask,multitask,jitter_scale,none,314159,800383,800383,32971,5850,7.801745176315308,96,7,5,11,4,cycle,eca,attention,0.0,0.15,192,0.5,0.35,0.1,"[1.0, 1.0]",adamw,none,5,2,192,0.001,0.0002,multiscale7_10s_none,ok,,,,,,,,,
adaptive_resnet,multiscale7,15.0,none,multitask,multitask,jitter_scale,none,96,7,5,11,4,cycle,eca,attention,0.0,0.15,192,0.5,0.35,0.1,"[1.0, 1.0]",adamw,none,5,2,192,0.001,0.0002,INPUT,multiscale7_15s_none,I200_INPUT_038_a17876eb01,,,,,,,,,,1,0.7014168303373248,13.154182434082031,8.669447898864746,10.911815643310549,13.154182434082031,16.66997528076172,11.40461540222168,1.2071468830108645,-1.666179895401001,0.3141656678824687,0.385782278683029,0.7165398001670837,2965,13.829360961914062,8.171119689941406,403,27.77859878540039,19.596094131469727,3562,12.243669509887695,6.598892211914063,0.0,1.0,0.2364102564102564,0.4663247863247863,0.6507692307692308,0.3623931623931624,0.672991452991453,0.8480341880341881,0.7161948680877686,INPUT,adaptive_resnet,multiscale7,15.0,none,multitask,multitask,jitter_scale,none,314159,800383,800383,32971,5850,12.092949867248535,96,7,5,11,4,cycle,eca,attention,0.0,0.15,192,0.5,0.35,0.1,"[1.0, 1.0]",adamw,none,5,2,192,0.001,0.0002,multiscale7_15s_none,ok,,,,,,,,,
adaptive_resnet,multiscale7,10.0,raw__fusion+scale,multitask,multitask,jitter_scale,none,96,7,5,11,4,cycle,eca,attention,0.0,0.15,192,0.5,0.35,0.1,"[1.0, 1.0]",adamw,none,5,2,192,0.001,0.0002,INPUT,multiscale7_10s_rawfusion,I200_INPUT_039_36ff63e07a,,,,,,,,,,4,0.6082147806882858,13.065267562866213,8.544379234313965,10.80482292175293,13.065267562866213,16.496057510375977,11.261192321777344,-0.364967942237854,-1.3229553699493408,0.3357038071358834,0.4201998796499461,0.7090076804161072,2965,13.352330207824709,8.15393352508545,403,28.0820426940918,18.567651748657227,3562,12.003561973571776,6.735490322113037,0.0124069478908188,0.997429777859372,0.2282051282051282,0.4623931623931624,0.6543589743589744,0.3803418803418803,0.6811965811965812,0.8507692307692307,0.7070551514625549,INPUT,adaptive_resnet,multiscale7,10.0,raw__fusion+scale,multitask,multitask,jitter_scale,none,314159,816511,816511,32971,5850,13.07711124420166,96,7,5,11,4,cycle,eca,attention,0.0,0.15,192,0.5,0.35,0.1,"[1.0, 1.0]",adamw,none,5,2,192,0.001,0.0002,multiscale7_10s_rawfusion,ok,,,,,,,,,
adaptive_resnet,multiscale7,10.0,bandpass_robust__fusion,multitask,multitask,jitter_scale,none,96,7,5,11,4,cycle,eca,attention,0.0,0.15,192,0.5,0.35,0.1,"[1.0, 1.0]",adamw,none,5,2,192,0.001,0.0002,INPUT,multiscale7_10s_robustfusion,I200_INPUT_040_ddb7bd5c56,,,,,,,,,,1,0.6905384344416995,13.140942573547363,8.5823974609375,10.861669540405272,13.140942573547363,16.561086654663086,11.278730392456056,0.2316187769174575,-1.3868364095687866,0.2939139837151987,0.3905024260741621,0.7126502990722656,2965,13.730406761169434,8.425889015197754,403,29.887752532958984,20.006635665893555,3562,12.04765796661377,6.6314473152160645,0.0,1.0,0.229059829059829,0.4579487179487179,0.648034188034188,0.3634188034188034,0.6794871794871795,0.8541880341880342,0.7151661515235901,INPUT,adaptive_resnet,multiscale7,10.0,bandpass_robust__fusion,multitask,multitask,jitter_scale,none,314159,816127,816127,32971,5850,7.8251142501831055,96,7,5,11,4,cycle,eca,attention,0.0,0.15,192,0.5,0.35,0.1,"[1.0, 1.0]",adamw,none,5,2,192,0.001,0.0002,multiscale7_10s_robustfusion,ok,,,,,,,,,
adaptive_resnet,derivatives_zscore,5.0,none,direct,huber,jitter_scale,none,96,6,7,11,4,cycle,eca,attention,0.0,0.15,192,0.25,0.35,0.1,"[1.0, 1.0]",adamw,none,5,2,192,0.001,0.0002,OBJECTIVE,derivative5_huber_b025,I200_OBJECTIVE_001_8e3d08f02d,,,,,,,,,,1,0.6156253523604814,13.090494155883787,8.732606887817383,10.911550521850586,13.090494155883787,16.61374855041504,11.563410758972168,0.2128707319498062,-2.0636610984802246,0.298031016267123,0.3709732666838376,0.7173233032226562,2965,13.5529203414917,8.109824180603027,403,29.708032608032227,20.47067070007324,3562,11.937216758728027,6.503151893615723,0.0,1.0,0.2386324786324786,0.4675213675213675,0.6512820512820513,0.3702564102564102,0.672991452991453,0.8430769230769231,0.714240550994873,OBJECTIVE,adaptive_resnet,derivatives_zscore,5.0,none,direct,huber,jitter_scale,none,314159,924663,924663,32971,5850,4.964799404144287,96,6,7,11,4,cycle,eca,attention,0.0,0.15,192,0.25,0.35,0.1,"[1.0, 1.0]",adamw,none,5,2,192,0.001,0.0002,derivative5_huber_b025,ok,,,,,,,,,
adaptive_resnet,derivatives_zscore,5.0,none,direct,huber,jitter_scale,none,96,6,7,11,4,cycle,eca,attention,0.0,0.15,192,0.5,0.35,0.1,"[1.0, 1.0]",adamw,none,5,2,192,0.001,0.0002,OBJECTIVE,derivative5_huber_b050,I200_OBJECTIVE_002_b9d410edf4,,,,,,,,,,1,0.5165968135345814,13.06566333770752,8.713558197021484,10.889610290527344,13.06566333770752,16.59311866760254,11.54071044921875,-0.0280811581760644,-2.359531879425049,0.3003648239250324,0.3805458821633252,0.7158621549606323,2965,13.445643424987791,7.96849250793457,403,29.85340881347656,20.638397216796875,3562,11.880515098571776,6.378579616546631,0.0,1.0,0.2411965811965812,0.4644444444444444,0.6574358974358975,0.3668376068376068,0.6774358974358974,0.8446153846153847,0.7109694480895996,OBJECTIVE,adaptive_resnet,derivatives_zscore,5.0,none,direct,huber,jitter_scale,none,314159,924663,924663,32971,5850,4.963061332702637,96,6,7,11,4,cycle,eca,attention,0.0,0.15,192,0.5,0.35,0.1,"[1.0, 1.0]",adamw,none,5,2,192,0.001,0.0002,derivative5_huber_b050,ok,,,,,,,,,
adaptive_resnet,derivatives_zscore,5.0,none,direct,huber,jitter_scale,none,96,6,7,11,4,cycle,eca,attention,0.0,0.15,192,1.0,0.35,0.1,"[1.0, 1.0]",adamw,none,5,2,192,0.001,0.0002,OBJECTIVE,derivative5_huber_b100,I200_OBJECTIVE_003_5710b00acb,,,,,,,,,,1,0.3679669651874276,13.105107307434082,8.715571403503418,10.91033935546875,13.105107307434082,16.563587188720703,11.332627296447754,0.430977314710617,-0.5661830902099609,0.3072430386751444,0.3798079898684462,0.7170406579971313,2965,13.660622596740724,8.931185722351074,403,29.14302444458008,18.83305549621582,3562,12.061565399169922,7.230729103088379,0.0,1.0,0.2331623931623931,0.4642735042735043,0.6564102564102564,0.361025641025641,0.6630769230769231,0.8423931623931624,0.7230837345123291,OBJECTIVE,adaptive_resnet,derivatives_zscore,5.0,none,direct,huber,jitter_scale,none,314159,924663,924663,32971,5850,4.954915761947632,96,6,7,11,4,cycle,eca,attention,0.0,0.15,192,1.0,0.35,0.1,"[1.0, 1.0]",adamw,none,5,2,192,0.001,0.0002,derivative5_huber_b100,ok,,,,,,,,,
adaptive_resnet,derivatives_zscore,5.0,none,direct,l1,jitter_scale,none,96,6,7,11,4,cycle,eca,attention,0.0,0.15,192,0.5,0.35,0.1,"[1.0, 1.0]",adamw,none,5,2,192,0.001,0.0002,OBJECTIVE,derivative5_l1,I200_OBJECTIVE_004_917d419812,,,,,,,,,,1,0.7312634095203044,13.057652473449709,8.74549388885498,10.901573181152344,13.057652473449709,16.59788703918457,11.561490058898926,-0.7001780271530151,-1.7478084564208984,0.2939122890090402,0.3686771780327915,0.7169312238693237,2965,13.295391082763672,8.247658729553223,403,30.92557716369629,20.18482780456543,3562,11.71297550201416,6.649831295013428,0.0,1.0,0.2413675213675213,0.4678632478632478,0.6553846153846153,0.3712820512820513,0.6724786324786325,0.8423931623931624,0.7135497331619263,OBJECTIVE,adaptive_resnet,derivatives_zscore,5.0,none,direct,l1,jitter_scale,none,314159,924663,924663,32971,5850,4.995240449905396,96,6,7,11,4,cycle,eca,attention,0.0,0.15,192,0.5,0.35,0.1,"[1.0, 1.0]",adamw,none,5,2,192,0.001,0.0002,derivative5_l1,ok,,,,,,,,,
adaptive_resnet,derivatives_zscore,5.0,none,direct,logcosh,jitter_scale,none,96,6,7,11,4,cycle,eca,attention,0.0,0.15,192,0.5,0.35,0.1,"[1.0, 1.0]",adamw,none,5,2,192,0.001,0.0002,OBJECTIVE,derivative5_logcosh,I200_OBJECTIVE_005_454f97e50c,,,,,,,,,,1,0.3248539165008899,13.104432106018066,8.701149940490723,10.902791023254396,13.104432106018066,16.531639099121094,11.422602653503418,0.8933418393135071,-1.4023127555847168,0.30991939047963,0.3824643423756642,0.7164385318756104,2965,13.8106050491333,8.431848526000977,403,28.730369567871094,19.425540924072266,3562,12.16958713531494,6.83906364440918,0.0,1.0,0.2316239316239316,0.461025641025641,0.6499145299145299,0.3641025641025641,0.6694017094017094,0.8437606837606838,0.7186251878738403,OBJECTIVE,adaptive_resnet,derivatives_zscore,5.0,none,direct,logcosh,jitter_scale,none,314159,924663,924663,32971,5850,4.968469142913818,96,6,7,11,4,cycle,eca,attention,0.0,0.15,192,0.5,0.35,0.1,"[1.0, 1.0]",adamw,none,5,2,192,0.001,0.0002,derivative5_logcosh,ok,,,,,,,,,
adaptive_resnet,derivatives_zscore,5.0,none,direct,huber_ccc,jitter_scale,none,96,6,7,11,4,cycle,eca,attention,0.0,0.15,192,0.5,0.35,0.1,"[1.0, 1.0]",adamw,none,5,2,192,0.001,0.0002,OBJECTIVE,derivative5_ccc002,I200_OBJECTIVE_006_dd07db37de,,,,0.02,,,,,,1,0.5321459822183432,13.066937446594238,8.748983383178711,10.907960891723633,13.066937446594238,16.598432540893555,11.595105171203612,0.1515730768442154,-2.442533254623413,0.3048609406769426,0.3785046951665395,0.7173305749893188,2965,13.487998008728027,7.916182518005371,403,29.48334312438965,20.637283325195312,3562,11.936020851135254,6.373616218566895,0.0,1.0,0.2403418803418803,0.4639316239316239,0.6603418803418803,0.3651282051282051,0.6738461538461539,0.8441025641025641,0.7118363380432129,OBJECTIVE,adaptive_resnet,derivatives_zscore,5.0,none,direct,huber_ccc,jitter_scale,none,314159,924663,924663,32971,5850,4.962304592132568,96,6,7,11,4,cycle,eca,attention,0.0,0.15,192,0.5,0.35,0.1,"[1.0, 1.0]",adamw,none,5,2,192,0.001,0.0002,derivative5_ccc002,ok,,,,0.02,,,,,
adaptive_resnet,derivatives_zscore,5.0,none,direct,huber_ccc,jitter_scale,none,96,6,7,11,4,cycle,eca,attention,0.0,0.15,192,0.5,0.35,0.1,"[1.0, 1.0]",adamw,none,5,2,192,0.001,0.0002,OBJECTIVE,derivative5_ccc005,I200_OBJECTIVE_007_820ae3c4e9,,,,0.05,,,,,,1,0.5529504446096198,13.113767623901367,8.728121757507324,10.920944213867188,13.113767623901367,16.679927825927734,11.530743598937988,0.3412584364414215,-2.092884063720703,0.303781302954375,0.3815690204814639,0.7177892327308655,2965,13.54210090637207,8.067208290100098,403,28.939002990722656,20.192392349243164,3562,12.026458740234377,6.516350269317627,0.0,1.0,0.2405128205128205,0.465982905982906,0.6553846153846153,0.365982905982906,0.6752136752136753,0.8435897435897436,0.7140837907791138,OBJECTIVE,adaptive_resnet,derivatives_zscore,5.0,none,direct,huber_ccc,jitter_scale,none,314159,924663,924663,32971,5850,4.983258008956909,96,6,7,11,4,cycle,eca,attention,0.0,0.15,192,0.5,0.35,0.1,"[1.0, 1.0]",adamw,none,5,2,192,0.001,0.0002,derivative5_ccc005,ok,,,,0.05,,,,,
adaptive_resnet,derivatives_zscore,5.0,none,direct,huber_ccc,jitter_scale,none,96,6,7,11,4,cycle,eca,attention,0.0,0.15,192,0.5,0.35,0.1,"[1.0, 1.0]",adamw,none,5,2,192,0.001,0.0002,OBJECTIVE,derivative5_ccc010,I200_OBJECTIVE_008_41b568d00c,,,,0.1,,,,,,1,0.5883678903066835,13.1149320602417,8.759814262390137,10.937373161315918,13.1149320602417,16.707448959350586,11.578775405883787,-0.0211495794355869,-2.2519845962524414,0.3033701662198235,0.3785449489681994,0.7191035747528076,2965,13.415268898010254,8.015235900878906,403,29.22235107421875,20.407182693481445,3562,11.93746566772461,6.481141090393066,0.0049627791563275,1.0,0.2417094017094017,0.4635897435897436,0.6548717948717949,0.3661538461538461,0.6736752136752137,0.8452991452991453,0.7136620879173279,OBJECTIVE,adaptive_resnet,derivatives_zscore,5.0,none,direct,huber_ccc,jitter_scale,none,314159,924663,924663,32971,5850,4.964781761169434,96,6,7,11,4,cycle,eca,attention,0.0,0.15,192,0.5,0.35,0.1,"[1.0, 1.0]",adamw,none,5,2,192,0.001,0.0002,derivative5_ccc010,ok,,,,0.1,,,,,
adaptive_resnet,derivatives_zscore,5.0,none,direct,huber_ccc,jitter_scale,none,96,6,7,11,4,cycle,eca,attention,0.0,0.15,192,0.5,0.35,0.1,"[1.0, 1.0]",adamw,none,5,2,192,0.001,0.0002,OBJECTIVE,derivative5_ccc020,I200_OBJECTIVE_009_ec1770bdaa,,,,0.2,,,,,,1,0.6567983332761499,13.189400672912598,8.7482328414917,10.968816757202148,13.189400672912598,16.876535415649414,11.51624584197998,-0.8371957540512085,-1.8130855560302732,0.308424481899633,0.3827659159929351,0.7207062840461731,2965,13.16504955291748,8.214723587036133,403,29.36962127685547,19.82870101928711,3562,11.846473693847656,6.693953990936279,0.0173697270471464,0.9981641270424086,0.2442735042735042,0.4697435897435897,0.6560683760683761,0.3627350427350427,0.6736752136752137,0.8411965811965813,0.7151416540145874,OBJECTIVE,adaptive_resnet,derivatives_zscore,5.0,none,direct,huber_ccc,jitter_scale,none,314159,924663,924663,32971,5850,4.9723968505859375,96,6,7,11,4,cycle,eca,attention,0.0,0.15,192,0.5,0.35,0.1,"[1.0, 1.0]",adamw,none,5,2,192,0.001,0.0002,derivative5_ccc020,ok,,,,0.2,,,,,
adaptive_resnet,derivatives_zscore,5.0,none,direct,asymmetric_high,jitter_scale,none,96,6,7,11,4,cycle,eca,attention,0.0,0.15,192,0.5,0.35,0.1,"[1.0, 1.0]",adamw,none,5,2,192,0.001,0.0002,OBJECTIVE,derivative5_asym025,I200_OBJECTIVE_010_dd4ad80620,,,,,0.25,,,,,1,0.5440188084923944,13.179511070251465,8.755943298339844,10.967727661132812,13.179511070251465,16.761255264282227,11.442657470703123,0.3012773096561432,-1.018109679222107,0.3002202398531866,0.3749090033872234,0.7207430601119995,2965,13.571084976196287,8.634119033813477,403,28.936901092529297,19.262523651123047,3562,12.058059692382812,7.010097980499268,0.0049627791563275,0.9998164127042408,0.2369230769230769,0.4646153846153846,0.6535042735042735,0.3591452991452991,0.6670085470085471,0.8444444444444444,0.7222337126731873,OBJECTIVE,adaptive_resnet,derivatives_zscore,5.0,none,direct,asymmetric_high,jitter_scale,none,314159,924663,924663,32971,5850,4.95396900177002,96,6,7,11,4,cycle,eca,attention,0.0,0.15,192,0.5,0.35,0.1,"[1.0, 1.0]",adamw,none,5,2,192,0.001,0.0002,derivative5_asym025,ok,,,,,0.25,,,,
adaptive_resnet,derivatives_zscore,5.0,none,direct,asymmetric_high,jitter_scale,none,96,6,7,11,4,cycle,eca,attention,0.0,0.15,192,0.5,0.35,0.1,"[1.0, 1.0]",adamw,none,5,2,192,0.001,0.0002,OBJECTIVE,derivative5_asym050,I200_OBJECTIVE_011_9b92c429e0,,,,,0.5,,,,,1,0.5671121422634569,13.152069091796877,8.79716968536377,10.974618911743164,13.152069091796877,16.755048751831055,11.493181228637695,0.2892013490200043,-0.9981144070625304,0.3048456284858597,0.3780044290732731,0.7216475605964661,2965,13.514788627624512,8.541387557983398,403,28.69095039367676,19.125534057617188,3562,12.034595489501951,7.010874271392822,0.0124069478908188,0.9981641270424086,0.2411965811965812,0.4646153846153846,0.6579487179487179,0.3536752136752136,0.6668376068376068,0.8396581196581197,0.7215828895568848,OBJECTIVE,adaptive_resnet,derivatives_zscore,5.0,none,direct,asymmetric_high,jitter_scale,none,314159,924663,924663,32971,5850,4.948609113693237,96,6,7,11,4,cycle,eca,attention,0.0,0.15,192,0.5,0.35,0.1,"[1.0, 1.0]",adamw,none,5,2,192,0.001,0.0002,derivative5_asym050,ok,,,,,0.5,,,,
adaptive_resnet,derivatives_zscore,5.0,none,direct,focal_huber,jitter_scale,none,96,6,7,11,4,cycle,eca,attention,0.0,0.15,192,0.5,0.35,0.1,"[1.0, 1.0]",adamw,none,5,2,192,0.001,0.0002,OBJECTIVE,derivative5_focal025,I200_OBJECTIVE_012_8d558f4669,,,,,,0.25,,,,1,0.6866840096407159,13.075550079345703,8.74209976196289,10.908824920654297,13.075550079345703,16.58395767211914,11.564454078674316,0.13136987388134,-2.316145896911621,0.3062615202233291,0.3794264580381972,0.7172917127609253,2965,13.510910034179688,7.967297554016113,403,29.457988739013672,20.507417678833008,3562,11.94934368133545,6.407887935638428,0.0,1.0,0.2374358974358974,0.4678632478632478,0.657094017094017,0.3622222222222222,0.6716239316239316,0.8466666666666667,0.7124833464622498,OBJECTIVE,adaptive_resnet,derivatives_zscore,5.0,none,direct,focal_huber,jitter_scale,none,314159,924663,924663,32971,5850,4.947801113128662,96,6,7,11,4,cycle,eca,attention,0.0,0.15,192,0.5,0.35,0.1,"[1.0, 1.0]",adamw,none,5,2,192,0.001,0.0002,derivative5_focal025,ok,,,,,,0.25,,,
adaptive_resnet,derivatives_zscore,5.0,none,direct,focal_huber,jitter_scale,none,96,6,7,11,4,cycle,eca,attention,0.0,0.15,192,0.5,0.35,0.1,"[1.0, 1.0]",adamw,none,5,2,192,0.001,0.0002,OBJECTIVE,derivative5_focal050,I200_OBJECTIVE_013_4ed9c24758,,,,,,0.5,,,,1,0.8537259524644807,13.044671058654783,8.694574356079102,10.869623184204102,13.044671058654783,16.491580963134766,11.492658615112305,0.0367862954735755,-2.293911933898926,0.3090219482222371,0.3868586648282605,0.714510440826416,2965,13.495400428771973,7.977002620697021,403,29.664894104003903,20.40401268005371,3562,11.919475555419922,6.392335414886475,0.0,1.0,0.2336752136752136,0.4651282051282051,0.6552136752136752,0.3658119658119658,0.6757264957264957,0.8466666666666667,0.7103877067565918,OBJECTIVE,adaptive_resnet,derivatives_zscore,5.0,none,direct,focal_huber,jitter_scale,none,314159,924663,924663,32971,5850,4.940650701522827,96,6,7,11,4,cycle,eca,attention,0.0,0.15,192,0.5,0.35,0.1,"[1.0, 1.0]",adamw,none,5,2,192,0.001,0.0002,derivative5_focal050,ok,,,,,,0.5,,,
adaptive_resnet,derivatives_zscore,5.0,none,direct,physiology_huber,jitter_scale,none,96,6,7,11,4,cycle,eca,attention,0.0,0.15,192,0.5,0.35,0.1,"[1.0, 1.0]",adamw,none,5,2,192,0.001,0.0002,OBJECTIVE,derivative5_physio005,I200_OBJECTIVE_014_3ef0b02db8,,,,,,,0.05,,,1,0.5165968135345814,13.06566333770752,8.713558197021484,10.889610290527344,13.06566333770752,16.59311866760254,11.54071044921875,-0.0280811581760644,-2.359531879425049,0.3003648239250324,0.3805458821633252,0.7158621549606323,2965,13.445643424987791,7.96849250793457,403,29.85340881347656,20.638397216796875,3562,11.880515098571776,6.378579616546631,0.0,1.0,0.2411965811965812,0.4644444444444444,0.6574358974358975,0.3668376068376068,0.6774358974358974,0.8446153846153847,0.7109694480895996,OBJECTIVE,adaptive_resnet,derivatives_zscore,5.0,none,direct,physiology_huber,jitter_scale,none,314159,924663,924663,32971,5850,4.981195688247681,96,6,7,11,4,cycle,eca,attention,0.0,0.15,192,0.5,0.35,0.1,"[1.0, 1.0]",adamw,none,5,2,192,0.001,0.0002,derivative5_physio005,ok,,,,,,,0.05,,
adaptive_resnet,derivatives_zscore,5.0,none,direct,physiology_huber,jitter_scale,none,96,6,7,11,4,cycle,eca,attention,0.0,0.15,192,0.5,0.35,0.1,"[1.0, 1.0]",adamw,none,5,2,192,0.001,0.0002,OBJECTIVE,derivative5_physio015,I200_OBJECTIVE_015_61d5d1a3f3,,,,,,,0.15,,,1,0.5165968135345814,13.06566333770752,8.713558197021484,10.889610290527344,13.06566333770752,16.59311866760254,11.54071044921875,-0.0280811581760644,-2.359531879425049,0.3003648239250324,0.3805458821633252,0.7158621549606323,2965,13.445643424987791,7.96849250793457,403,29.85340881347656,20.638397216796875,3562,11.880515098571776,6.378579616546631,0.0,1.0,0.2411965811965812,0.4644444444444444,0.6574358974358975,0.3668376068376068,0.6774358974358974,0.8446153846153847,0.7109694480895996,OBJECTIVE,adaptive_resnet,derivatives_zscore,5.0,none,direct,physiology_huber,jitter_scale,none,314159,924663,924663,32971,5850,4.96668815612793,96,6,7,11,4,cycle,eca,attention,0.0,0.15,192,0.5,0.35,0.1,"[1.0, 1.0]",adamw,none,5,2,192,0.001,0.0002,derivative5_physio015,ok,,,,,,,0.15,,
adaptive_resnet,derivatives_zscore,5.0,none,clinical,huber,jitter_scale,none,96,6,7,11,4,cycle,eca,attention,0.0,0.15,192,0.5,0.35,0.1,"[1.0, 1.0]",adamw,none,5,2,192,0.001,0.0002,OBJECTIVE,derivative5_clinical010,I200_OBJECTIVE_016_d841344ee2,,,,,,,,0.1,,1,0.6092974637136903,13.02117156982422,8.741096496582031,10.881134033203123,13.02117156982422,16.58361053466797,11.617414474487305,-1.1508595943450928,-2.690850257873535,0.3038970024282742,0.3814551402794849,0.7157387137413025,2965,13.075700759887695,7.760829448699951,403,31.02467155456543,20.869815826416016,3562,11.604402542114258,6.237550735473633,0.0,1.0,0.2425641025641025,0.4733333333333333,0.658974358974359,0.3699145299145299,0.6779487179487179,0.8430769230769231,0.7062045931816101,OBJECTIVE,adaptive_resnet,derivatives_zscore,5.0,none,clinical,huber,jitter_scale,none,314159,925183,925183,32971,5850,4.989717721939087,96,6,7,11,4,cycle,eca,attention,0.0,0.15,192,0.5,0.35,0.1,"[1.0, 1.0]",adamw,none,5,2,192,0.001,0.0002,derivative5_clinical010,ok,,,,,,,,0.1,
adaptive_resnet,derivatives_zscore,5.0,none,ordinal,huber,jitter_scale,none,96,6,7,11,4,cycle,eca,attention,0.0,0.15,192,0.5,0.35,0.1,"[1.0, 1.0]",adamw,none,5,2,192,0.001,0.0002,OBJECTIVE,derivative5_ordinal010,I200_OBJECTIVE_017_381a27617c,,,,,,,,,0.1,1,0.5480832272144252,13.08327293395996,8.742884635925293,10.913078308105469,13.08327293395996,16.638132095336914,11.620230674743652,-0.5475025773048401,-2.61712646484375,0.3029234684398055,0.380224037888217,0.7175382375717163,2965,13.268486976623535,7.828392505645752,403,30.09015655517578,20.771785736083984,3562,11.78712558746338,6.312954425811768,0.0,1.0,0.2398290598290598,0.469059829059829,0.6548717948717949,0.3661538461538461,0.6782905982905983,0.844957264957265,0.7095779180526733,OBJECTIVE,adaptive_resnet,derivatives_zscore,5.0,none,ordinal,huber,jitter_scale,none,314159,925183,925183,32971,5850,4.977575063705444,96,6,7,11,4,cycle,eca,attention,0.0,0.15,192,0.5,0.35,0.1,"[1.0, 1.0]",adamw,none,5,2,192,0.001,0.0002,derivative5_ordinal010,ok,,,,,,,,,0.1
adaptive_resnet,derivatives_zscore,5.0,none,multitask,multitask,jitter_scale,none,96,6,7,11,4,cycle,eca,attention,0.0,0.15,192,0.5,0.2,0.05,"[1.0, 1.0]",adamw,none,5,2,192,0.001,0.0002,OBJECTIVE,derivative5_multitask_light,I200_OBJECTIVE_018_5c36d0c5e8,,,,,,,,,,1,0.6164582175917404,13.073126792907717,8.616707801818848,10.84491729736328,13.073126792907717,16.692550659179688,11.312607765197754,-1.4510289430618286,-1.16289484500885,0.3077476031303855,0.3862646610598886,0.7121520042419434,2965,13.009132385253906,8.533340454101562,403,30.956317901611328,19.518423080444336,3562,11.583611488342283,6.851921558380127,0.0,1.0,0.2405128205128205,0.4741880341880342,0.6586324786324786,0.3651282051282051,0.6776068376068376,0.8480341880341881,0.7108639478683472,OBJECTIVE,adaptive_resnet,derivatives_zscore,5.0,none,multitask,multitask,jitter_scale,none,314159,924793,924793,32971,5850,4.975501298904419,96,6,7,11,4,cycle,eca,attention,0.0,0.15,192,0.5,0.2,0.05,"[1.0, 1.0]",adamw,none,5,2,192,0.001,0.0002,derivative5_multitask_light,ok,,,,,,,,,
adaptive_resnet,derivatives_zscore,5.0,none,multitask,multitask,jitter_scale,none,96,6,7,11,4,cycle,eca,attention,0.0,0.15,192,0.5,0.35,0.1,"[1.0, 1.0]",adamw,none,5,2,192,0.001,0.0002,OBJECTIVE,derivative5_multitask_default,I200_OBJECTIVE_019_66d7a8f534,,,,,,,,,,1,0.697428114538969,13.08346176147461,8.638093948364258,10.860777854919434,13.08346176147461,16.670690536499023,11.299017906188965,-0.5843172669410706,-0.6537730097770691,0.3011484389565093,0.3798676523229773,0.7133045792579651,2965,13.310846328735352,8.866159439086914,403,30.265071868896484,19.29023742675781,3562,11.788692474365234,7.107561111450195,0.0,1.0,0.24,0.4700854700854701,0.6598290598290598,0.3668376068376068,0.6685470085470085,0.8461538461538461,0.7171919941902161,OBJECTIVE,adaptive_resnet,derivatives_zscore,5.0,none,multitask,multitask,jitter_scale,none,314159,924793,924793,32971,5850,5.019064664840698,96,6,7,11,4,cycle,eca,attention,0.0,0.15,192,0.5,0.35,0.1,"[1.0, 1.0]",adamw,none,5,2,192,0.001,0.0002,derivative5_multitask_default,ok,,,,,,,,,
adaptive_resnet,derivatives_zscore,5.0,none,multitask,multitask,jitter_scale,none,96,6,7,11,4,cycle,eca,attention,0.0,0.15,192,0.5,0.5,0.2,"[1.0, 1.0]",adamw,none,5,2,192,0.001,0.0002,OBJECTIVE,derivative5_multitask_strong,I200_OBJECTIVE_020_34c60ebb0e,,,,,,,,,,1,0.7778867244027382,13.117430686950684,8.667657852172852,10.89254379272461,13.117430686950684,16.69171142578125,11.448942184448242,-1.873898267745972,-1.9091235399246216,0.2986286517559973,0.3736811777060678,0.7154452800750732,2965,12.967939376831056,8.202096939086914,403,31.59325408935547,20.588598251342773,3562,11.557217597961426,6.471577167510986,0.0,1.0,0.2384615384615384,0.4685470085470085,0.6572649572649573,0.3658119658119658,0.6781196581196581,0.847008547008547,0.7096977233886719,OBJECTIVE,adaptive_resnet,derivatives_zscore,5.0,none,multitask,multitask,jitter_scale,none,314159,924793,924793,32971,5850,4.978276014328003,96,6,7,11,4,cycle,eca,attention,0.0,0.15,192,0.5,0.5,0.2,"[1.0, 1.0]",adamw,none,5,2,192,0.001,0.0002,derivative5_multitask_strong,ok,,,,,,,,,
adaptive_resnet,multiview_zscore,10.0,none,direct,huber,jitter_scale,none,96,6,7,11,4,cycle,eca,attention,0.0,0.15,192,0.25,0.35,0.1,"[1.0, 1.0]",adamw,none,5,2,192,0.001,0.0002,OBJECTIVE,multiview10_huber_b025,I200_OBJECTIVE_021_82f0a5d7c2,,,,,,,,,,1,0.6158424116844354,13.013473510742188,8.659069061279297,10.836271286010742,13.013473510742188,16.597869873046875,11.389971733093262,-0.6722148656845093,-1.4291162490844729,0.3119581621512807,0.3863804534222751,0.7122064828872681,2965,13.219792366027832,8.3492431640625,403,30.09242248535156,19.57459259033203,3562,11.728926658630373,6.772121906280518,0.0,1.0,0.248034188034188,0.4735042735042735,0.6615384615384615,0.3630769230769231,0.6736752136752137,0.8468376068376068,0.710507869720459,OBJECTIVE,adaptive_resnet,multiview_zscore,10.0,none,direct,huber,jitter_scale,none,314159,926775,926775,32971,5850,7.024619817733765,96,6,7,11,4,cycle,eca,attention,0.0,0.15,192,0.25,0.35,0.1,"[1.0, 1.0]",adamw,none,5,2,192,0.001,0.0002,multiview10_huber_b025,ok,,,,,,,,,
adaptive_resnet,multiview_zscore,10.0,none,direct,huber,jitter_scale,none,96,6,7,11,4,cycle,eca,attention,0.0,0.15,192,0.5,0.35,0.1,"[1.0, 1.0]",adamw,none,5,2,192,0.001,0.0002,OBJECTIVE,multiview10_huber_b050,I200_OBJECTIVE_022_e0b59285b3,,,,,,,,,,1,0.5161282990214436,13.045331001281738,8.668166160583496,10.856748580932615,13.045331001281738,16.625883102416992,11.275564193725586,0.4121935069561004,-0.6153064966201782,0.3184427445676728,0.3923035662316506,0.7134605646133423,2965,13.47902774810791,8.808262825012207,403,28.67745590209961,18.77196502685547,3562,12.00063133239746,7.187063217163086,0.0,1.0,0.2452991452991453,0.4728205128205128,0.658974358974359,0.36,0.6673504273504274,0.8454700854700855,0.7178928852081299,OBJECTIVE,adaptive_resnet,multiview_zscore,10.0,none,direct,huber,jitter_scale,none,314159,926775,926775,32971,5850,7.026724338531494,96,6,7,11,4,cycle,eca,attention,0.0,0.15,192,0.5,0.35,0.1,"[1.0, 1.0]",adamw,none,5,2,192,0.001,0.0002,multiview10_huber_b050,ok,,,,,,,,,
adaptive_resnet,multiview_zscore,10.0,none,direct,huber,jitter_scale,none,96,6,7,11,4,cycle,eca,attention,0.0,0.15,192,1.0,0.35,0.1,"[1.0, 1.0]",adamw,none,5,2,192,0.001,0.0002,OBJECTIVE,multiview10_huber_b100,I200_OBJECTIVE_023_5fff5c4908,,,,,,,,,,1,0.3664314097096753,13.015973091125488,8.678031921386719,10.847002029418944,13.015973091125488,16.50108528137207,11.182869911193848,0.5599120855331421,0.2327283024787902,0.3229001392407426,0.3979074890158008,0.7130430936813354,2965,13.57732391357422,9.342785835266112,403,28.4733829498291,17.99203109741211,3562,12.040604591369627,7.6058349609375,0.0,1.0,0.241025641025641,0.4709401709401709,0.6555555555555556,0.3603418803418803,0.6613675213675214,0.8422222222222222,0.7236686944961548,OBJECTIVE,adaptive_resnet,multiview_zscore,10.0,none,direct,huber,jitter_scale,none,314159,926775,926775,32971,5850,7.015907764434815,96,6,7,11,4,cycle,eca,attention,0.0,0.15,192,1.0,0.35,0.1,"[1.0, 1.0]",adamw,none,5,2,192,0.001,0.0002,multiview10_huber_b100,ok,,,,,,,,,
adaptive_resnet,multiview_zscore,10.0,none,direct,l1,jitter_scale,none,96,6,7,11,4,cycle,eca,attention,0.0,0.15,192,0.5,0.35,0.1,"[1.0, 1.0]",adamw,none,5,2,192,0.001,0.0002,OBJECTIVE,multiview10_l1,I200_OBJECTIVE_024_ace6c807b9,,,,,,,,,,1,0.7310785959626354,13.049227714538574,8.70370101928711,10.87646484375,13.049227714538574,16.622257232666016,11.400391578674316,-0.9804637432098388,-1.0930205583572388,0.3054653930930182,0.3739646264281009,0.7150063514709473,2965,13.11979866027832,8.565185546875,403,30.551782608032227,19.47222137451172,3562,11.664413452148438,6.886354446411133,0.0,1.0,0.2451282051282051,0.4697435897435897,0.6591452991452992,0.3606837606837607,0.6644444444444444,0.8461538461538461,0.7140962481498718,OBJECTIVE,adaptive_resnet,multiview_zscore,10.0,none,direct,l1,jitter_scale,none,314159,926775,926775,32971,5850,6.713165283203125,96,6,7,11,4,cycle,eca,attention,0.0,0.15,192,0.5,0.35,0.1,"[1.0, 1.0]",adamw,none,5,2,192,0.001,0.0002,multiview10_l1,ok,,,,,,,,,
adaptive_resnet,multiview_zscore,10.0,none,direct,logcosh,jitter_scale,none,96,6,7,11,4,cycle,eca,attention,0.0,0.15,192,0.5,0.35,0.1,"[1.0, 1.0]",adamw,none,5,2,192,0.001,0.0002,OBJECTIVE,multiview10_logcosh,I200_OBJECTIVE_025_2b63330c7f,,,,,,,,,,1,0.3242162287581798,13.134766578674316,8.654255867004395,10.894511222839355,13.134766578674316,16.482147216796875,11.189715385437012,2.06261944770813,-0.3297892808914184,0.3219217502656465,0.3955327418699997,0.7153852581977844,2965,14.252735137939451,9.03644561767578,403,27.704072952270508,18.56696891784668,3562,12.503755569458008,7.291073799133301,0.0,1.0,0.2317948717948718,0.4535042735042735,0.6405128205128205,0.3579487179487179,0.668034188034188,0.8461538461538461,0.7270236015319824,OBJECTIVE,adaptive_resnet,multiview_zscore,10.0,none,direct,logcosh,jitter_scale,none,314159,926775,926775,32971,5850,6.713579893112183,96,6,7,11,4,cycle,eca,attention,0.0,0.15,192,0.5,0.35,0.1,"[1.0, 1.0]",adamw,none,5,2,192,0.001,0.0002,multiview10_logcosh,ok,,,,,,,,,
adaptive_resnet,multiview_zscore,10.0,none,direct,huber_ccc,jitter_scale,none,96,6,7,11,4,cycle,eca,attention,0.0,0.15,192,0.5,0.35,0.1,"[1.0, 1.0]",adamw,none,5,2,192,0.001,0.0002,OBJECTIVE,multiview10_ccc002,I200_OBJECTIVE_026_429b18c57c,,,,0.02,,,,,,1,0.5304426306555438,12.98385524749756,8.597256660461426,10.790555953979492,12.98385524749756,16.567903518676758,11.334479331970217,-0.9637582898139954,-1.6970258951187134,0.3200403365875239,0.3957008595173462,0.7088823318481445,2965,13.050662994384766,8.200590133666992,403,30.11568832397461,19.82057762145996,3562,11.617435455322266,6.569972515106201,0.0,1.0,0.2505982905982906,0.4764102564102564,0.6586324786324786,0.369059829059829,0.6829059829059829,0.8485470085470086,0.7053354382514954,OBJECTIVE,adaptive_resnet,multiview_zscore,10.0,none,direct,huber_ccc,jitter_scale,none,314159,926775,926775,32971,5850,6.82484769821167,96,6,7,11,4,cycle,eca,attention,0.0,0.15,192,0.5,0.35,0.1,"[1.0, 1.0]",adamw,none,5,2,192,0.001,0.0002,multiview10_ccc002,ok,,,,0.02,,,,,
adaptive_resnet,multiview_zscore,10.0,none,direct,huber_ccc,jitter_scale,none,96,6,7,11,4,cycle,eca,attention,0.0,0.15,192,0.5,0.35,0.1,"[1.0, 1.0]",adamw,none,5,2,192,0.001,0.0002,OBJECTIVE,multiview10_ccc005,I200_OBJECTIVE_027_492cab1d85,,,,0.05,,,,,,1,0.5510955891290377,13.128898620605469,8.670147895812988,10.89952278137207,13.128898620605469,16.595809936523438,11.257140159606934,1.848031044006348,-0.527662456035614,0.3239093811473897,0.3934110863183771,0.715864896774292,2965,14.047208786010742,8.870501518249512,403,27.348121643066406,18.606220245361328,3562,12.399164199829102,7.230180740356445,0.0,1.0,0.2321367521367521,0.4598290598290598,0.6502564102564102,0.3603418803418803,0.6664957264957265,0.8463247863247864,0.7242761850357056,OBJECTIVE,adaptive_resnet,multiview_zscore,10.0,none,direct,huber_ccc,jitter_scale,none,314159,926775,926775,32971,5850,6.783282518386841,96,6,7,11,4,cycle,eca,attention,0.0,0.15,192,0.5,0.35,0.1,"[1.0, 1.0]",adamw,none,5,2,192,0.001,0.0002,multiview10_ccc005,ok,,,,0.05,,,,,
adaptive_resnet,multiview_zscore,10.0,none,direct,huber_ccc,jitter_scale,none,96,6,7,11,4,cycle,eca,attention,0.0,0.15,192,0.5,0.35,0.1,"[1.0, 1.0]",adamw,none,5,2,192,0.001,0.0002,OBJECTIVE,multiview10_ccc010,I200_OBJECTIVE_028_2ead73d1c4,,,,0.1,,,,,,4,0.5013900993521824,13.142293930053713,8.566503524780273,10.854398727416992,13.142293930053713,16.737655639648438,11.326272010803224,-2.364651679992676,-2.1891674995422363,0.3264963370058809,0.4141075105120366,0.7120449542999268,2965,12.875465393066406,7.822353363037109,403,30.03584861755371,19.659744262695312,3562,11.689377784729004,6.286896228790283,0.0049627791563275,0.998714888929686,0.2452991452991453,0.4709401709401709,0.6447863247863248,0.3755555555555555,0.6829059829059829,0.8497435897435898,0.7026641964912415,OBJECTIVE,adaptive_resnet,multiview_zscore,10.0,none,direct,huber_ccc,jitter_scale,none,314159,926775,926775,32971,5850,11.339658975601196,96,6,7,11,4,cycle,eca,attention,0.0,0.15,192,0.5,0.35,0.1,"[1.0, 1.0]",adamw,none,5,2,192,0.001,0.0002,multiview10_ccc010,ok,,,,0.1,,,,,
adaptive_resnet,multiview_zscore,10.0,none,direct,huber_ccc,jitter_scale,none,96,6,7,11,4,cycle,eca,attention,0.0,0.15,192,0.5,0.35,0.1,"[1.0, 1.0]",adamw,none,5,2,192,0.001,0.0002,OBJECTIVE,multiview10_ccc020,I200_OBJECTIVE_029_26d6c1ef0d,,,,0.2,,,,,,4,0.5499996840953827,13.299006462097168,8.648523330688477,10.973764419555664,13.299006462097168,16.87362289428711,11.34245777130127,-0.1785975098609924,-1.638558864593506,0.3241804986460824,0.4137143032937935,0.7197213172912598,2965,13.469951629638672,8.030488014221191,403,26.857608795166016,18.601337432861328,3562,12.299579620361328,6.620915412902832,0.0421836228287841,0.9933908573526712,0.241025641025641,0.4641025641025641,0.6403418803418803,0.3678632478632478,0.6748717948717948,0.8464957264957265,0.7146598100662231,OBJECTIVE,adaptive_resnet,multiview_zscore,10.0,none,direct,huber_ccc,jitter_scale,none,314159,926775,926775,32971,5850,11.326858043670654,96,6,7,11,4,cycle,eca,attention,0.0,0.15,192,0.5,0.35,0.1,"[1.0, 1.0]",adamw,none,5,2,192,0.001,0.0002,multiview10_ccc020,ok,,,,0.2,,,,,
adaptive_resnet,multiview_zscore,10.0,none,direct,asymmetric_high,jitter_scale,none,96,6,7,11,4,cycle,eca,attention,0.0,0.15,192,0.5,0.35,0.1,"[1.0, 1.0]",adamw,none,5,2,192,0.001,0.0002,OBJECTIVE,multiview10_asym025,I200_OBJECTIVE_030_c434aa0ee6,,,,,0.25,,,,,1,0.5425932104157847,13.049993515014648,8.682080268859863,10.866037368774414,13.049993515014648,16.598716735839844,11.241732597351074,0.9916258454322816,-0.384793758392334,0.3218991588691828,0.3949604892060045,0.7141530513763428,2965,13.667105674743652,8.965388298034668,403,27.997154235839844,18.416078567504883,3562,12.140960693359377,7.324916839599609,0.0,1.0,0.2394871794871794,0.4654700854700854,0.657094017094017,0.356068376068376,0.663931623931624,0.8417094017094017,0.7213089466094971,OBJECTIVE,adaptive_resnet,multiview_zscore,10.0,none,direct,asymmetric_high,jitter_scale,none,314159,926775,926775,32971,5850,6.74264669418335,96,6,7,11,4,cycle,eca,attention,0.0,0.15,192,0.5,0.35,0.1,"[1.0, 1.0]",adamw,none,5,2,192,0.001,0.0002,multiview10_asym025,ok,,,,,0.25,,,,
adaptive_resnet,multiview_zscore,10.0,none,direct,asymmetric_high,jitter_scale,none,96,6,7,11,4,cycle,eca,attention,0.0,0.15,192,0.5,0.35,0.1,"[1.0, 1.0]",adamw,none,5,2,192,0.001,0.0002,OBJECTIVE,multiview10_asym050,I200_OBJECTIVE_031_d40db3fa0f,,,,,0.5,,,,,4,0.4921484133878419,13.221335411071776,8.607205390930176,10.914270401000977,13.221335411071776,16.94455337524414,11.206615447998049,-1.721296787261963,-0.6242384910583496,0.3225760697704931,0.418015149185158,0.7158896923065186,2965,13.046618461608888,8.611417770385742,403,29.167179107666016,17.942869186401367,3562,11.86973762512207,7.08446216583252,0.009925558312655,0.9965118413805764,0.2475213675213675,0.468034188034188,0.6562393162393162,0.3692307692307692,0.6709401709401709,0.8497435897435898,0.7147175073623657,OBJECTIVE,adaptive_resnet,multiview_zscore,10.0,none,direct,asymmetric_high,jitter_scale,none,314159,926775,926775,32971,5850,11.226210594177246,96,6,7,11,4,cycle,eca,attention,0.0,0.15,192,0.5,0.35,0.1,"[1.0, 1.0]",adamw,none,5,2,192,0.001,0.0002,multiview10_asym050,ok,,,,,0.5,,,,
adaptive_resnet,multiview_zscore,10.0,none,direct,focal_huber,jitter_scale,none,96,6,7,11,4,cycle,eca,attention,0.0,0.15,192,0.5,0.35,0.1,"[1.0, 1.0]",adamw,none,5,2,192,0.001,0.0002,OBJECTIVE,multiview10_focal025,I200_OBJECTIVE_032_702a3db04d,,,,,,0.25,,,,1,0.6838674895292105,13.05386734008789,8.653827667236328,10.85384750366211,13.05386734008789,16.46151351928711,11.231306076049805,1.074154019355774,-0.5865654349327087,0.3200334723758599,0.3927616006479602,0.7131179571151733,2965,13.831968307495115,8.84952163696289,403,28.377336502075195,18.67895126342773,3562,12.174821853637695,7.11970853805542,0.0,1.0,0.2411965811965812,0.4635897435897436,0.6504273504273504,0.3567521367521367,0.6707692307692308,0.8461538461538461,0.7205071449279785,OBJECTIVE,adaptive_resnet,multiview_zscore,10.0,none,direct,focal_huber,jitter_scale,none,314159,926775,926775,32971,5850,6.734820127487183,96,6,7,11,4,cycle,eca,attention,0.0,0.15,192,0.5,0.35,0.1,"[1.0, 1.0]",adamw,none,5,2,192,0.001,0.0002,multiview10_focal025,ok,,,,,,0.25,,,
adaptive_resnet,multiview_zscore,10.0,none,direct,focal_huber,jitter_scale,none,96,6,7,11,4,cycle,eca,attention,0.0,0.15,192,0.5,0.35,0.1,"[1.0, 1.0]",adamw,none,5,2,192,0.001,0.0002,OBJECTIVE,multiview10_focal050,I200_OBJECTIVE_033_9e0e800ed9,,,,,,0.5,,,,4,0.7222966212172841,13.060038566589355,8.550481796264648,10.805259704589844,13.060038566589355,16.649452209472656,11.075051307678224,-2.0797104835510254,-0.2747268080711365,0.3276747099016781,0.42045660827377,0.7091090679168701,2965,12.940510749816896,8.911324501037598,403,30.232421875,17.961673736572266,3562,11.657929420471191,7.23343563079834,0.0049627791563275,0.9988984762254453,0.2437606837606837,0.4774358974358974,0.6562393162393162,0.3654700854700854,0.668034188034188,0.8535042735042735,0.7119271159172058,OBJECTIVE,adaptive_resnet,multiview_zscore,10.0,none,direct,focal_huber,jitter_scale,none,314159,926775,926775,32971,5850,11.20461392402649,96,6,7,11,4,cycle,eca,attention,0.0,0.15,192,0.5,0.35,0.1,"[1.0, 1.0]",adamw,none,5,2,192,0.001,0.0002,multiview10_focal050,ok,,,,,,0.5,,,
adaptive_resnet,multiview_zscore,10.0,none,direct,physiology_huber,jitter_scale,none,96,6,7,11,4,cycle,eca,attention,0.0,0.15,192,0.5,0.35,0.1,"[1.0, 1.0]",adamw,none,5,2,192,0.001,0.0002,OBJECTIVE,multiview10_physio005,I200_OBJECTIVE_034_ef476d7c92,,,,,,,0.05,,,1,0.5161282990214436,13.045331001281738,8.668166160583496,10.856748580932615,13.045331001281738,16.625883102416992,11.275564193725586,0.4121935069561004,-0.6153064966201782,0.3184427445676728,0.3923035662316506,0.7134605646133423,2965,13.47902774810791,8.808262825012207,403,28.67745590209961,18.77196502685547,3562,12.00063133239746,7.187063217163086,0.0,1.0,0.2452991452991453,0.4728205128205128,0.658974358974359,0.36,0.6673504273504274,0.8454700854700855,0.7178928852081299,OBJECTIVE,adaptive_resnet,multiview_zscore,10.0,none,direct,physiology_huber,jitter_scale,none,314159,926775,926775,32971,5850,6.761517763137817,96,6,7,11,4,cycle,eca,attention,0.0,0.15,192,0.5,0.35,0.1,"[1.0, 1.0]",adamw,none,5,2,192,0.001,0.0002,multiview10_physio005,ok,,,,,,,0.05,,
adaptive_resnet,multiview_zscore,10.0,none,direct,physiology_huber,jitter_scale,none,96,6,7,11,4,cycle,eca,attention,0.0,0.15,192,0.5,0.35,0.1,"[1.0, 1.0]",adamw,none,5,2,192,0.001,0.0002,OBJECTIVE,multiview10_physio015,I200_OBJECTIVE_035_aa574dddbd,,,,,,,0.15,,,1,0.5161282990214436,13.045331001281738,8.668166160583496,10.856748580932615,13.045331001281738,16.625883102416992,11.275564193725586,0.4121935069561004,-0.6153064966201782,0.3184427445676728,0.3923035662316506,0.7134605646133423,2965,13.47902774810791,8.808262825012207,403,28.67745590209961,18.77196502685547,3562,12.00063133239746,7.187063217163086,0.0,1.0,0.2452991452991453,0.4728205128205128,0.658974358974359,0.36,0.6673504273504274,0.8454700854700855,0.7178928852081299,OBJECTIVE,adaptive_resnet,multiview_zscore,10.0,none,direct,physiology_huber,jitter_scale,none,314159,926775,926775,32971,5850,6.785424947738648,96,6,7,11,4,cycle,eca,attention,0.0,0.15,192,0.5,0.35,0.1,"[1.0, 1.0]",adamw,none,5,2,192,0.001,0.0002,multiview10_physio015,ok,,,,,,,0.15,,
adaptive_resnet,multiview_zscore,10.0,none,clinical,huber,jitter_scale,none,96,6,7,11,4,cycle,eca,attention,0.0,0.15,192,0.5,0.35,0.1,"[1.0, 1.0]",adamw,none,5,2,192,0.001,0.0002,OBJECTIVE,multiview10_clinical010,I200_OBJECTIVE_036_26f9e5719b,,,,,,,,0.1,,1,0.6116765786048978,13.045806884765623,8.648311614990234,10.84705924987793,13.045806884765623,16.583654403686523,11.388492584228516,0.5969123840332031,-1.844306707382202,0.3169375426238013,0.3948527926819873,0.7126706838607788,2965,13.558565139770508,8.081863403320312,403,28.482669830322266,19.805665969848636,3562,12.027769088745115,6.540194034576416,0.0,1.0,0.2405128205128205,0.4675213675213675,0.6557264957264958,0.3593162393162393,0.6827350427350427,0.8464957264957265,0.7105075120925903,OBJECTIVE,adaptive_resnet,multiview_zscore,10.0,none,clinical,huber,jitter_scale,none,314159,927295,927295,32971,5850,7.184269905090332,96,6,7,11,4,cycle,eca,attention,0.0,0.15,192,0.5,0.35,0.1,"[1.0, 1.0]",adamw,none,5,2,192,0.001,0.0002,multiview10_clinical010,ok,,,,,,,,0.1,
adaptive_resnet,multiview_zscore,10.0,none,ordinal,huber,jitter_scale,none,96,6,7,11,4,cycle,eca,attention,0.0,0.15,192,0.5,0.35,0.1,"[1.0, 1.0]",adamw,none,5,2,192,0.001,0.0002,OBJECTIVE,multiview10_ordinal010,I200_OBJECTIVE_037_e063e94f84,,,,,,,,,0.1,1,0.5515687848592914,13.043990135192873,8.579747200012207,10.81186866760254,13.043990135192873,16.522186279296875,11.22864818572998,1.0214840173721311,-0.9914236068725586,0.3221737273726998,0.4000332662672258,0.7098466157913208,2965,13.72799301147461,8.569354057312012,403,28.293872833251957,19.05028915405273,3562,12.127341270446776,6.933436393737793,0.0,1.0,0.2348717948717948,0.4666666666666667,0.6560683760683761,0.3641025641025641,0.6781196581196581,0.8458119658119658,0.714497447013855,OBJECTIVE,adaptive_resnet,multiview_zscore,10.0,none,ordinal,huber,jitter_scale,none,314159,927295,927295,32971,5850,7.130779504776001,96,6,7,11,4,cycle,eca,attention,0.0,0.15,192,0.5,0.35,0.1,"[1.0, 1.0]",adamw,none,5,2,192,0.001,0.0002,multiview10_ordinal010,ok,,,,,,,,,0.1
adaptive_resnet,multiview_zscore,10.0,none,multitask,multitask,jitter_scale,none,96,6,7,11,4,cycle,eca,attention,0.0,0.15,192,0.5,0.2,0.05,"[1.0, 1.0]",adamw,none,5,2,192,0.001,0.0002,OBJECTIVE,multiview10_multitask_light,I200_OBJECTIVE_038_5c67535776,,,,,,,,,,1,0.614594597975875,13.082611083984377,8.719463348388672,10.901037216186523,13.082611083984377,16.67213249206543,11.275924682617188,-1.2739721536636353,-0.1560882031917572,0.3144181333882718,0.3841764827660878,0.7165724039077759,2965,13.048502922058104,9.111738204956056,403,30.180482864379883,18.50204086303711,3562,11.650774002075195,7.394625663757324,0.0,1.0,0.2451282051282051,0.4711111111111111,0.6586324786324786,0.3565811965811966,0.6641025641025641,0.8459829059829059,0.7203022837638855,OBJECTIVE,adaptive_resnet,multiview_zscore,10.0,none,multitask,multitask,jitter_scale,none,314159,926905,926905,32971,5850,7.258386611938477,96,6,7,11,4,cycle,eca,attention,0.0,0.15,192,0.5,0.2,0.05,"[1.0, 1.0]",adamw,none,5,2,192,0.001,0.0002,multiview10_multitask_light,ok,,,,,,,,,
adaptive_resnet,multiview_zscore,10.0,none,multitask,multitask,jitter_scale,none,96,6,7,11,4,cycle,eca,attention,0.0,0.15,192,0.5,0.35,0.1,"[1.0, 1.0]",adamw,none,5,2,192,0.001,0.0002,OBJECTIVE,multiview10_multitask_default,I200_OBJECTIVE_039_658a4fb05c,,,,,,,,,,1,0.6901954502560371,13.07939910888672,8.731066703796387,10.905233383178713,13.07939910888672,16.631633758544922,11.303876876831056,0.6475195288658142,-0.4029664099216461,0.3211699142431412,0.3842788668413975,0.7169524431228638,2965,13.613120079040527,8.962305068969727,403,28.06426429748535,18.647384643554688,3562,12.090673446655272,7.303843021392822,0.0,1.0,0.242051282051282,0.4685470085470085,0.6584615384615384,0.3535042735042735,0.6649572649572649,0.8468376068376068,0.7230019569396973,OBJECTIVE,adaptive_resnet,multiview_zscore,10.0,none,multitask,multitask,jitter_scale,none,314159,926905,926905,32971,5850,7.22676682472229,96,6,7,11,4,cycle,eca,attention,0.0,0.15,192,0.5,0.35,0.1,"[1.0, 1.0]",adamw,none,5,2,192,0.001,0.0002,multiview10_multitask_default,ok,,,,,,,,,
adaptive_resnet,multiview_zscore,10.0,none,multitask,multitask,jitter_scale,none,96,6,7,11,4,cycle,eca,attention,0.0,0.15,192,0.5,0.5,0.2,"[1.0, 1.0]",adamw,none,5,2,192,0.001,0.0002,OBJECTIVE,multiview10_multitask_strong,I200_OBJECTIVE_040_6935a67a67,,,,,,,,,,1,0.7702367950317471,13.037153244018556,8.586413383483887,10.811782836914062,13.037153244018556,16.56338882446289,11.20645523071289,0.5177928805351257,-0.680465817451477,0.3205935764494312,0.4021392174760861,0.7099261283874512,2965,13.5783109664917,8.677260398864746,403,28.16316032409668,18.67996597290039,3562,12.04173183441162,7.0506272315979,0.0,1.0,0.2413675213675213,0.4649572649572649,0.6579487179487179,0.3647863247863248,0.6753846153846154,0.8478632478632478,0.7146075963973999,OBJECTIVE,adaptive_resnet,multiview_zscore,10.0,none,multitask,multitask,jitter_scale,none,314159,926905,926905,32971,5850,7.241603136062622,96,6,7,11,4,cycle,eca,attention,0.0,0.15,192,0.5,0.5,0.2,"[1.0, 1.0]",adamw,none,5,2,192,0.001,0.0002,multiview10_multitask_strong,ok,,,,,,,,,
adaptive_resnet,multiview_zscore,10.0,none,multitask,multitask,none,none,96,6,5,11,4,cycle,eca,attention,0.0,0.15,192,0.5,0.35,0.1,"[1.0, 1.0]",adamw,cosine,5,2,192,0.0003,0.0002,TRAIN,adamw_3e4_cos_none,I200_TRAIN_001_e869218e48,,,,,,,,,,2,0.6420835914999939,12.932608604431152,8.46820068359375,10.70040512084961,12.932608604431152,16.418758392333984,11.164702415466309,-0.4444787502288818,-1.0078983306884766,0.3235344310342431,0.4120813860876546,0.7022365927696228,2965,13.281902313232422,8.390722274780273,403,29.6839542388916,19.19852638244629,3562,11.754822731018066,6.752745628356934,0.0,1.0,0.243076923076923,0.4764102564102564,0.6584615384615384,0.382051282051282,0.6852991452991453,0.854017094017094,0.7038817405700684,TRAIN,adaptive_resnet,multiview_zscore,10.0,none,multitask,multitask,none,none,314159,705721,705721,32971,5850,9.222925901412964,96,6,5,11,4,cycle,eca,attention,0.0,0.15,192,0.5,0.35,0.1,"[1.0, 1.0]",adamw,cosine,5,2,192,0.0003,0.0002,adamw_3e4_cos_none,ok,,,,,,,,,
adaptive_resnet,multiview_zscore,10.0,none,multitask,multitask,mask,none,96,6,5,11,4,cycle,eca,attention,0.0,0.15,192,0.5,0.35,0.1,"[1.0, 1.0]",adamw,cosine,5,2,192,0.0003,0.0002,TRAIN,adamw_3e4_cos_mask,I200_TRAIN_002_f0d192a0e6,,,,,,,,,,2,0.6431937186523925,12.952435493469238,8.451580047607422,10.702007293701172,12.952435493469238,16.456064224243164,11.125899314880373,-0.0874462649226188,-0.882051944732666,0.3241609298248218,0.4177937101887168,0.7021157145500183,2965,13.383429527282717,8.410551071166992,403,29.10610580444336,18.970684051513672,3562,11.859601974487305,6.8066816329956055,0.0,1.0,0.2425641025641025,0.4738461538461538,0.6562393162393162,0.3776068376068376,0.6852991452991453,0.8533333333333334,0.7046974897384644,TRAIN,adaptive_resnet,multiview_zscore,10.0,none,multitask,multitask,mask,none,314159,705721,705721,32971,5850,9.227735996246338,96,6,5,11,4,cycle,eca,attention,0.0,0.15,192,0.5,0.35,0.1,"[1.0, 1.0]",adamw,cosine,5,2,192,0.0003,0.0002,adamw_3e4_cos_mask,ok,,,,,,,,,
adaptive_resnet,multiview_zscore,10.0,none,multitask,multitask,amplitude_warp,none,96,6,5,11,4,cycle,eca,attention,0.0,0.15,192,0.5,0.35,0.1,"[1.0, 1.0]",adamw,cosine,5,2,192,0.0003,0.0002,TRAIN,adamw_3e4_cos_amplitude_warp,I200_TRAIN_003_7a8882a0ec,,,,,,,,,,2,0.6431036054394966,12.908525466918944,8.4342041015625,10.671364784240724,12.908525466918944,16.364032745361328,11.113384246826172,-0.2876035869121551,-0.769387423992157,0.329172672402288,0.4145593076190558,0.7001916170120239,2965,13.33627986907959,8.516772270202637,403,29.491613388061523,19.01873588562012,3562,11.753358840942385,6.826879978179932,0.0,1.0,0.2403418803418803,0.4736752136752137,0.6593162393162393,0.3794871794871794,0.6873504273504274,0.852991452991453,0.7040008306503296,TRAIN,adaptive_resnet,multiview_zscore,10.0,none,multitask,multitask,amplitude_warp,none,314159,705721,705721,32971,5850,9.231882333755491,96,6,5,11,4,cycle,eca,attention,0.0,0.15,192,0.5,0.35,0.1,"[1.0, 1.0]",adamw,cosine,5,2,192,0.0003,0.0002,adamw_3e4_cos_amplitude_warp,ok,,,,,,,,,
adaptive_resnet,multiview_zscore,10.0,none,multitask,multitask,compound_morphology,none,96,6,5,11,4,cycle,eca,attention,0.0,0.15,192,0.5,0.35,0.1,"[1.0, 1.0]",adamw,cosine,5,2,192,0.0003,0.0002,TRAIN,adamw_3e4_cos_compound_morphology,I200_TRAIN_004_ea1cf9350e,,,,,,,,,,2,0.6439558735420537,12.926138877868652,8.47193431854248,10.699036598205566,12.926138877868652,16.403091430664062,11.16071605682373,-0.4371236562728882,-0.8556190729141235,0.3251473869380387,0.4093283773713912,0.7022076845169067,2965,13.262067794799805,8.486043930053711,403,29.682945251464844,19.09640884399414,3562,11.72360134124756,6.827081203460693,0.0,1.0,0.241025641025641,0.4748717948717949,0.6584615384615384,0.3774358974358974,0.6813675213675213,0.8535042735042735,0.704686164855957,TRAIN,adaptive_resnet,multiview_zscore,10.0,none,multitask,multitask,compound_morphology,none,314159,705721,705721,32971,5850,9.33241891860962,96,6,5,11,4,cycle,eca,attention,0.0,0.15,192,0.5,0.35,0.1,"[1.0, 1.0]",adamw,cosine,5,2,192,0.0003,0.0002,adamw_3e4_cos_compound_morphology,ok,,,,,,,,,
adaptive_resnet,multiview_zscore,10.0,none,multitask,multitask,none,none,96,6,5,11,4,cycle,eca,attention,0.0,0.15,192,0.5,0.35,0.1,"[1.0, 1.0]",adamw,none,5,2,192,0.0006,0.0002,TRAIN,adamw_6e4_none_none,I200_TRAIN_005_40f0734fee,,,,,,,,,,2,0.64145248539226,13.043782234191896,8.53120231628418,10.787492752075195,13.043782234191896,16.55727767944336,11.27761459350586,-1.221726655960083,-1.3412665128707886,0.3097648857907948,0.4015648802736745,0.7078770995140076,2965,13.147714614868164,8.222405433654785,403,30.54494285583496,19.57012176513672,3562,11.665863990783691,6.618626117706299,0.0,0.9996328254084818,0.2376068376068376,0.4699145299145299,0.6538461538461539,0.3793162393162393,0.6837606837606838,0.8541880341880342,0.7054769396781921,TRAIN,adaptive_resnet,multiview_zscore,10.0,none,multitask,multitask,none,none,314159,705721,705721,32971,5850,9.24229335784912,96,6,5,11,4,cycle,eca,attention,0.0,0.15,192,0.5,0.35,0.1,"[1.0, 1.0]",adamw,none,5,2,192,0.0006,0.0002,adamw_6e4_none_none,ok,,,,,,,,,
adaptive_resnet,multiview_zscore,10.0,none,multitask,multitask,mask,none,96,6,5,11,4,cycle,eca,attention,0.0,0.15,192,0.5,0.35,0.1,"[1.0, 1.0]",adamw,none,5,2,192,0.0006,0.0002,TRAIN,adamw_6e4_none_mask,I200_TRAIN_006_aae6ff34ee,,,,,,,,,,2,0.6425221153469973,13.034905433654783,8.532489776611328,10.783697128295898,13.034905433654783,16.559532165527344,11.222596168518066,-0.8937732577323914,-0.8372755646705627,0.3140367725348066,0.4083188342056986,0.7076823115348816,2965,13.20876407623291,8.43485164642334,403,29.9389591217041,18.95421028137207,3562,11.718917846679688,6.879337787628174,0.0024813895781637,0.9996328254084818,0.2386324786324786,0.4728205128205128,0.6593162393162393,0.3736752136752136,0.6798290598290598,0.8499145299145299,0.7079037427902222,TRAIN,adaptive_resnet,multiview_zscore,10.0,none,multitask,multitask,mask,none,314159,705721,705721,32971,5850,9.21478796005249,96,6,5,11,4,cycle,eca,attention,0.0,0.15,192,0.5,0.35,0.1,"[1.0, 1.0]",adamw,none,5,2,192,0.0006,0.0002,adamw_6e4_none_mask,ok,,,,,,,,,
adaptive_resnet,multiview_zscore,10.0,none,multitask,multitask,amplitude_warp,none,96,6,5,11,4,cycle,eca,attention,0.0,0.15,192,0.5,0.35,0.1,"[1.0, 1.0]",adamw,none,5,2,192,0.0006,0.0002,TRAIN,adamw_6e4_none_amplitude_warp,I200_TRAIN_007_cf4e7cbc89,,,,,,,,,,4,0.6035915332478147,13.04906940460205,8.515033721923828,10.78205108642578,13.04906940460205,16.62093734741211,11.14293384552002,-1.884000897407532,-1.0221227407455444,0.3282896459944561,0.4254554876357441,0.7073701024055481,2965,12.92895793914795,8.35947036743164,403,29.901994705200195,18.33936309814453,3562,11.645837783813477,6.82356071472168,0.0148883374689826,0.9981641270424086,0.2418803418803418,0.4747008547008547,0.6552136752136752,0.3743589743589743,0.6772649572649573,0.8543589743589743,0.7049617767333984,TRAIN,adaptive_resnet,multiview_zscore,10.0,none,multitask,multitask,amplitude_warp,none,314159,705721,705721,32971,5850,11.564701080322266,96,6,5,11,4,cycle,eca,attention,0.0,0.15,192,0.5,0.35,0.1,"[1.0, 1.0]",adamw,none,5,2,192,0.0006,0.0002,adamw_6e4_none_amplitude_warp,ok,,,,,,,,,
adaptive_resnet,multiview_zscore,10.0,none,multitask,multitask,compound_morphology,none,96,6,5,11,4,cycle,eca,attention,0.0,0.15,192,0.5,0.35,0.1,"[1.0, 1.0]",adamw,none,5,2,192,0.0006,0.0002,TRAIN,adamw_6e4_none_compound_morphology,I200_TRAIN_008_943f584d06,,,,,,,,,,2,0.6434664584176485,13.055336952209473,8.53171443939209,10.79352569580078,13.055336952209473,16.55362892150879,11.225486755371094,-0.7401630282402039,-0.7771185636520386,0.309774627158272,0.4045773862712841,0.7082191705703735,2965,13.26801586151123,8.476043701171875,403,30.054506301879883,19.055418014526367,3562,11.743538856506348,6.879616737365723,0.0024813895781637,0.9998164127042408,0.2343589743589743,0.469059829059829,0.6541880341880342,0.3758974358974359,0.6808547008547009,0.8504273504273504,0.7091349959373474,TRAIN,adaptive_resnet,multiview_zscore,10.0,none,multitask,multitask,compound_morphology,none,314159,705721,705721,32971,5850,9.282600164413452,96,6,5,11,4,cycle,eca,attention,0.0,0.15,192,0.5,0.35,0.1,"[1.0, 1.0]",adamw,none,5,2,192,0.0006,0.0002,adamw_6e4_none_compound_morphology,ok,,,,,,,,,
adaptive_resnet,multiview_zscore,10.0,none,multitask,multitask,none,none,96,6,5,11,4,cycle,eca,attention,0.0,0.15,192,0.5,0.35,0.1,"[1.0, 1.0]",adamw,cosine,5,2,192,0.0006,0.0002,TRAIN,adamw_6e4_cos_none,I200_TRAIN_009_527a78f50d,,,,,,,,,,2,0.6410272592721984,13.007633209228516,8.478164672851562,10.74289894104004,13.007633209228516,16.502132415771484,11.177427291870115,-1.2690753936767578,-1.141862869262695,0.315477092022436,0.4106940420023179,0.7047262787818909,2965,13.103272438049316,8.31247329711914,403,30.509130477905277,19.30866241455078,3562,11.64102554321289,6.670831680297852,0.0,1.0,0.2377777777777777,0.4716239316239316,0.6560683760683761,0.3798290598290598,0.6837606837606838,0.8552136752136752,0.7037156820297241,TRAIN,adaptive_resnet,multiview_zscore,10.0,none,multitask,multitask,none,none,314159,705721,705721,32971,5850,9.2445650100708,96,6,5,11,4,cycle,eca,attention,0.0,0.15,192,0.5,0.35,0.1,"[1.0, 1.0]",adamw,cosine,5,2,192,0.0006,0.0002,adamw_6e4_cos_none,ok,,,,,,,,,
adaptive_resnet,multiview_zscore,10.0,none,multitask,multitask,mask,none,96,6,5,11,4,cycle,eca,attention,0.0,0.15,192,0.5,0.35,0.1,"[1.0, 1.0]",adamw,cosine,5,2,192,0.0006,0.0002,TRAIN,adamw_6e4_cos_mask,I200_TRAIN_010_fa743a5848,,,,,,,,,,2,0.6419092132601627,13.034199714660645,8.526002883911133,10.780101776123049,13.034199714660645,16.56372833251953,11.190675735473633,-0.7131485342979431,-0.6518932580947876,0.3144815633281415,0.4092063606469453,0.7074002623558044,2965,13.256190299987791,8.529189109802246,403,29.724292755126957,18.83041000366211,3562,11.762516021728516,6.942910671234131,0.0,0.9994492381127226,0.2429059829059829,0.4724786324786325,0.6596581196581197,0.3724786324786325,0.6817094017094018,0.8497435897435898,0.7089760303497314,TRAIN,adaptive_resnet,multiview_zscore,10.0,none,multitask,multitask,mask,none,314159,705721,705721,32971,5850,9.228407144546509,96,6,5,11,4,cycle,eca,attention,0.0,0.15,192,0.5,0.35,0.1,"[1.0, 1.0]",adamw,cosine,5,2,192,0.0006,0.0002,adamw_6e4_cos_mask,ok,,,,,,,,,
adaptive_resnet,multiview_zscore,10.0,none,multitask,multitask,amplitude_warp,none,96,6,5,11,4,cycle,eca,attention,0.0,0.15,192,0.5,0.35,0.1,"[1.0, 1.0]",adamw,cosine,5,2,192,0.0006,0.0002,TRAIN,adamw_6e4_cos_amplitude_warp,I200_TRAIN_011_48709fa5af,,,,,,,,,,2,0.6405396066432776,13.02314281463623,8.50160026550293,10.762371063232422,13.02314281463623,16.53409194946289,11.163980484008787,-1.046258807182312,-0.6281504034996033,0.3176752884970457,0.410016421072377,0.706105649471283,2965,13.137699127197266,8.563197135925293,403,30.068603515625,18.752662658691406,3562,11.66087532043457,6.949466228485107,0.0,0.9998164127042408,0.2427350427350427,0.4676923076923077,0.6584615384615384,0.376068376068376,0.6818803418803419,0.851965811965812,0.7075250744819641,TRAIN,adaptive_resnet,multiview_zscore,10.0,none,multitask,multitask,amplitude_warp,none,314159,705721,705721,32971,5850,9.256696701049805,96,6,5,11,4,cycle,eca,attention,0.0,0.15,192,0.5,0.35,0.1,"[1.0, 1.0]",adamw,cosine,5,2,192,0.0006,0.0002,adamw_6e4_cos_amplitude_warp,ok,,,,,,,,,
adaptive_resnet,multiview_zscore,10.0,none,multitask,multitask,compound_morphology,none,96,6,5,11,4,cycle,eca,attention,0.0,0.15,192,0.5,0.35,0.1,"[1.0, 1.0]",adamw,cosine,5,2,192,0.0006,0.0002,TRAIN,adamw_6e4_cos_compound_morphology,I200_TRAIN_012_8d7ec3f701,,,,,,,,,,2,0.6425861251908679,13.03602123260498,8.526293754577637,10.781157493591309,13.03602123260498,16.53913116455078,11.204419136047363,-0.7757607102394104,-0.6941637396812439,0.311068985674398,0.4050891413505725,0.7074626684188843,2965,13.2670316696167,8.561982154846191,403,30.140087127685547,18.98373794555664,3562,11.733183860778809,6.938012599945068,0.0,0.9998164127042408,0.2391452991452991,0.469059829059829,0.655042735042735,0.374017094017094,0.681025641025641,0.8514529914529915,0.7094298005104065,TRAIN,adaptive_resnet,multiview_zscore,10.0,none,multitask,multitask,compound_morphology,none,314159,705721,705721,32971,5850,9.30743956565857,96,6,5,11,4,cycle,eca,attention,0.0,0.15,192,0.5,0.35,0.1,"[1.0, 1.0]",adamw,cosine,5,2,192,0.0006,0.0002,adamw_6e4_cos_compound_morphology,ok,,,,,,,,,
adaptive_resnet,multiview_zscore,10.0,none,multitask,multitask,none,none,96,6,5,11,4,cycle,eca,attention,0.0,0.15,192,0.5,0.35,0.1,"[1.0, 1.0]",adamw,cosine,5,2,192,0.001,0.0002,TRAIN,adamw_1e3_cos_none,I200_TRAIN_013_06fc2d91b6,,,,,,,,,,3,0.6175585964391398,13.141955375671388,8.52364444732666,10.832799911499023,13.141955375671388,16.682870864868164,11.286495208740234,1.7750099897384644,-1.727201223373413,0.3208539782356731,0.4008935234121916,0.7103018164634705,2965,13.98763942718506,8.171537399291992,403,26.936443328857425,19.97566795349121,3562,12.391254425048828,6.414909839630127,0.0248138957816377,0.9952267303102624,0.2396581196581196,0.4683760683760684,0.6545299145299145,0.3770940170940171,0.6844444444444444,0.8541880341880342,0.7126211524009705,TRAIN,adaptive_resnet,multiview_zscore,10.0,none,multitask,multitask,none,none,314159,705721,705721,32971,5850,11.547213554382324,96,6,5,11,4,cycle,eca,attention,0.0,0.15,192,0.5,0.35,0.1,"[1.0, 1.0]",adamw,cosine,5,2,192,0.001,0.0002,adamw_1e3_cos_none,ok,,,,,,,,,
adaptive_resnet,multiview_zscore,10.0,none,multitask,multitask,mask,none,96,6,5,11,4,cycle,eca,attention,0.0,0.15,192,0.5,0.35,0.1,"[1.0, 1.0]",adamw,cosine,5,2,192,0.001,0.0002,TRAIN,adamw_1e3_cos_mask,I200_TRAIN_014_ed4d0bc107,,,,,,,,,,4,0.5977981967288394,13.107342720031738,8.577255249023438,10.84229850769043,13.107342720031738,16.60951042175293,11.14954948425293,0.3792914450168609,-0.3724650144577026,0.3243288272604406,0.4184745925512338,0.7115077972412109,2965,13.546038627624512,8.799324989318848,403,27.41459274291992,17.826492309570312,3562,12.163289070129396,7.2074875831604,0.0297766749379652,0.99577749219754,0.2393162393162393,0.468034188034188,0.6502564102564102,0.3728205128205128,0.6717948717948717,0.8456410256410256,0.7168038487434387,TRAIN,adaptive_resnet,multiview_zscore,10.0,none,multitask,multitask,mask,none,314159,705721,705721,32971,5850,11.570926189422607,96,6,5,11,4,cycle,eca,attention,0.0,0.15,192,0.5,0.35,0.1,"[1.0, 1.0]",adamw,cosine,5,2,192,0.001,0.0002,adamw_1e3_cos_mask,ok,,,,,,,,,
adaptive_resnet,multiview_zscore,10.0,none,multitask,multitask,amplitude_warp,none,96,6,5,11,4,cycle,eca,attention,0.0,0.15,192,0.5,0.35,0.1,"[1.0, 1.0]",adamw,cosine,5,2,192,0.001,0.0002,TRAIN,adamw_1e3_cos_amplitude_warp,I200_TRAIN_015_7a9222a663,,,,,,,,,,3,0.6174257148143857,13.00511074066162,8.514397621154785,10.759754180908203,13.00511074066162,16.475467681884766,11.289363861083984,1.4048073291778564,-1.9434115886688232,0.331032617850532,0.4062009430264397,0.7061218023300171,2965,13.847963333129885,8.067361831665039,403,27.27729797363281,20.1047420501709,3562,12.222211837768556,6.330133438110352,0.0074441687344913,0.997429777859372,0.2357264957264957,0.4646153846153846,0.6540170940170941,0.3805128205128205,0.6885470085470086,0.8565811965811966,0.707461416721344,TRAIN,adaptive_resnet,multiview_zscore,10.0,none,multitask,multitask,amplitude_warp,none,314159,705721,705721,32971,5850,11.572694301605225,96,6,5,11,4,cycle,eca,attention,0.0,0.15,192,0.5,0.35,0.1,"[1.0, 1.0]",adamw,cosine,5,2,192,0.001,0.0002,adamw_1e3_cos_amplitude_warp,ok,,,,,,,,,
adaptive_resnet,multiview_zscore,10.0,none,multitask,multitask,compound_morphology,none,96,6,5,11,4,cycle,eca,attention,0.0,0.15,192,0.5,0.35,0.1,"[1.0, 1.0]",adamw,cosine,5,2,192,0.001,0.0002,TRAIN,adamw_1e3_cos_compound_morphology,I200_TRAIN_016_86ff396d16,,,,,,,,,,2,0.6427983007458753,13.061955451965332,8.530882835388184,10.796419143676758,13.061955451965332,16.64158821105957,11.282668113708496,-1.7751519680023191,-1.3758760690689087,0.3107156797845453,0.3997026185548201,0.7083696126937866,2965,12.946551322937012,8.200213432312012,403,31.05270004272461,19.711669921875,3562,11.494338035583496,6.566971778869629,0.0049627791563275,0.9985313016339268,0.2408547008547008,0.4716239316239316,0.6591452991452992,0.3762393162393162,0.6827350427350427,0.8507692307692307,0.7042231559753418,TRAIN,adaptive_resnet,multiview_zscore,10.0,none,multitask,multitask,compound_morphology,none,314159,705721,705721,32971,5850,9.373258113861084,96,6,5,11,4,cycle,eca,attention,0.0,0.15,192,0.5,0.35,0.1,"[1.0, 1.0]",adamw,cosine,5,2,192,0.001,0.0002,adamw_1e3_cos_compound_morphology,ok,,,,,,,,,
adaptive_resnet,multiview_zscore,10.0,none,multitask,multitask,none,none,96,6,5,11,4,cycle,eca,attention,0.0,0.15,192,0.5,0.35,0.1,"[1.0, 1.0]",adamw,none,5,2,192,0.001,1e-05,TRAIN,adamw_1e3_wd1e5_none,I200_TRAIN_017_37bb96d33b,,,,,,,,,,1,0.6991070297568344,13.034031867980955,8.641616821289062,10.837823867797852,13.034031867980955,16.598731994628906,11.335848808288574,-0.4573378264904022,-1.3350372314453125,0.3126461856421137,0.3847011645097264,0.7120723724365234,2965,13.273837089538574,8.439254760742188,403,29.360496520996094,19.54941177368164,3562,11.811861038208008,6.768204689025879,0.0,1.0,0.2452991452991453,0.4676923076923077,0.6577777777777778,0.362051282051282,0.6765811965811965,0.8461538461538461,0.711693286895752,TRAIN,adaptive_resnet,multiview_zscore,10.0,none,multitask,multitask,none,none,314159,705721,705721,32971,5850,6.930641889572144,96,6,5,11,4,cycle,eca,attention,0.0,0.15,192,0.5,0.35,0.1,"[1.0, 1.0]",adamw,none,5,2,192,0.001,1e-05,adamw_1e3_wd1e5_none,ok,,,,,,,,,
adaptive_resnet,multiview_zscore,10.0,none,multitask,multitask,mask,none,96,6,5,11,4,cycle,eca,attention,0.0,0.15,192,0.5,0.35,0.1,"[1.0, 1.0]",adamw,none,5,2,192,0.001,1e-05,TRAIN,adamw_1e3_wd1e5_mask,I200_TRAIN_018_cf39a9f7d6,,,,,,,,,,3,0.6231933343549108,13.19714069366455,8.469015121459961,10.833078384399414,13.19714069366455,16.648178100585938,11.088336944580078,2.6850152015686035,-0.7975632548332214,0.3321690757062093,0.4167496897535765,0.7096267938613892,2965,14.34779167175293,8.663678169250488,403,25.89250373840332,18.864866256713867,3562,12.674471855163574,6.908491611480713,0.0049627791563275,0.9979805397466496,0.2319658119658119,0.452991452991453,0.6463247863247863,0.3712820512820513,0.6805128205128205,0.8552136752136752,0.7195960283279419,TRAIN,adaptive_resnet,multiview_zscore,10.0,none,multitask,multitask,mask,none,314159,705721,705721,32971,5850,11.51930284500122,96,6,5,11,4,cycle,eca,attention,0.0,0.15,192,0.5,0.35,0.1,"[1.0, 1.0]",adamw,none,5,2,192,0.001,1e-05,adamw_1e3_wd1e5_mask,ok,,,,,,,,,
adaptive_resnet,multiview_zscore,10.0,none,multitask,multitask,amplitude_warp,none,96,6,5,11,4,cycle,eca,attention,0.0,0.15,192,0.5,0.35,0.1,"[1.0, 1.0]",adamw,none,5,2,192,0.001,1e-05,TRAIN,adamw_1e3_wd1e5_amplitude_warp,I200_TRAIN_019_6221633710,,,,,,,,,,4,0.605477835203326,13.07956886291504,8.563111305236816,10.821340560913086,13.07956886291504,16.6356143951416,11.170686721801758,-2.172985076904297,-0.7442644834518433,0.3295057298278932,0.417720376346032,0.7101631760597229,2965,12.868464469909668,8.55353832244873,403,30.031455993652344,18.17051315307617,3562,11.620688438415527,7.000037670135498,0.0074441687344913,0.9990820635212044,0.242051282051282,0.4721367521367521,0.6536752136752136,0.3714529914529914,0.6733333333333333,0.8545299145299146,0.7085985541343689,TRAIN,adaptive_resnet,multiview_zscore,10.0,none,multitask,multitask,amplitude_warp,none,314159,705721,705721,32971,5850,11.570340871810911,96,6,5,11,4,cycle,eca,attention,0.0,0.15,192,0.5,0.35,0.1,"[1.0, 1.0]",adamw,none,5,2,192,0.001,1e-05,adamw_1e3_wd1e5_amplitude_warp,ok,,,,,,,,,
adaptive_resnet,multiview_zscore,10.0,none,multitask,multitask,compound_morphology,none,96,6,5,11,4,cycle,eca,attention,0.0,0.15,192,0.5,0.35,0.1,"[1.0, 1.0]",adamw,none,5,2,192,0.001,1e-05,TRAIN,adamw_1e3_wd1e5_compound_morphology,I200_TRAIN_020_79f182bed4,,,,,,,,,,4,0.6102445420137671,13.033065795898438,8.546774864196777,10.789920806884766,13.033065795898438,16.623716354370117,11.297507286071776,-2.0254647731781006,-1.984757900238037,0.3223832977276807,0.4171328801722415,0.7082089781761169,2965,12.900890350341797,7.924862861633301,403,30.495813369750977,19.449853897094727,3562,11.571572303771973,6.386889934539795,0.0074441687344913,0.9992656508169636,0.2464957264957264,0.4747008547008547,0.6540170940170941,0.3835897435897435,0.6827350427350427,0.8516239316239316,0.7010006904602051,TRAIN,adaptive_resnet,multiview_zscore,10.0,none,multitask,multitask,compound_morphology,none,314159,705721,705721,32971,5850,11.682491779327393,96,6,5,11,4,cycle,eca,attention,0.0,0.15,192,0.5,0.35,0.1,"[1.0, 1.0]",adamw,none,5,2,192,0.001,1e-05,adamw_1e3_wd1e5_compound_morphology,ok,,,,,,,,,
adaptive_resnet,multiview_zscore,10.0,none,multitask,multitask,none,none,96,6,5,11,4,cycle,eca,attention,0.0,0.15,192,0.5,0.35,0.1,"[1.0, 1.0]",radam,none,5,2,192,0.0006,0.0002,TRAIN,radam_6e4_none,I200_TRAIN_021_a4bcb0138f,,,,,,,,,,2,0.6572640226330868,12.943795204162598,8.462337493896484,10.703065872192385,12.943795204162598,16.412561416625977,11.103314399719238,-0.2210247367620468,-0.5573366284370422,0.3194293328112927,0.4124891295978861,0.7023105621337891,2965,13.410176277160645,8.6685791015625,403,29.853910446166992,18.88473129272461,3562,11.795849800109863,6.967766761779785,0.0,1.0,0.2391452991452991,0.4711111111111111,0.6574358974358975,0.3769230769230769,0.6776068376068376,0.8550427350427351,0.7076390385627747,TRAIN,adaptive_resnet,multiview_zscore,10.0,none,multitask,multitask,none,none,314159,705721,705721,32971,5850,9.366165399551392,96,6,5,11,4,cycle,eca,attention,0.0,0.15,192,0.5,0.35,0.1,"[1.0, 1.0]",radam,none,5,2,192,0.0006,0.0002,radam_6e4_none,ok,,,,,,,,,
adaptive_resnet,multiview_zscore,10.0,none,multitask,multitask,mask,none,96,6,5,11,4,cycle,eca,attention,0.0,0.15,192,0.5,0.35,0.1,"[1.0, 1.0]",radam,none,5,2,192,0.0006,0.0002,TRAIN,radam_6e4_mask,I200_TRAIN_022_55c81c0027,,,,,,,,,,2,0.6579115629889244,12.920348167419434,8.440070152282715,10.680209159851074,12.920348167419434,16.377853393554688,11.085533142089844,-0.2182264924049377,-0.5808853507041931,0.3246356074141489,0.416141960888542,0.7007577419281006,2965,13.36575984954834,8.626375198364258,403,29.84519386291504,18.88023567199707,3562,11.769058227539062,6.938617706298828,0.0,1.0,0.2374358974358974,0.4731623931623931,0.658974358974359,0.3811965811965812,0.6794871794871795,0.8547008547008547,0.7057387828826904,TRAIN,adaptive_resnet,multiview_zscore,10.0,none,multitask,multitask,mask,none,314159,705721,705721,32971,5850,9.387623071670532,96,6,5,11,4,cycle,eca,attention,0.0,0.15,192,0.5,0.35,0.1,"[1.0, 1.0]",radam,none,5,2,192,0.0006,0.0002,radam_6e4_mask,ok,,,,,,,,,
adaptive_resnet,multiview_zscore,10.0,none,multitask,multitask,amplitude_warp,none,96,6,5,11,4,cycle,eca,attention,0.0,0.15,192,0.5,0.35,0.1,"[1.0, 1.0]",radam,none,5,2,192,0.0006,0.0002,TRAIN,radam_6e4_amplitude_warp,I200_TRAIN_023_92f2c0f793,,,,,,,,,,2,0.6582255536733672,12.96623420715332,8.435909271240234,10.701071739196776,12.96623420715332,16.429628372192383,11.07597541809082,-0.4383353292942047,-0.5237326622009277,0.3200119041139441,0.4165708623293119,0.701865553855896,2965,13.354905128479004,8.662811279296875,403,29.980430603027344,18.86059188842773,3562,11.77112102508545,6.96173095703125,0.0,1.0,0.2396581196581196,0.4676923076923077,0.6541880341880342,0.3818803418803418,0.6808547008547009,0.856068376068376,0.7068626284599304,TRAIN,adaptive_resnet,multiview_zscore,10.0,none,multitask,multitask,amplitude_warp,none,314159,705721,705721,32971,5850,9.374717712402344,96,6,5,11,4,cycle,eca,attention,0.0,0.15,192,0.5,0.35,0.1,"[1.0, 1.0]",radam,none,5,2,192,0.0006,0.0002,radam_6e4_amplitude_warp,ok,,,,,,,,,
adaptive_resnet,multiview_zscore,10.0,none,multitask,multitask,compound_morphology,none,96,6,5,11,4,cycle,eca,attention,0.0,0.15,192,0.5,0.35,0.1,"[1.0, 1.0]",radam,none,5,2,192,0.0006,0.0002,TRAIN,radam_6e4_compound_morphology,I200_TRAIN_024_118fc735bf,,,,,,,,,,2,0.6577309449744779,12.93833827972412,8.423190116882324,10.680764198303224,12.93833827972412,16.427900314331055,11.113446235656738,-0.4110604524612427,-0.7958364486694336,0.3191206923464673,0.4139371987853469,0.7005752325057983,2965,13.318089485168455,8.492207527160645,403,30.02234649658203,19.02915382385254,3562,11.74095630645752,6.807245254516602,0.0,1.0,0.2365811965811965,0.4726495726495726,0.6588034188034187,0.3825641025641025,0.6842735042735043,0.854017094017094,0.7039136290550232,TRAIN,adaptive_resnet,multiview_zscore,10.0,none,multitask,multitask,compound_morphology,none,314159,705721,705721,32971,5850,9.416284084320068,96,6,5,11,4,cycle,eca,attention,0.0,0.15,192,0.5,0.35,0.1,"[1.0, 1.0]",radam,none,5,2,192,0.0006,0.0002,radam_6e4_compound_morphology,ok,,,,,,,,,
adaptive_resnet,multiview_zscore,10.0,none,multitask,multitask,none,none,96,6,5,11,4,cycle,eca,attention,0.0,0.15,192,0.5,0.35,0.1,"[1.0, 1.0]",radam,cosine,5,2,192,0.001,0.0002,TRAIN,radam_1e3_cos_none,I200_TRAIN_025_5e9c83d41d,,,,,,,,,,2,0.6511885672807693,12.932609558105469,8.464325904846191,10.698467254638672,12.932609558105469,16.37885284423828,11.205554008483888,0.0935761779546737,-1.3356996774673462,0.3246745031389026,0.4060070627617602,0.7020798921585083,2965,13.476048469543455,8.250492095947266,403,29.486595153808597,19.682449340820312,3562,11.845281600952148,6.566864490509033,0.0,1.0,0.2394871794871794,0.4704273504273504,0.6553846153846153,0.3818803418803418,0.6890598290598291,0.8526495726495726,0.7036960124969482,TRAIN,adaptive_resnet,multiview_zscore,10.0,none,multitask,multitask,none,none,314159,705721,705721,32971,5850,9.3182270526886,96,6,5,11,4,cycle,eca,attention,0.0,0.15,192,0.5,0.35,0.1,"[1.0, 1.0]",radam,cosine,5,2,192,0.001,0.0002,radam_1e3_cos_none,ok,,,,,,,,,
adaptive_resnet,multiview_zscore,10.0,none,multitask,multitask,mask,none,96,6,5,11,4,cycle,eca,attention,0.0,0.15,192,0.5,0.35,0.1,"[1.0, 1.0]",radam,cosine,5,2,192,0.001,0.0002,TRAIN,radam_1e3_cos_mask,I200_TRAIN_026_2e90055abd,,,,,,,,,,2,0.651844288720641,12.955596923828123,8.456833839416504,10.706214904785156,12.955596923828123,16.378210067749023,11.189408302307127,0.2454476952552795,-1.328429102897644,0.3267060613369947,0.409330857052589,0.702416181564331,2965,13.515504837036133,8.233892440795898,403,29.203481674194336,19.61872673034668,3562,11.896357536315918,6.570370674133301,0.0,1.0,0.2394871794871794,0.4675213675213675,0.6567521367521367,0.381025641025641,0.6861538461538461,0.8555555555555555,0.7040547132492065,TRAIN,adaptive_resnet,multiview_zscore,10.0,none,multitask,multitask,mask,none,314159,705721,705721,32971,5850,9.356261253356934,96,6,5,11,4,cycle,eca,attention,0.0,0.15,192,0.5,0.35,0.1,"[1.0, 1.0]",radam,cosine,5,2,192,0.001,0.0002,radam_1e3_cos_mask,ok,,,,,,,,,
adaptive_resnet,multiview_zscore,10.0,none,multitask,multitask,amplitude_warp,none,96,6,5,11,4,cycle,eca,attention,0.0,0.15,192,0.5,0.35,0.1,"[1.0, 1.0]",radam,cosine,5,2,192,0.001,0.0002,TRAIN,radam_1e3_cos_amplitude_warp,I200_TRAIN_027_6e03009c45,,,,,,,,,,2,0.6520942359469658,12.957148551940918,8.431777954101562,10.694463729858398,12.957148551940918,16.377317428588867,11.148527145385742,0.6160723567008972,-1.1850868463516235,0.3271208654441994,0.4127480810652036,0.7014457583427429,2965,13.642635345458984,8.291646957397461,403,28.902307510375977,19.413406372070312,3562,11.987249374389648,6.612708568572998,0.0,1.0,0.2370940170940171,0.4661538461538461,0.6541880341880342,0.3839316239316239,0.6844444444444444,0.8528205128205129,0.7047948837280273,TRAIN,adaptive_resnet,multiview_zscore,10.0,none,multitask,multitask,amplitude_warp,none,314159,705721,705721,32971,5850,9.393471479415894,96,6,5,11,4,cycle,eca,attention,0.0,0.15,192,0.5,0.35,0.1,"[1.0, 1.0]",radam,cosine,5,2,192,0.001,0.0002,radam_1e3_cos_amplitude_warp,ok,,,,,,,,,
adaptive_resnet,multiview_zscore,10.0,none,multitask,multitask,compound_morphology,none,96,6,5,11,4,cycle,eca,attention,0.0,0.15,192,0.5,0.35,0.1,"[1.0, 1.0]",radam,cosine,5,2,192,0.001,0.0002,TRAIN,radam_1e3_cos_compound_morphology,I200_TRAIN_028_924119312a,,,,,,,,,,2,0.6516254135342532,12.926918983459473,8.471101760864258,10.699010848999023,12.926918983459473,16.41246795654297,11.22407054901123,-0.3417800962924957,-1.4260331392288208,0.3206063237044262,0.4057986765543307,0.7021957039833069,2965,13.326948165893556,8.20812702178955,403,30.031850814819336,19.677959442138672,3562,11.722272872924805,6.542355060577393,0.0,1.0,0.2403418803418803,0.4697435897435897,0.6593162393162393,0.38,0.683076923076923,0.8553846153846154,0.7023177146911621,TRAIN,adaptive_resnet,multiview_zscore,10.0,none,multitask,multitask,compound_morphology,none,314159,705721,705721,32971,5850,9.425021648406982,96,6,5,11,4,cycle,eca,attention,0.0,0.15,192,0.5,0.35,0.1,"[1.0, 1.0]",radam,cosine,5,2,192,0.001,0.0002,radam_1e3_cos_compound_morphology,ok,,,,,,,,,
adaptive_resnet,multiview_zscore,10.0,none,multitask,multitask,none,none,96,6,5,11,4,cycle,eca,attention,0.0,0.15,192,0.5,0.35,0.1,"[1.0, 1.0]",nadam,none,5,2,192,0.0006,0.0002,TRAIN,nadam_6e4_none,I200_TRAIN_029_f57f4b8831,,,,,,,,,,1,0.7032372369322666,13.038976669311523,8.566142082214355,10.80255889892578,13.038976669311523,16.552352905273438,11.202834129333496,-0.8187039494514465,-0.5962938666343689,0.3089095554718832,0.394835743818717,0.7091567516326904,2965,13.22471523284912,8.74994945526123,403,30.323204040527344,19.07375907897949,3562,11.710088729858398,7.000766754150391,0.0,1.0,0.2379487179487179,0.4651282051282051,0.6579487179487179,0.369059829059829,0.6765811965811965,0.8536752136752137,0.7123070359230042,TRAIN,adaptive_resnet,multiview_zscore,10.0,none,multitask,multitask,none,none,314159,705721,705721,32971,5850,7.098787307739258,96,6,5,11,4,cycle,eca,attention,0.0,0.15,192,0.5,0.35,0.1,"[1.0, 1.0]",nadam,none,5,2,192,0.0006,0.0002,nadam_6e4_none,ok,,,,,,,,,
adaptive_resnet,multiview_zscore,10.0,none,multitask,multitask,mask,none,96,6,5,11,4,cycle,eca,attention,0.0,0.15,192,0.5,0.35,0.1,"[1.0, 1.0]",nadam,none,5,2,192,0.0006,0.0002,TRAIN,nadam_6e4_mask,I200_TRAIN_030_c5259795ea,,,,,,,,,,1,0.7005951553583145,13.01335334777832,8.587597846984863,10.80047607421875,13.01335334777832,16.5750675201416,11.248154640197754,-1.331814885139465,-0.7551494836807251,0.3100244564500679,0.3875030297579538,0.7093120813369751,2965,13.02156925201416,8.708922386169434,403,31.079986572265625,19.37553977966309,3562,11.543527603149414,6.936400413513184,0.0,1.0,0.2411965811965812,0.4666666666666667,0.657094017094017,0.3661538461538461,0.6745299145299145,0.8509401709401709,0.7105962038040161,TRAIN,adaptive_resnet,multiview_zscore,10.0,none,multitask,multitask,mask,none,314159,705721,705721,32971,5850,7.126862049102783,96,6,5,11,4,cycle,eca,attention,0.0,0.15,192,0.5,0.35,0.1,"[1.0, 1.0]",nadam,none,5,2,192,0.0006,0.0002,nadam_6e4_mask,ok,,,,,,,,,
adaptive_resnet,multiview_zscore,10.0,none,multitask,multitask,amplitude_warp,none,96,6,5,11,4,cycle,eca,attention,0.0,0.15,192,0.5,0.35,0.1,"[1.0, 1.0]",nadam,none,5,2,192,0.0006,0.0002,TRAIN,nadam_6e4_amplitude_warp,I200_TRAIN_031_237e931217,,,,,,,,,,1,0.6995838159738585,13.029683113098145,8.564177513122559,10.796930313110352,13.029683113098145,16.577733993530273,11.215200424194336,-1.4077013731002808,-0.8173494338989258,0.3122846214183805,0.3947162605679473,0.7088188529014587,2965,13.02213191986084,8.63861083984375,403,30.93669319152832,19.25919532775879,3562,11.569419860839844,6.894517421722412,0.0,1.0,0.2417094017094017,0.4664957264957265,0.658974358974359,0.369059829059829,0.6776068376068376,0.8535042735042735,0.7095190286636353,TRAIN,adaptive_resnet,multiview_zscore,10.0,none,multitask,multitask,amplitude_warp,none,314159,705721,705721,32971,5850,7.1517980098724365,96,6,5,11,4,cycle,eca,attention,0.0,0.15,192,0.5,0.35,0.1,"[1.0, 1.0]",nadam,none,5,2,192,0.0006,0.0002,nadam_6e4_amplitude_warp,ok,,,,,,,,,
adaptive_resnet,multiview_zscore,10.0,none,multitask,multitask,compound_morphology,none,96,6,5,11,4,cycle,eca,attention,0.0,0.15,192,0.5,0.35,0.1,"[1.0, 1.0]",nadam,none,5,2,192,0.0006,0.0002,TRAIN,nadam_6e4_compound_morphology,I200_TRAIN_032_c2b96ae0ad,,,,,,,,,,1,0.699938832327377,13.0343599319458,8.567157745361328,10.800758361816406,13.0343599319458,16.617074966430664,11.19434642791748,-1.473734974861145,-0.5244523882865906,0.313034315731543,0.3958221430305888,0.7090694904327393,2965,12.98879337310791,8.79681396484375,403,30.932353973388672,18.99970054626465,3562,11.539501190185549,7.0576934814453125,0.0,1.0,0.242051282051282,0.4712820512820513,0.6574358974358975,0.3687179487179487,0.6743589743589744,0.8517948717948718,0.7110751271247864,TRAIN,adaptive_resnet,multiview_zscore,10.0,none,multitask,multitask,compound_morphology,none,314159,705721,705721,32971,5850,7.161185264587402,96,6,5,11,4,cycle,eca,attention,0.0,0.15,192,0.5,0.35,0.1,"[1.0, 1.0]",nadam,none,5,2,192,0.0006,0.0002,nadam_6e4_compound_morphology,ok,,,,,,,,,
adaptive_resnet,multiview_zscore,10.0,none,multitask,multitask,none,none,96,6,5,11,4,cycle,eca,attention,0.0,0.15,192,0.5,0.35,0.1,"[1.0, 1.0]",nadam,cosine,5,2,192,0.001,0.0002,TRAIN,nadam_1e3_cos_none,I200_TRAIN_033_dfb37edfd0,,,,,,,,,,1,0.7043443550897199,13.06722354888916,8.612174987792969,10.839698791503906,13.06722354888916,16.621734619140625,11.211695671081545,-1.7302809953689575,-0.4491155743598938,0.3119680670606135,0.3907940666294999,0.7118045091629028,2965,12.96776294708252,8.912842750549316,403,31.09893035888672,19.037342071533203,3562,11.556840896606444,7.123254776000977,0.0,1.0,0.2422222222222222,0.468034188034188,0.6588034188034187,0.3632478632478632,0.6694017094017094,0.8492307692307692,0.7141535878181458,TRAIN,adaptive_resnet,multiview_zscore,10.0,none,multitask,multitask,none,none,314159,705721,705721,32971,5850,7.106002569198608,96,6,5,11,4,cycle,eca,attention,0.0,0.15,192,0.5,0.35,0.1,"[1.0, 1.0]",nadam,cosine,5,2,192,0.001,0.0002,nadam_1e3_cos_none,ok,,,,,,,,,
adaptive_resnet,multiview_zscore,10.0,none,multitask,multitask,mask,none,96,6,5,11,4,cycle,eca,attention,0.0,0.15,192,0.5,0.35,0.1,"[1.0, 1.0]",nadam,cosine,5,2,192,0.001,0.0002,TRAIN,nadam_1e3_cos_mask,I200_TRAIN_034_9fd5d868a1,,,,,,,,,,1,0.7068895832743756,13.09552764892578,8.60531997680664,10.850423812866213,13.09552764892578,16.687097549438477,11.32086181640625,-2.362175703048706,-1.3259077072143557,0.3080333051252562,0.3836067570859377,0.7123143672943115,2965,12.805232048034668,8.395383834838867,403,32.01350402832031,19.87362670898437,3562,11.417901039123535,6.653792381286621,0.0,1.0,0.2454700854700854,0.4687179487179487,0.6567521367521367,0.3678632478632478,0.6741880341880342,0.8500854700854701,0.7081729173660278,TRAIN,adaptive_resnet,multiview_zscore,10.0,none,multitask,multitask,mask,none,314159,705721,705721,32971,5850,7.1177825927734375,96,6,5,11,4,cycle,eca,attention,0.0,0.15,192,0.5,0.35,0.1,"[1.0, 1.0]",nadam,cosine,5,2,192,0.001,0.0002,nadam_1e3_cos_mask,ok,,,,,,,,,
adaptive_resnet,multiview_zscore,10.0,none,multitask,multitask,amplitude_warp,none,96,6,5,11,4,cycle,eca,attention,0.0,0.15,192,0.5,0.35,0.1,"[1.0, 1.0]",nadam,cosine,5,2,192,0.001,0.0002,TRAIN,nadam_1e3_cos_amplitude_warp,I200_TRAIN_035_944f8ae4a2,,,,,,,,,,1,0.7047806947037231,13.061322212219238,8.603601455688477,10.832462310791016,13.061322212219238,16.59339141845703,11.313824653625488,-1.3974416255950928,-1.3124767541885376,0.3068674909574505,0.3871659392908224,0.7112935781478882,2965,13.084349632263184,8.357475280761719,403,30.978763580322266,19.751686096191406,3562,11.599590301513672,6.669851779937744,0.0,1.0,0.2418803418803418,0.4635897435897436,0.6565811965811966,0.3656410256410256,0.6784615384615384,0.8495726495726496,0.7089646458625793,TRAIN,adaptive_resnet,multiview_zscore,10.0,none,multitask,multitask,amplitude_warp,none,314159,705721,705721,32971,5850,7.148437261581421,96,6,5,11,4,cycle,eca,attention,0.0,0.15,192,0.5,0.35,0.1,"[1.0, 1.0]",nadam,cosine,5,2,192,0.001,0.0002,nadam_1e3_cos_amplitude_warp,ok,,,,,,,,,
adaptive_resnet,multiview_zscore,10.0,none,multitask,multitask,compound_morphology,none,96,6,5,11,4,cycle,eca,attention,0.0,0.15,192,0.5,0.35,0.1,"[1.0, 1.0]",nadam,cosine,5,2,192,0.001,0.0002,TRAIN,nadam_1e3_cos_compound_morphology,I200_TRAIN_036_60f2ee9398,,,,,,,,,,1,0.704538932719896,13.054258346557615,8.590497016906738,10.822378158569336,13.054258346557615,16.619266510009766,11.24924373626709,-1.629867434501648,-1.0306838750839231,0.3097132441674114,0.3933546512885831,0.7105669975280762,2965,13.00854206085205,8.489762306213379,403,31.019948959350582,19.38263511657715,3562,11.563429832458496,6.800414562225342,0.0,1.0,0.241025641025641,0.4702564102564102,0.6598290598290598,0.3656410256410256,0.6779487179487179,0.8497435897435898,0.7092304229736328,TRAIN,adaptive_resnet,multiview_zscore,10.0,none,multitask,multitask,compound_morphology,none,314159,705721,705721,32971,5850,7.150300741195679,96,6,5,11,4,cycle,eca,attention,0.0,0.15,192,0.5,0.35,0.1,"[1.0, 1.0]",nadam,cosine,5,2,192,0.001,0.0002,nadam_1e3_cos_compound_morphology,ok,,,,,,,,,
adaptive_resnet,multiview_zscore,10.0,none,multitask,multitask,none,none,96,6,5,11,4,cycle,eca,attention,0.0,0.15,192,0.5,0.35,0.1,"[1.0, 1.0]",sgd,cosine,5,2,192,0.01,0.0001,TRAIN,sgd_1e2_cos_none,I200_TRAIN_037_beadba97be,,,,,,,,,,3,0.6387691626022028,13.072504043579102,8.508133888244629,10.790319442749023,13.072504043579102,16.640317916870117,11.32346248626709,1.053424835205078,-1.6976702213287354,0.314631140838909,0.3970401028149833,0.7077428102493286,2965,13.782307624816896,8.081195831298828,403,27.94145965576172,19.974767684936523,3562,12.169733047485352,6.407830715179443,0.0049627791563275,0.9996328254084818,0.2425641025641025,0.4769230769230769,0.6528205128205128,0.3829059829059829,0.6854700854700855,0.8526495726495726,0.7083606123924255,TRAIN,adaptive_resnet,multiview_zscore,10.0,none,multitask,multitask,none,none,314159,705721,705721,32971,5850,11.347072839736938,96,6,5,11,4,cycle,eca,attention,0.0,0.15,192,0.5,0.35,0.1,"[1.0, 1.0]",sgd,cosine,5,2,192,0.01,0.0001,sgd_1e2_cos_none,ok,,,,,,,,,
adaptive_resnet,multiview_zscore,10.0,none,multitask,multitask,mask,none,96,6,5,11,4,cycle,eca,attention,0.0,0.15,192,0.5,0.35,0.1,"[1.0, 1.0]",sgd,cosine,5,2,192,0.01,0.0001,TRAIN,sgd_1e2_cos_mask,I200_TRAIN_038_d0d1faca7f,,,,,,,,,,4,0.6251947897118192,12.983487129211426,8.549381256103516,10.766433715820312,12.983487129211426,16.52750587463379,11.166690826416016,-0.1378573179244995,-0.4343129694461822,0.3271143903992217,0.4141674468758332,0.7069355249404907,2965,13.331893920898438,8.681447982788086,403,28.507631301879883,18.29983711242676,3562,11.86336612701416,7.099874019622803,0.0024813895781637,0.9990820635212044,0.2442735042735042,0.4753846153846154,0.657094017094017,0.3671794871794872,0.6755555555555556,0.8531623931623932,0.7106935977935791,TRAIN,adaptive_resnet,multiview_zscore,10.0,none,multitask,multitask,mask,none,314159,705721,705721,32971,5850,11.348392248153688,96,6,5,11,4,cycle,eca,attention,0.0,0.15,192,0.5,0.35,0.1,"[1.0, 1.0]",sgd,cosine,5,2,192,0.01,0.0001,sgd_1e2_cos_mask,ok,,,,,,,,,
adaptive_resnet,multiview_zscore,10.0,none,multitask,multitask,amplitude_warp,none,96,6,5,11,4,cycle,eca,attention,0.0,0.15,192,0.5,0.35,0.1,"[1.0, 1.0]",sgd,cosine,5,2,192,0.01,0.0001,TRAIN,sgd_1e2_cos_amplitude_warp,I200_TRAIN_039_a244018309,,,,,,,,,,4,0.6264566623194273,13.04065990447998,8.532918930053711,10.786788940429688,13.04065990447998,16.611373901367188,11.15721607208252,0.4961348176002502,-0.5565255880355835,0.321620036087387,0.4151899202477001,0.7078596949577332,2965,13.507311820983888,8.609588623046875,403,28.14762306213379,18.483139038085938,3562,12.006574630737305,7.023157119750977,0.0049627791563275,0.9996328254084818,0.2463247863247863,0.4719658119658119,0.6579487179487179,0.3709401709401709,0.6757264957264957,0.8495726495726496,0.7118797302246094,TRAIN,adaptive_resnet,multiview_zscore,10.0,none,multitask,multitask,amplitude_warp,none,314159,705721,705721,32971,5850,11.423551559448242,96,6,5,11,4,cycle,eca,attention,0.0,0.15,192,0.5,0.35,0.1,"[1.0, 1.0]",sgd,cosine,5,2,192,0.01,0.0001,sgd_1e2_cos_amplitude_warp,ok,,,,,,,,,
adaptive_resnet,multiview_zscore,10.0,none,multitask,multitask,compound_morphology,none,96,6,5,11,4,cycle,eca,attention,0.0,0.15,192,0.5,0.35,0.1,"[1.0, 1.0]",sgd,cosine,5,2,192,0.01,0.0001,TRAIN,sgd_1e2_cos_compound_morphology,I200_TRAIN_040_8f6701e758,,,,,,,,,,4,0.6299863128468047,13.029356002807615,8.535856246948242,10.78260612487793,13.029356002807615,16.6080265045166,11.230389595031738,0.0666933134198188,-0.950356662273407,0.3198367748790548,0.4074068302361285,0.7076641321182251,2965,13.383835792541504,8.397299766540527,403,28.622386932373047,18.89263343811035,3562,11.91076946258545,6.803658962249756,0.0024813895781637,0.9996328254084818,0.2425641025641025,0.4757264957264957,0.6538461538461539,0.375042735042735,0.6765811965811965,0.8492307692307692,0.7087277173995972,TRAIN,adaptive_resnet,multiview_zscore,10.0,none,multitask,multitask,compound_morphology,none,314159,705721,705721,32971,5850,11.500916004180908,96,6,5,11,4,cycle,eca,attention,0.0,0.15,192,0.5,0.35,0.1,"[1.0, 1.0]",sgd,cosine,5,2,192,0.01,0.0001,sgd_1e2_cos_compound_morphology,ok,,,,,,,,,
