epoch,train_loss,mae_sbp,mae_dbp,mean_mae,worst_target_mae,rmse_sbp,rmse_dbp,bias_sbp,bias_dbp,pearson_sbp,pearson_dbp,selection_score,tail_count,tail_mae_sbp,tail_mae_dbp,high_count,high_mae_sbp,high_mae_dbp,low_count,low_mae_sbp,low_mae_dbp,high_bp_sensitivity,high_bp_specificity,sbp_within_5,sbp_within_10,sbp_within_15,dbp_within_5,dbp_within_10,dbp_within_15,clinical_selection_score,run_id,stage,backbone,view,duration_seconds,engineered,head,loss,augmentation,balance,seed,parameters,trainable_parameters,train_samples,eval_samples,runtime_seconds,outer_fold,candidate_id,status,ordinal
5,0.5843752513523974,12.886335372924805,8.743070602416992,10.814702987670898,12.886335372924805,16.146291732788086,11.170472145080566,-0.6084834337234497,0.2525745630264282,0.4270990541171731,0.4722996694307085,0.72126305103302,3717,13.309881210327148,9.365476608276367,566,25.19977569580078,15.724353790283203,4432,11.97570514678955,7.755984306335449,0.0247349823321554,0.9994076706648896,0.2367809810083344,0.4638611832217516,0.6491323951359476,0.3515507583003142,0.6461265200163957,0.8454706927175843,0.7306309938430786,N200_O1_I200_ARCH_001_0070ac94e2,NESTED_INNER_SCREEN,adaptive_resnet,multiview_zscore,10.0,none,multitask,multitask,jitter_scale,none,271829,251592,251592,29226,7319,8.143465757369995,1,I200_ARCH_001_0070ac94e2,ok,1
5,0.5841818642772101,12.80075740814209,8.704855918884277,10.752806663513184,12.80075740814209,16.0376033782959,11.105157852172852,-1.1041221618652344,0.3899474442005157,0.4398635401515521,0.4831354209908236,0.717288613319397,3717,13.037383079528809,9.339520454406738,566,25.02774810791016,15.15858268737793,4432,11.775745391845703,7.781792163848877,0.0441696113074204,0.9988153413297792,0.241972947123924,0.4635879218472469,0.6499521792594617,0.3473152069954912,0.6489957644486952,0.8497062440224075,0.7254695296287537,N200_O1_I200_ARCH_002_60c8d80ebf,NESTED_INNER_SCREEN,adaptive_resnet,multiview_zscore,10.0,none,multitask,multitask,jitter_scale,none,271829,251612,251612,29226,7319,7.624057769775391,1,I200_ARCH_002_60c8d80ebf,ok,2
5,0.5838370856895946,12.879504203796388,8.664548873901367,10.77202606201172,12.879504203796388,16.12016487121582,11.06923484802246,-0.2371578514575958,0.2814300656318664,0.4283952462937759,0.4878539559021909,0.71784508228302,3717,13.36666774749756,9.20695686340332,566,24.37217330932617,15.257055282592772,4432,12.086405754089355,7.677857875823975,0.0565371024734982,0.9985191766622242,0.2422462084984287,0.4619483536002186,0.6473561962016668,0.3499111900532859,0.6517283781937423,0.8514824429566881,0.7268381714820862,N200_O1_I200_ARCH_003_2e86f85560,NESTED_INNER_SCREEN,adaptive_resnet,multiview_zscore,10.0,none,multitask,multitask,jitter_scale,none,271829,255976,255976,29226,7319,7.75290060043335,1,I200_ARCH_003_2e86f85560,ok,3
5,0.581964293531343,12.965957641601562,8.645696640014648,10.805827140808104,12.965957641601562,16.229299545288086,11.090523719787598,-0.9347374439239502,-0.3849652111530304,0.4116318829556221,0.4825416243937747,0.7194994688034058,3717,13.336085319519045,9.040220260620115,566,26.274526596069336,16.48168182373047,4432,11.926897048950195,7.325379848480225,0.0212014134275618,0.9991115059973346,0.2396502254406339,0.4590791091679191,0.6375187867194972,0.3497745593660336,0.6582866511818555,0.8497062440224075,0.7261514663696289,N200_O1_I200_ARCH_004_3b8a4c1910,NESTED_INNER_SCREEN,adaptive_resnet,multiview_zscore,10.0,none,multitask,multitask,jitter_scale,none,271829,334026,334026,29226,7319,9.27375864982605,1,I200_ARCH_004_3b8a4c1910,ok,4
5,0.5867525551443785,12.791332244873049,8.737030982971191,10.76418113708496,12.791332244873049,15.976720809936523,11.140121459960938,0.0783610343933105,0.2982871830463409,0.4349994116886365,0.4769360738991784,0.7183457612991333,3717,13.472731590270996,9.33037567138672,566,24.77597999572754,15.541516304016112,4432,12.063931465148926,7.749605178833008,0.0353356890459364,0.9988153413297792,0.2416996857494193,0.4680967345265747,0.6472195655144145,0.3451291159994534,0.6492690258231999,0.8477934144008744,0.7292263507843018,N200_O1_I200_ARCH_005_6e92f23031,NESTED_INNER_SCREEN,adaptive_resnet,multiview_zscore,10.0,none,multitask,multitask,jitter_scale,none,271829,334056,334056,29226,7319,9.836008071899414,1,I200_ARCH_005_6e92f23031,ok,5
5,0.5833947983832141,12.87639331817627,8.671473503112793,10.773933410644531,12.87639331817627,16.105749130249023,11.117746353149414,-1.5044997930526731,-0.3602170050144195,0.4296695788718443,0.4786035539441184,0.7180421352386475,3717,13.054192543029783,8.988655090332031,566,26.266481399536133,16.2092227935791,4432,11.728075981140137,7.308253288269043,0.0318021201413427,0.9991115059973346,0.2426561005601858,0.4660472742177893,0.6409345539008061,0.3512774969258095,0.6567837136220795,0.8479300450881267,0.7225488424301147,N200_O1_I200_ARCH_006_4f28a7253b,NESTED_INNER_SCREEN,adaptive_resnet,multiview_zscore,10.0,none,multitask,multitask,jitter_scale,none,271829,340602,340602,29226,7319,10.01286482810974,1,I200_ARCH_006_4f28a7253b,ok,6
1,0.6907088125453276,13.237804412841797,8.58062744140625,10.909215927124023,13.237804412841797,16.474523544311523,11.067734718322754,3.079702615737915,-0.3205179274082184,0.4081242967426877,0.4860509484230819,0.7244638204574585,3717,14.787466049194336,8.88306713104248,566,23.3699951171875,16.076955795288086,4432,13.163491249084473,7.275959491729736,0.0,1.0,0.2315890148927449,0.4470556086897117,0.6310971444186364,0.367946440770597,0.6597895887416314,0.8473835223391174,0.7384549379348755,N200_O1_I200_ARCH_007_9404ad5336,NESTED_INNER_SCREEN,adaptive_resnet,multiview_zscore,10.0,none,multitask,multitask,jitter_scale,none,271829,416460,416460,29226,7319,6.820844411849976,1,I200_ARCH_007_9404ad5336,ok,7
1,0.6898769077911876,13.410414695739746,8.770246505737305,11.090330123901367,13.410414695739746,16.688331604003906,11.154778480529783,3.671470642089844,1.0846295356750488,0.3993020112432024,0.4841181498477105,0.7371039986610413,3717,15.07034969329834,9.626340866088867,566,22.625030517578125,14.611336708068848,4432,13.503016471862791,8.17937183380127,0.0,1.0,0.2274900942751742,0.4399508129525891,0.6227626724962426,0.3559229402923897,0.6382019401557589,0.8357699139226671,0.7575565576553345,N200_O1_I200_ARCH_008_73f727150e,NESTED_INNER_SCREEN,adaptive_resnet,multiview_zscore,10.0,none,multitask,multitask,jitter_scale,none,271829,416500,416500,29226,7319,7.3074235916137695,1,I200_ARCH_008_73f727150e,ok,8
5,0.5734256685169694,12.898123741149902,8.785609245300293,10.841866493225098,12.898123741149902,16.165163040161133,11.156601905822754,-1.518660545349121,0.8180657029151917,0.4342933488337385,0.477919659219147,0.7233419418334961,3717,13.082265853881836,9.730775833129885,566,25.241384506225582,15.09639835357666,4432,11.921109199523926,8.12729549407959,0.0406360424028268,0.9994076706648896,0.2490777428610465,0.4619483536002186,0.638611832217516,0.3413034567563874,0.6440770597076103,0.8387757890422188,0.7343434691429138,N200_O1_I200_ARCH_009_a64321f369,NESTED_INNER_SCREEN,adaptive_resnet,multiview_zscore,10.0,none,multitask,multitask,jitter_scale,none,271829,425228,425228,29226,7319,12.70395565032959,1,I200_ARCH_009_a64321f369,ok,9
1,0.6968730169963213,13.071572303771973,8.614202499389648,10.842887878417969,13.071572303771973,16.301420211791992,11.20799446105957,0.7892253398895264,-1.3619385957717896,0.3976741830353958,0.4776371911079101,0.7211728096008301,3717,14.00771713256836,8.317607879638672,566,25.19145965576172,16.836442947387695,4432,12.488228797912598,6.714055061340332,0.0,1.0,0.2389670720043721,0.4484219155622352,0.6368356332832354,0.3682197021451018,0.6632053559229403,0.8450608006558273,0.7247018218040466,N200_O1_I200_ARCH_010_ec241a5c84,NESTED_INNER_SCREEN,adaptive_resnet,multiview_zscore,10.0,none,multitask,multitask,jitter_scale,none,271829,518248,518248,29226,7319,4.459517240524292,1,I200_ARCH_010_ec241a5c84,ok,10
5,0.5801752203819799,12.86397647857666,8.660406112670898,10.762191772460938,12.86397647857666,16.0780086517334,11.182673454284668,-1.0026417970657349,-0.9046269059181212,0.4325759702868332,0.4742434729945485,0.7172385454177856,3717,13.126012802124023,8.675962448120117,566,25.456762313842773,16.76426887512207,4432,11.83921718597412,7.013635158538818,0.0371024734982332,0.9991115059973346,0.2406066402514004,0.4622216149747233,0.643940429020358,0.3555130482306326,0.6606093728651455,0.8494329826479027,0.7192388772964478,N200_O1_I200_ARCH_011_b8134a8a09,NESTED_INNER_SCREEN,adaptive_resnet,multiview_zscore,10.0,none,multitask,multitask,jitter_scale,none,271829,518268,518268,29226,7319,7.726399660110474,1,I200_ARCH_011_b8134a8a09,ok,11
1,0.6965198384390937,13.238642692565918,8.62972640991211,10.934185028076172,13.238642692565918,16.537080764770508,11.117048263549805,2.980441331863404,-0.2725498378276825,0.4064892265024856,0.4828647772763221,0.7265046238899231,3717,14.622479438781738,8.8368501663208,566,22.37993621826172,15.694276809692385,4432,13.154844284057615,7.3437042236328125,0.0,1.0,0.2306326000819784,0.4470556086897117,0.6316436671676459,0.3680830714578494,0.6559639294985654,0.8435578630960514,0.7383520603179932,N200_O1_I200_ARCH_012_3bebdfe95f,NESTED_INNER_SCREEN,adaptive_resnet,multiview_zscore,10.0,none,multitask,multitask,jitter_scale,none,271829,527896,527896,29226,7319,4.914569854736328,1,I200_ARCH_012_3bebdfe95f,ok,12
1,0.6959749382305769,13.147904396057127,8.589906692504883,10.868906021118164,13.147904396057127,16.44610023498535,11.04814910888672,2.1094393730163574,-0.3768945634365082,0.4028917724373838,0.4889701737345041,0.7223192453384399,3717,14.255691528320312,8.82723617553711,566,23.04526901245117,15.9276123046875,4432,12.863221168518066,7.255966186523437,0.0,1.0,0.2321355376417543,0.4542970351140866,0.6377920480940019,0.3664435032108211,0.6573302363710889,0.8488864598988933,0.7325379848480225,N200_O1_I200_ARCH_013_0fd718994c,NESTED_INNER_SCREEN,adaptive_resnet,multiview_zscore,10.0,none,multitask,multitask,jitter_scale,none,271829,703338,703338,29226,7319,5.487135171890259,1,I200_ARCH_013_0fd718994c,ok,13
1,0.6944422160877901,13.52563190460205,8.721415519714355,11.123523712158203,13.52563190460205,16.90727424621582,11.14431381225586,4.07116174697876,0.5419497489929199,0.3946356786456061,0.4800065733094263,0.7383348941802979,3717,15.13860321044922,9.34756088256836,566,21.196510314941406,14.862799644470217,4432,13.708507537841797,7.887611389160156,0.0,1.0,0.22434758846837,0.4402240743270939,0.6208498428747097,0.3568793551031561,0.6458532586418909,0.845334062030332,0.7560956478118896,N200_O1_I200_ARCH_014_c183826645,NESTED_INNER_SCREEN,adaptive_resnet,multiview_zscore,10.0,none,multitask,multitask,jitter_scale,none,271829,703368,703368,29226,7319,6.043682813644409,1,I200_ARCH_014_c183826645,ok,14
5,0.5790660332620533,12.874133110046388,8.67225456237793,10.773193359375,12.874133110046388,16.145620346069336,11.074975967407228,-2.1850833892822266,0.6642484068870544,0.4384642814299986,0.4886341499918092,0.7180107235908508,3717,12.786359786987305,9.349723815917969,566,26.0360107421875,14.88888931274414,4432,11.577078819274902,7.800137042999268,0.0477031802120141,0.9991115059973346,0.2441590381199617,0.4700095641481077,0.6440770597076103,0.3489547752425194,0.6495422871977046,0.8435578630960514,0.7243527173995972,N200_O1_I200_ARCH_015_ca1ee0e1e3,NESTED_INNER_SCREEN,adaptive_resnet,multiview_zscore,10.0,none,multitask,multitask,jitter_scale,none,271829,717810,717810,29226,7319,10.43814754486084,1,I200_ARCH_015_ca1ee0e1e3,ok,15
1,0.6945714346723619,13.22297477722168,8.59316635131836,10.90807056427002,13.22297477722168,16.482019424438477,11.066861152648926,2.663191795349121,-0.2241675704717636,0.4007794265652817,0.4863155564035712,0.7245623469352722,3717,14.590486526489258,8.882540702819824,566,23.175920486450195,15.763616561889648,4432,13.078378677368164,7.320413112640381,0.0,1.0,0.2292662932094548,0.4518376827435442,0.6316436671676459,0.3648039349637929,0.6580133898073507,0.8472468916518651,0.7371399402618408,N200_O1_I200_ARCH_016_ccec4f77dd,NESTED_INNER_SCREEN,adaptive_resnet,multiview_zscore,10.0,none,multitask,multitask,jitter_scale,none,271829,888428,888428,29226,7319,6.931647777557373,1,I200_ARCH_016_ccec4f77dd,ok,16
1,0.6953468696743834,13.229875564575195,8.56029224395752,10.895084381103516,13.229875564575195,16.48541831970215,11.072205543518066,2.601598262786865,-0.614277720451355,0.397162701590741,0.4877635298506436,0.7234055995941162,3717,14.670761108398438,8.675836563110352,566,23.69646072387696,16.168447494506836,4432,13.09121799468994,7.105038642883301,0.0,1.0,0.2319989069545019,0.4493783303730018,0.6300040989206176,0.3635742587785217,0.6636152479846974,0.8497062440224075,0.734713077545166,N200_O1_I200_ARCH_017_be9af9faa0,NESTED_INNER_SCREEN,adaptive_resnet,multiview_zscore,10.0,none,multitask,multitask,jitter_scale,none,271829,888468,888468,29226,7319,7.523053884506226,1,I200_ARCH_017_be9af9faa0,ok,17
5,0.5673868642523398,13.07168674468994,8.831586837768555,10.951637268066406,13.07168674468994,16.372486114501953,11.257168769836426,-0.5008650422096252,0.5015177726745605,0.4149779872258294,0.4640520737442234,0.7301073670387268,3717,13.256834030151367,9.532231330871582,566,24.153221130371094,15.2056303024292,4432,12.184419631958008,7.990714073181152,0.0689045936395759,0.9968902709906708,0.2345948900122967,0.4588058477934144,0.6375187867194972,0.3437628091269299,0.6443503210821151,0.8397322038529854,0.7386044263839722,N200_O1_I200_ARCH_018_57fb09dad6,NESTED_INNER_SCREEN,adaptive_resnet,multiview_zscore,10.0,none,multitask,multitask,jitter_scale,none,271829,907724,907724,29226,7319,14.907249689102173,1,I200_ARCH_018_57fb09dad6,ok,18
5,0.5825529904926524,12.885786056518556,8.708473205566406,10.79712963104248,12.885786056518556,16.18808364868164,11.183321952819824,-2.488185167312622,-1.023088812828064,0.4349597980828497,0.4749231082604063,0.7198261618614197,3717,12.706477165222168,8.727262496948242,566,26.952402114868164,17.015384674072266,4432,11.46055793762207,7.0457024574279785,0.0141342756183745,1.0,0.2489411121737942,0.4631780297854898,0.6399781390900396,0.3488181445552671,0.6537778385025277,0.8486131985243885,0.7187596559524536,N200_O1_I200_ARCH_019_8bfe0b6689,NESTED_INNER_SCREEN,adaptive_resnet,multiview_zscore,10.0,none,multitask,multitask,jitter_scale,none,271829,883208,883208,29226,7319,16.16763424873352,1,I200_ARCH_019_8bfe0b6689,ok,19
3,0.627062631977929,12.961524963378906,8.71278190612793,10.837153434753418,12.961524963378906,16.296964645385742,11.151912689208984,1.1320712566375732,0.1634738743305206,0.4368334730066416,0.4823750492476618,0.7221311330795288,3717,13.5376615524292,9.09852123260498,566,21.69662857055664,15.199749946594238,4432,12.475578308105469,7.711013317108154,0.03886925795053,0.9998519176662224,0.2351414127613061,0.4685066265883317,0.6494056565104522,0.3527804344855854,0.646263150703648,0.8432846017215466,0.7301399111747742,N200_O1_I200_ARCH_020_1dc145a265,NESTED_INNER_SCREEN,adaptive_resnet,multiview_zscore,10.0,none,multitask,multitask,jitter_scale,none,271829,883228,883228,29226,7319,17.47273850440979,1,I200_ARCH_020_1dc145a265,ok,20
5,0.5807534506897521,13.010873794555664,8.772254943847656,10.89156436920166,13.010873794555664,16.354812622070312,11.204957962036133,-2.89844822883606,-0.1960716396570205,0.4235301653119329,0.4652579158803686,0.7259610891342163,3717,12.69359016418457,9.285521507263184,566,27.60628128051757,16.324466705322266,4432,11.501015663146973,7.562618255615234,0.03886925795053,0.9998519176662224,0.2482579587375324,0.4574395409208908,0.6372455253449925,0.3406203033201257,0.6499521792594617,0.8434212324087991,0.7290043830871582,N200_O1_I200_ARCH_021_9ba9f6d45c,NESTED_INNER_SCREEN,adaptive_resnet,multiview_zscore,10.0,none,multitask,multitask,jitter_scale,none,271829,900168,900168,29226,7319,17.555084466934204,1,I200_ARCH_021_9ba9f6d45c,ok,21
1,0.6961427015416762,13.155309677124023,8.602126121520996,10.878717422485352,13.155309677124023,16.387527465820312,11.071990966796877,2.419546365737915,-0.3227287232875824,0.4074078564804789,0.4852207157255702,0.723029375076294,3717,14.472495079040527,8.909547805786133,566,23.52662467956543,16.00692367553711,4432,12.937410354614258,7.284390449523926,0.0,1.0,0.2325454297035114,0.4534772509905724,0.6345129115999454,0.3672632873343353,0.6584232818691078,0.849159721273398,0.7354388236999512,N200_O1_I200_ARCH_022_cf87aa3138,NESTED_INNER_SCREEN,adaptive_resnet,multiview_zscore,10.0,none,multitask,multitask,jitter_scale,none,271829,1211914,1211914,29226,7319,11.708210706710815,1,I200_ARCH_022_cf87aa3138,ok,22
1,0.6956193392572839,13.297454833984377,8.606528282165527,10.95199203491211,13.297454833984377,16.618099212646484,11.065469741821287,3.294752836227417,-0.0546420998871326,0.4034419697367265,0.4871279383246327,0.727203905582428,3717,14.763386726379396,8.956931114196777,566,22.218509674072266,15.457578659057615,4432,13.298322677612305,7.430859565734863,0.0,1.0,0.2299494466457166,0.452520836179806,0.6316436671676459,0.3665801338980735,0.6571936056838366,0.8479300450881267,0.7410996556282043,N200_O1_I200_ARCH_023_6f19995429,NESTED_INNER_SCREEN,adaptive_resnet,multiview_zscore,10.0,none,multitask,multitask,jitter_scale,none,271829,1211944,1211944,29226,7319,12.910634994506836,1,I200_ARCH_023_6f19995429,ok,23
1,0.6962029002850352,13.323335647583008,8.627223014831543,10.975278854370115,13.323335647583008,16.66638946533203,11.069286346435549,3.419224500656128,0.1368581503629684,0.4035080770548081,0.4894983778663873,0.7287812829017639,3717,14.775888442993164,8.987395286560059,566,21.87480735778809,15.062051773071287,4432,13.346611976623535,7.577972412109375,0.0,1.0,0.228173247711436,0.4514277906817871,0.6309605137313841,0.3649405656510452,0.6586965432436125,0.8462904768410985,0.7426834106445312,N200_O1_I200_ARCH_024_8737cc351a,NESTED_INNER_SCREEN,adaptive_resnet,multiview_zscore,10.0,none,multitask,multitask,jitter_scale,none,271829,1237354,1237354,29226,7319,12.871680736541748,1,I200_ARCH_024_8737cc351a,ok,24
1,0.7003203794067981,13.052128791809082,8.603765487670898,10.827947616577148,13.052128791809082,16.2428035736084,11.217705726623535,0.7191728353500366,-1.6841601133346558,0.4030851790800135,0.4815699744582967,0.7201977968215942,3717,13.967059135437012,8.210824012756348,566,25.19244766235352,17.45891761779785,4432,12.463373184204102,6.536888599395752,0.0,1.0,0.232408799016259,0.4537505123650772,0.6323268206039077,0.3678098100833447,0.6683973220385299,0.8446509085940702,0.7225881814956665,N200_O1_I200_ARCH_025_1acdf38880,NESTED_INNER_SCREEN,adaptive_resnet,multiview_zscore,10.0,none,multitask,multitask,jitter_scale,none,271829,1540620,1540620,29226,7319,14.134300231933594,1,I200_ARCH_025_1acdf38880,ok,25
1,0.6987555852902481,13.142029762268066,8.608479499816895,10.87525463104248,13.142029762268066,16.361770629882812,11.082061767578123,2.5394034385681152,-0.2611418068408966,0.4104693383138698,0.4832318640513223,0.7229173183441162,3717,14.56761074066162,8.981276512145996,566,23.59380531311035,16.119552612304688,4432,12.984472274780272,7.296124935150146,0.0,1.0,0.2314523842054925,0.450608006558273,0.6326000819784123,0.3623445825932504,0.6588331739308648,0.8476567837136221,0.736759603023529,N200_O1_I200_ARCH_026_c1eed577b0,NESTED_INNER_SCREEN,adaptive_resnet,multiview_zscore,10.0,none,multitask,multitask,jitter_scale,none,271829,1540660,1540660,29226,7319,15.467740297317505,1,I200_ARCH_026_c1eed577b0,ok,26
5,0.5672117639211268,12.82680606842041,8.671992301940918,10.749399185180664,12.82680606842041,16.0792179107666,11.18610668182373,-1.8129152059555047,-0.5451634526252747,0.4356319231814037,0.4696859715974569,0.7166702747344971,3717,12.969326972961426,9.005854606628418,566,26.586156845092773,16.56242561340332,4432,11.668968200683594,7.263767719268799,0.0353356890459364,0.9998519176662224,0.2492143735482989,0.4626315070364803,0.6440770597076103,0.3568793551031561,0.6589698046181173,0.8494329826479027,0.7211005687713623,N200_O1_I200_ARCH_027_7377792955,NESTED_INNER_SCREEN,adaptive_resnet,multiview_zscore,10.0,none,multitask,multitask,jitter_scale,none,271829,1574540,1574540,29226,7319,25.594723224639893,1,I200_ARCH_027_7377792955,ok,27
5,0.5791972641851387,12.911291122436523,8.73495101928711,10.823121070861816,12.911291122436523,16.178279876708984,11.157565116882324,-0.6873275637626648,0.1984138637781143,0.4280559749774266,0.47664304800417,0.7216306328773499,3717,13.236370086669922,9.328211784362791,566,24.53505516052246,15.66612434387207,4432,12.045113563537598,7.797502517700195,0.0494699646643109,0.9988153413297792,0.2462084984287471,0.462494876349228,0.6466730427654052,0.346495422871977,0.6498155485722094,0.8443776472195655,0.730007529258728,N200_O1_I200_ARCH_028_98a7a9be9a,NESTED_INNER_SCREEN,adaptive_resnet,multiview_zscore,10.0,none,multitask,multitask,jitter_scale,none,271829,1346472,1346472,29226,7319,16.241020441055298,1,I200_ARCH_028_98a7a9be9a,ok,28
3,0.6263592695099076,13.008781433105469,8.827882766723633,10.91833209991455,13.008781433105469,16.360172271728516,11.327759742736816,0.4313373863697052,-0.1632164269685745,0.4275783650970232,0.4692334519356496,0.7281877994537354,3717,13.396588325500488,9.004166603088379,566,22.52543258666992,15.44289207458496,4432,12.33116054534912,7.690200328826904,0.0406360424028268,0.9997038353324448,0.2348681513868014,0.4675502117775652,0.6458532586418909,0.3514141276130619,0.6444869517693674,0.8337204536138817,0.7327224016189575,N200_O1_I200_ARCH_029_74d3352457,NESTED_INNER_SCREEN,adaptive_resnet,multiview_zscore,10.0,none,multitask,multitask,jitter_scale,none,271829,1346492,1346492,29226,7319,14.50898790359497,1,I200_ARCH_029_74d3352457,ok,29
5,0.5805511519410251,13.000048637390137,8.722238540649414,10.861143112182615,13.000048637390137,16.30034065246582,11.183343887329102,-1.818247437477112,-0.2195230573415756,0.4283421912806917,0.4749254021032641,0.7236020565032959,3717,12.89625072479248,9.006929397583008,566,25.314496994018555,15.74852180480957,4432,11.834465980529783,7.53717565536499,0.0512367491166077,0.998223011994669,0.2418363164366716,0.4575761716081432,0.6380653094685066,0.3508676048640524,0.6483126110124334,0.8457439540920891,0.7257971167564392,N200_O1_I200_ARCH_030_d854d1468d,NESTED_INNER_SCREEN,adaptive_resnet,multiview_zscore,10.0,none,multitask,multitask,jitter_scale,none,271829,1372792,1372792,29226,7319,14.65363883972168,1,I200_ARCH_030_d854d1468d,ok,30
1,0.7028586529438792,13.244403839111328,8.644532203674316,10.944467544555664,13.244403839111328,16.51300811767578,11.079657554626465,2.56936264038086,0.0276020001620054,0.3946116049133668,0.4831776246292832,0.7272747755050659,3717,14.61233139038086,9.140617370605469,566,23.70828056335449,15.936971664428713,4432,13.059053421020508,7.506731986999512,0.0,1.0,0.2356879355103156,0.4493783303730018,0.6293209454843558,0.3601584915972127,0.6566470829348272,0.8469736302773603,0.7419784069061279,N200_O1_I200_ARCH_031_9b812a99a0,NESTED_INNER_SCREEN,adaptive_resnet,multiview_zscore,10.0,none,multitask,multitask,jitter_scale,none,271829,1859754,1859754,29226,7319,10.829581499099731,1,I200_ARCH_031_9b812a99a0,ok,31
1,0.6986873383615532,13.384909629821776,8.702718734741211,11.043813705444336,13.384909629821776,16.694236755371094,11.094100952148438,3.726786136627197,0.768908679485321,0.4010623196281841,0.4850436074564527,0.7336130142211914,3717,15.033394813537598,9.572996139526367,566,22.27696418762207,15.172730445861816,4432,13.49002170562744,7.956909656524658,0.0,1.0,0.2259871567153983,0.4456893018171881,0.6272714851755704,0.3623445825932504,0.6484492416996858,0.8432846017215466,0.7541307806968689,N200_O1_I200_ARCH_032_254a5f429f,NESTED_INNER_SCREEN,adaptive_resnet,multiview_zscore,10.0,none,multitask,multitask,jitter_scale,none,271829,1859784,1859784,29226,7319,11.901243448257446,1,I200_ARCH_032_254a5f429f,ok,32
3,0.6204439475645427,13.09278392791748,8.833115577697754,10.962949752807615,13.09278392791748,16.49370002746582,11.255311965942385,0.6405054926872253,0.8412297964096069,0.4301997034551374,0.4817856743426763,0.7307629585266113,3717,13.489819526672363,9.389729499816896,566,21.61549949645996,14.550698280334473,4432,12.577488899230955,8.142038345336914,0.0282685512367491,0.9997038353324448,0.2367809810083344,0.4634512911599945,0.6428473835223392,0.3505943434895477,0.6349228036617024,0.8363164366716764,0.7392688989639282,N200_O1_I200_ARCH_033_0f34dac454,NESTED_INNER_SCREEN,adaptive_resnet,multiview_zscore,10.0,none,multitask,multitask,jitter_scale,none,271829,1899234,1899234,29226,7319,20.08849549293518,1,I200_ARCH_033_0f34dac454,ok,33
1,0.705049443089105,13.149371147155762,8.655906677246094,10.902639389038086,13.149371147155762,16.386743545532227,11.117745399475098,2.007622241973877,-0.1011708006262779,0.399640067648069,0.4777149893701911,0.7250721454620361,3717,14.398285865783691,9.135133743286133,566,23.96753692626953,16.088171005249023,4432,12.862485885620115,7.415544986724853,0.0,1.0,0.2335018445142779,0.4508812679327777,0.6312337751058887,0.3627544746550075,0.65159174750649,0.8464271075283508,0.7387667298316956,N200_O1_I200_ARCH_034_39d5865ade,NESTED_INNER_SCREEN,adaptive_resnet,multiview_zscore,10.0,none,multitask,multitask,jitter_scale,none,271829,2373036,2373036,29226,7319,13.695233345031738,1,I200_ARCH_034_39d5865ade,ok,34
1,0.7047688353295419,13.229204177856444,8.643074989318848,10.936140060424805,13.229204177856444,16.536598205566406,11.094645500183104,2.953546524047852,-0.1128966733813285,0.4028398380477785,0.4819835899436336,0.7267878651618958,3717,14.641562461853027,9.017834663391112,566,22.719802856445312,15.81967067718506,4432,13.156205177307127,7.430300235748291,0.0,1.0,0.2339117365760349,0.4530673589288154,0.6321901899166553,0.3638475201530263,0.6547342533132942,0.8446509085940702,0.7405574917793274,N200_O1_I200_ARCH_035_853eef6ae1,NESTED_INNER_SCREEN,adaptive_resnet,multiview_zscore,10.0,none,multitask,multitask,jitter_scale,none,271829,2373076,2373076,29226,7319,15.225842714309692,1,I200_ARCH_035_853eef6ae1,ok,35
5,0.5707246074879092,12.949265480041504,8.668079376220703,10.808671951293944,12.949265480041504,16.197481155395508,11.1048583984375,0.419131875038147,-0.3131397664546966,0.420407975182652,0.4804925631522084,0.7199500799179077,3717,13.579784393310549,9.051351547241213,566,24.06549453735352,16.13970375061035,4432,12.27714729309082,7.407950401306152,0.0530035335689045,0.998223011994669,0.240060117502391,0.4645443366580133,0.6417543380243202,0.3475884683699959,0.6558272988113131,0.8498428747096598,0.7283154726028442,N200_O1_I200_ARCH_036_2fdc7f862b,NESTED_INNER_SCREEN,adaptive_resnet,multiview_zscore,10.0,none,multitask,multitask,jitter_scale,none,271829,2425676,2425676,29226,7319,25.6440818309784,1,I200_ARCH_036_2fdc7f862b,ok,36
1,0.7009267265500586,13.237201690673828,8.625846862792969,10.931524276733398,13.237201690673828,16.50950050354004,11.04672908782959,3.1470444202423096,0.2047338187694549,0.4088008803115102,0.4889309394730999,0.7263047695159912,3717,14.689801216125488,9.114364624023438,566,22.552654266357425,15.407964706420898,4432,13.210813522338867,7.588847637176514,0.0,1.0,0.228583139773193,0.450608006558273,0.6313704057931412,0.3638475201530263,0.6535045771280229,0.8469736302773603,0.7415254712104797,N200_O1_I200_ARCH_037_dd8572626e,NESTED_INNER_SCREEN,adaptive_resnet,multiview_zscore,10.0,none,multitask,multitask,jitter_scale,none,271829,705721,705721,29226,7319,6.32254958152771,1,I200_ARCH_037_dd8572626e,ok,37
5,0.5798634269268684,12.851276397705078,8.647625923156738,10.74945068359375,12.851276397705078,16.11427116394043,11.140544891357422,-1.5741127729415894,-0.5856300592422485,0.4351728539698561,0.4790989051839148,0.7163566946983337,3717,12.914752960205078,8.826807022094727,566,25.42841911315918,16.151325225830078,4432,11.74087619781494,7.260539054870605,0.0477031802120141,0.9985191766622242,0.2395135947533816,0.4675502117775652,0.6414810766498156,0.3572892471649132,0.6558272988113131,0.8484765678371362,0.7186429500579834,N200_O1_I200_ARCH_038_ced99ae8f1,NESTED_INNER_SCREEN,adaptive_resnet,multiview_zscore,10.0,none,multitask,multitask,jitter_scale,none,271829,703369,703369,29226,7319,10.49469542503357,1,I200_ARCH_038_ced99ae8f1,ok,38
1,0.699770989371281,13.330531120300291,8.680636405944824,11.00558376312256,13.330531120300291,16.612730026245117,11.08635711669922,3.490797758102417,0.5861092209815979,0.4050416159478741,0.485248637041428,0.7311779260635376,3717,14.873039245605469,9.39897346496582,566,22.2154483795166,15.105453491210938,4432,13.389777183532717,7.857156753540039,0.0,1.0,0.2269435715261648,0.4466457166279546,0.6279546386118322,0.3590654460991939,0.6504987020084712,0.8436944937833037,0.749390721321106,N200_O1_I200_ARCH_039_705132b1ca,NESTED_INNER_SCREEN,adaptive_resnet,multiview_zscore,10.0,none,multitask,multitask,jitter_scale,none,271829,720163,720163,29226,7319,6.535036325454712,1,I200_ARCH_039_705132b1ca,ok,39
1,0.6959229684343525,13.356829643249512,8.720520973205566,11.03867530822754,13.356829643249512,16.691295623779297,11.11324977874756,3.261237859725952,0.6378313899040222,0.3945948057097082,0.4814047855530628,0.7335554957389832,3717,14.8448486328125,9.471667289733888,566,22.37952423095703,15.11331272125244,4432,13.356027603149414,7.884749889373779,0.0,1.0,0.2298128159584642,0.4454160404426834,0.6272714851755704,0.3585189233501844,0.6455799972673862,0.8462904768410985,0.751722514629364,N200_O1_I200_ARCH_040_c6a47ec132,NESTED_INNER_SCREEN,adaptive_resnet,multiview_zscore,10.0,none,multitask,multitask,jitter_scale,none,271829,717811,717811,29226,7319,6.3576741218566895,1,I200_ARCH_040_c6a47ec132,ok,40
1,0.6922897377045326,13.33437156677246,8.622176170349121,10.978273391723633,13.33437156677246,16.601573944091797,11.088171005249023,3.2965004444122314,-0.0173699259757995,0.4007533229638677,0.4836699143038956,0.7288839817047119,3717,14.87214183807373,8.974760055541992,566,22.463930130004883,15.513991355895996,4432,13.370895385742188,7.435366153717041,0.0,1.0,0.226260418089903,0.4459625631916928,0.624812132805028,0.3663068725235688,0.6550075146877988,0.8487498292116409,0.7433066964149475,N200_O1_I200_ARCH_041_5394787084,NESTED_INNER_SCREEN,adaptive_resnet,multiview_zscore,10.0,none,multitask,multitask,jitter_scale,none,271829,890821,890821,29226,7319,7.777499437332153,1,I200_ARCH_041_5394787084,ok,41
1,0.6954401248420765,13.193853378295898,8.613723754882812,10.903788566589355,13.193853378295898,16.446758270263672,11.092276573181152,2.289297342300415,-0.4396956264972687,0.3974832409208456,0.4828509135175107,0.7245887517929077,3717,14.48047161102295,8.858241081237793,566,23.84954833984375,16.229633331298828,4432,12.965254783630373,7.222404956817627,0.0,1.0,0.2307692307692307,0.4519743134307966,0.6332832354146741,0.3582456619756797,0.6569203443093319,0.8480666757753792,0.7361373901367188,N200_O1_I200_ARCH_042_5f3d5eec56,NESTED_INNER_SCREEN,adaptive_resnet,multiview_zscore,10.0,none,multitask,multitask,jitter_scale,none,271829,888469,888469,29226,7319,7.695980310440063,1,I200_ARCH_042_5f3d5eec56,ok,42
1,0.6923743166954689,13.261839866638184,8.72276496887207,10.992301940917969,13.261839866638184,16.531709671020508,11.129094123840332,2.828599452972412,0.7716197967529297,0.400728694695611,0.4818284468833451,0.7309788465499878,3717,14.664992332458496,9.477723121643066,566,22.848499298095703,14.945798873901367,4432,13.180391311645508,7.9364848136901855,0.0,1.0,0.2298128159584642,0.4517010520562918,0.6275447465500752,0.359885230222708,0.6453067358928816,0.8438311244705561,0.7485889196395874,N200_O1_I200_ARCH_043_84f766b076,NESTED_INNER_SCREEN,adaptive_resnet,multiview_zscore,10.0,none,multitask,multitask,jitter_scale,none,271829,910077,910077,29226,7319,7.996392726898193,1,I200_ARCH_043_84f766b076,ok,43
1,0.6954836490886663,13.244361877441406,8.69051742553711,10.967439651489258,13.244361877441406,16.506254196166992,11.109736442565918,2.657583713531494,0.1695419251918792,0.3975162647426133,0.4796347221842372,0.7291629314422607,3717,14.623909950256348,9.22810173034668,566,23.37273979187012,15.58439826965332,4432,13.121435165405272,7.618462085723877,0.0,1.0,0.2292662932094548,0.4519743134307966,0.6291843147971035,0.3537368492963519,0.6469463041399098,0.8456073234048367,0.7443745136260986,N200_O1_I200_ARCH_044_d639e0c279,NESTED_INNER_SCREEN,adaptive_resnet,multiview_zscore,10.0,none,multitask,multitask,jitter_scale,none,271829,907725,907725,29226,7319,7.856124639511108,1,I200_ARCH_044_d639e0c279,ok,44
5,0.577918544314266,12.755459785461426,8.982843399047852,10.869152069091797,12.755459785461426,15.97668743133545,11.30107307434082,-0.6012495160102844,1.869144916534424,0.4490094164173352,0.4794220508505099,0.7274371385574341,3717,12.967933654785156,10.285165786743164,566,23.5725040435791,13.997018814086914,4432,11.861101150512695,8.804847717285156,0.0742049469964664,0.9957056123204502,0.2432026233091952,0.4694630413990982,0.6525481623172564,0.3325590927722366,0.6205765815002049,0.8356332832354146,0.742306113243103,N200_O1_I200_ARCH_045_732c66f764,NESTED_INNER_SCREEN,adaptive_resnet,multiview_zscore,10.0,none,multitask,multitask,jitter_scale,none,271829,1216105,1216105,29226,7319,14.250659465789797,1,I200_ARCH_045_732c66f764,ok,45
1,0.6974664038302851,13.28931999206543,8.660402297973633,10.974861145019531,13.28931999206543,16.61202621459961,11.092325210571287,3.103602886199951,0.034114122390747,0.401012298279689,0.4825517477914801,0.7291887998580933,3717,14.7011079788208,9.113981246948242,566,22.391939163208008,15.61172866821289,4432,13.244013786315918,7.540071487426758,0.0,1.0,0.2307692307692307,0.4512911599945348,0.6298674682333653,0.3622079519059981,0.6533679464407706,0.8468369995901079,0.7437639236450195,N200_O1_I200_ARCH_046_56cfb6ad83,NESTED_INNER_SCREEN,adaptive_resnet,multiview_zscore,10.0,none,multitask,multitask,jitter_scale,none,271829,1211945,1211945,29226,7319,8.570425510406494,1,I200_ARCH_046_56cfb6ad83,ok,46
5,0.5727113652852626,12.738884925842283,8.761350631713867,10.750118255615234,12.738884925842283,15.93459415435791,11.138649940490724,-0.640721321105957,0.5211154818534851,0.4419616520567077,0.4768444587021622,0.717871367931366,3717,13.07898998260498,9.595110893249512,566,25.02359199523925,15.52528190612793,4432,11.82812786102295,7.923712730407715,0.0477031802120141,0.9980749296608916,0.247711435988523,0.4615384615384615,0.6495422871977046,0.3436261784396776,0.6487225030741904,0.8467003689028556,0.7288240194320679,N200_O1_I200_ARCH_047_8d0da52d33,NESTED_INNER_SCREEN,adaptive_resnet,multiview_zscore,10.0,none,multitask,multitask,jitter_scale,none,271829,1241515,1241515,29226,7319,14.504006385803224,1,I200_ARCH_047_8d0da52d33,ok,47
1,0.697211503982544,13.140666961669922,8.561003684997559,10.850835800170898,13.140666961669922,16.3859806060791,11.10114288330078,2.120941162109375,-1.0786962509155271,0.4052031980931854,0.4880676095526469,0.720928430557251,3717,14.310190200805664,8.437936782836914,566,23.369665145874023,16.47067642211914,4432,12.854555130004885,6.85392427444458,0.0,1.0,0.2336384752015302,0.4523842054925536,0.6360158491597213,0.3671266566470829,0.6649815548572209,0.8480666757753792,0.7278790473937988,N200_O1_I200_ARCH_048_53423d5b33,NESTED_INNER_SCREEN,adaptive_resnet,multiview_zscore,10.0,none,multitask,multitask,jitter_scale,none,271829,1237355,1237355,29226,7319,8.640024900436401,1,I200_ARCH_048_53423d5b33,ok,48
5,0.5865438898014866,12.861785888671877,8.721516609191895,10.791650772094728,12.861785888671877,16.111513137817383,11.104019165039062,0.2173192501068115,0.4405966699123382,0.4285224397913083,0.4816164140007998,0.7196877598762512,3717,13.37369155883789,9.53544807434082,566,24.20508003234864,15.38103199005127,4432,12.088509559631348,7.899596691131592,0.0406360424028268,0.9995557529986672,0.2427927312474381,0.4639978139090039,0.6484492416996858,0.3500478207405383,0.6429840142095915,0.8483399371498839,0.731643557548523,N200_O1_I200_ARCH_049_3c908901b6,NESTED_INNER_SCREEN,morphology_resnet,multiview_zscore,10.0,none,multitask,multitask,jitter_scale,none,271829,333376,333376,29226,7319,10.244478702545166,1,I200_ARCH_049_3c908901b6,ok,49
5,0.5862836993597691,12.8309907913208,8.710762023925781,10.770875930786133,12.8309907913208,16.079517364501953,11.17934799194336,-0.7415599822998047,-0.2153562009334564,0.4340097651219619,0.4745399323265291,0.7183806896209717,3717,13.03724765777588,9.041049003601074,566,24.57292366027832,15.503897666931152,4432,11.931379318237305,7.5504279136657715,0.0600706713780918,0.9988153413297792,0.2442956688072141,0.4649542287197704,0.6476294575761716,0.3529170651728378,0.6492690258231999,0.8450608006558273,0.7232218980789185,N200_O1_I200_ARCH_050_c781a39749,NESTED_INNER_SCREEN,morphology_resnet,multiview_zscore,10.0,none,multitask,multitask,jitter_scale,none,271829,339922,339922,29226,7319,10.476018905639648,1,I200_ARCH_050_c781a39749,ok,50
5,0.5854495489129833,12.897208213806152,8.754555702209473,10.825881958007812,12.897208213806152,16.2047119140625,11.219953536987305,-2.0126187801361084,-0.2776614725589752,0.4271740552018737,0.4645884769389912,0.7220404148101807,3717,12.788423538208008,9.211104393005373,566,26.611507415771484,16.137466430664062,4432,11.55398654937744,7.537457466125488,0.0406360424028268,0.998963423663557,0.2494876349228036,0.462494876349228,0.6423008607733297,0.3470419456209864,0.6506353326957235,0.8402787266019948,0.725965678691864,N200_O1_I200_ARCH_051_79a6655a84,NESTED_INNER_SCREEN,morphology_resnet,multiview_zscore,10.0,none,multitask,multitask,jitter_scale,none,271829,334433,334433,29226,7319,10.49918794631958,1,I200_ARCH_051_79a6655a84,ok,51
3,0.6242045728988896,12.92304801940918,8.69992446899414,10.81148624420166,12.92304801940918,16.200817108154297,11.15284824371338,1.1089527606964111,-0.2674268782138824,0.4307136689170524,0.4793104417462743,0.7205218076705933,3717,13.641284942626951,8.963702201843262,566,22.875112533569336,15.70444107055664,4432,12.392518043518066,7.547450542449951,0.0035335689045936,1.0,0.2389670720043721,0.4639978139090039,0.6446235824566198,0.3511408662385571,0.6514551168192376,0.8457439540920891,0.7282760143280029,N200_O1_I200_ARCH_052_5044c85b97,NESTED_INNER_SCREEN,morphology_resnet,multiview_zscore,10.0,none,multitask,multitask,jitter_scale,none,271829,340979,340979,29226,7319,10.55014443397522,1,I200_ARCH_052_5044c85b97,ok,52
5,0.5792667182052836,12.902238845825195,8.837313652038574,10.869775772094728,12.902238845825195,16.183786392211914,11.16018295288086,0.5369061231613159,0.9736332297325134,0.4216594707461557,0.4793135298106226,0.7255818843841553,3717,13.529067039489746,9.828423500061035,566,24.18114852905273,14.887198448181152,4432,12.165666580200195,8.292987823486328,0.0335689045936395,0.9988153413297792,0.2416996857494193,0.4646809673452657,0.6429840142095915,0.3363847520153026,0.6332832354146741,0.8413717721000137,0.7401646971702576,N200_O1_I200_ARCH_053_ccf610cb46,NESTED_INNER_SCREEN,morphology_resnet,multiview_zscore,10.0,none,multitask,multitask,jitter_scale,none,271829,702208,702208,29226,7319,10.439260959625244,1,I200_ARCH_053_ccf610cb46,ok,53
1,0.6935659872940163,13.287602424621582,8.623592376708984,10.955596923828123,13.287602424621582,16.57444953918457,11.15473175048828,2.9943432807922363,-0.9731106162071228,0.4005529611217377,0.4828981914057041,0.7276281118392944,3717,14.667490005493164,8.484889030456543,566,23.004270553588867,16.372575759887695,4432,13.147665977478027,7.06317138671875,0.0,1.0,0.2289930318349501,0.4500614838092636,0.6254952862412898,0.365623719087307,0.6586965432436125,0.845334062030332,0.7358956933021545,N200_O1_I200_ARCH_054_11a301aeaa,NESTED_INNER_SCREEN,morphology_resnet,multiview_zscore,10.0,none,multitask,multitask,jitter_scale,none,271829,716650,716650,29226,7319,6.3499298095703125,1,I200_ARCH_054_11a301aeaa,ok,54
1,0.6916919136359021,13.11905574798584,8.534119606018066,10.826587677001951,13.11905574798584,16.320232391357422,11.063453674316406,2.1298866271972656,-0.9676160216331482,0.4091003189712142,0.4915215200632515,0.7192167043685913,3717,14.351231575012209,8.532349586486816,566,23.973039627075195,16.814672470092773,4432,12.77836799621582,6.864236354827881,0.0,1.0,0.2326820603907637,0.4501981144965159,0.6290476841098511,0.3686295942068588,0.6622489411121738,0.8507992895204263,0.7278532385826111,N200_O1_I200_ARCH_055_27730cb7fa,NESTED_INNER_SCREEN,morphology_resnet,multiview_zscore,10.0,none,multitask,multitask,jitter_scale,none,271829,704561,704561,29226,7319,6.425963401794434,1,I200_ARCH_055_27730cb7fa,ok,55
5,0.5772465699248843,12.737412452697754,8.791851043701172,10.764631271362305,12.737412452697754,15.95957851409912,11.131844520568848,-0.2599341571331024,1.1265854835510254,0.4427970795633359,0.486802170898599,0.7190831303596497,3717,13.237953186035156,9.834470748901367,566,24.550376892089844,14.59096908569336,4432,11.886459350585938,8.317049026489258,0.0424028268551236,0.9988153413297792,0.2481213280502801,0.4702828255226123,0.6458532586418909,0.3418499795053969,0.6379286787812543,0.8446509085940702,0.733307957649231,N200_O1_I200_ARCH_056_338e357fc6,NESTED_INNER_SCREEN,morphology_resnet,multiview_zscore,10.0,none,multitask,multitask,jitter_scale,none,271829,719003,719003,29226,7319,10.879456281661987,1,I200_ARCH_056_338e357fc6,ok,56
3,0.6237626866577497,12.922039031982422,8.655482292175293,10.788761138916016,12.922039031982422,16.264991760253906,11.10428237915039,-0.5332774519920349,-0.1678070276975631,0.4403140157344372,0.4828306320499558,0.7186675667762756,3717,13.059123992919922,8.98238754272461,566,23.07869529724121,15.643797874450684,4432,12.070600509643556,7.482224464416504,0.0318021201413427,0.9997038353324448,0.2404700095641481,0.47014619483536,0.6459898893291434,0.3589288154119415,0.6511818554447328,0.8472468916518651,0.7229882478713989,N200_O1_I200_ARCH_057_ee9c02f433,NESTED_INNER_SCREEN,morphology_resnet,multiview_zscore,10.0,none,multitask,multitask,jitter_scale,none,271829,1210304,1210304,29226,7319,14.153242349624634,1,I200_ARCH_057_ee9c02f433,ok,57
3,0.6217915489782695,12.884949684143066,8.702247619628906,10.793598175048828,12.884949684143066,16.212453842163086,11.134393692016602,-0.0871449634432792,-0.0160454157739877,0.4410321613884422,0.4840339462114811,0.719546914100647,3717,13.102568626403809,8.959775924682617,566,22.63794136047364,15.213969230651855,4432,12.110603332519531,7.623970508575439,0.0406360424028268,0.9997038353324448,0.2371908730700915,0.473971854078426,0.6510452247574805,0.3572892471649132,0.6507719633829758,0.8435578630960514,0.7237206697463989,N200_O1_I200_ARCH_058_3835373060,NESTED_INNER_SCREEN,morphology_resnet,multiview_zscore,10.0,none,multitask,multitask,jitter_scale,none,271829,1235714,1235714,29226,7319,14.28803825378418,1,I200_ARCH_058_3835373060,ok,58
5,0.5790986537543776,12.833115577697754,8.750462532043457,10.791789054870604,12.833115577697754,16.12662124633789,11.128045082092283,-1.9312002658844,0.520431637763977,0.4396806880838302,0.4786178781936139,0.72007155418396,3717,12.867297172546388,9.651744842529297,566,25.79912567138672,15.463698387145996,4432,11.69261360168457,7.978752613067627,0.03886925795053,0.9986672589960016,0.2483945894247848,0.4649542287197704,0.6423008607733297,0.3400737805711162,0.6481759803251811,0.8446509085940702,0.7295689582824707,N200_O1_I200_ARCH_059_54930088fe,NESTED_INNER_SCREEN,morphology_resnet,multiview_zscore,10.0,none,multitask,multitask,jitter_scale,none,271829,1214465,1214465,29226,7319,14.424849271774292,1,I200_ARCH_059_54930088fe,ok,59
3,0.6234976692137375,13.030394554138184,8.708634376525879,10.869514465332031,13.030394554138184,16.278629302978516,11.161316871643066,1.675770282745361,-0.2436785995960235,0.430700413187761,0.4760564986840001,0.7238956689834595,3717,13.913440704345703,9.092053413391112,566,22.255640029907227,16.150911331176758,4432,12.646522521972656,7.552305221557617,0.0123674911660777,0.9997038353324448,0.230495969394726,0.4581226943571526,0.6463997813909004,0.3512774969258095,0.6532313157535182,0.8442410165323132,0.734036386013031,N200_O1_I200_ARCH_060_0d813cd0a4,NESTED_INNER_SCREEN,morphology_resnet,multiview_zscore,10.0,none,multitask,multitask,jitter_scale,none,271829,1239875,1239875,29226,7319,14.720617771148682,1,I200_ARCH_060_0d813cd0a4,ok,60
5,0.5747209606217403,12.855198860168455,8.718546867370605,10.786872863769531,12.855198860168455,16.099092483520508,11.158607482910156,-1.9702107906341555,-0.3417432308197021,0.4349666802691546,0.4729475935867025,0.7193806767463684,3717,12.851573944091797,9.16171932220459,566,26.8757553100586,16.552461624145508,4432,11.559471130371094,7.465681076049805,0.0141342756183745,1.0,0.2508539417953272,0.4635879218472469,0.6392949856537778,0.3475884683699959,0.6521382702554994,0.8469736302773603,0.7239072322845459,N200_O1_I200_ARCH_061_da08e0da96,NESTED_INNER_SCREEN,morphology_resnet,multiview_zscore,10.0,none,multitask,multitask,jitter_scale,none,271829,1857664,1857664,29226,7319,20.220470190048218,1,I200_ARCH_061_da08e0da96,ok,61
1,0.7002641566438612,13.023308753967283,8.613842010498047,10.818574905395508,13.023308753967283,16.22812271118164,11.29047679901123,0.9525945782661438,-2.552363395690918,0.4067052495741521,0.4948746140148368,0.7198020219802856,3717,13.938035011291504,7.698359966278076,566,24.947179794311523,17.828969955444336,4432,12.419147491455078,6.224451065063477,0.0,1.0,0.238147287880858,0.4507446372455253,0.6373821560322448,0.3706790545156442,0.6668943844787539,0.8428747096597896,0.7168238162994385,N200_O1_I200_ARCH_062_144e74c5b2,NESTED_INNER_SCREEN,morphology_resnet,multiview_zscore,10.0,none,multitask,multitask,jitter_scale,none,271829,1897114,1897114,29226,7319,12.281076908111572,1,I200_ARCH_062_144e74c5b2,ok,62
5,0.579585434564578,12.89206600189209,8.778188705444336,10.835126876831056,12.89206600189209,16.137605667114258,11.147345542907717,-0.188984528183937,0.8300214409828186,0.426980322781921,0.4803729328769833,0.7228668928146362,3717,13.355912208557127,9.669596672058104,566,24.34874153137207,14.827460289001465,4432,12.071234703063965,8.146327018737793,0.0406360424028268,0.998963423663557,0.241972947123924,0.4656373821560322,0.6453067358928816,0.3434895477524252,0.6360158491597213,0.8426014482852848,0.7352808713912964,N200_O1_I200_ARCH_063_1975c0590c,NESTED_INNER_SCREEN,morphology_resnet,multiview_zscore,10.0,none,multitask,multitask,jitter_scale,none,271829,1864145,1864145,29226,7319,20.416501998901367,1,I200_ARCH_063_1975c0590c,ok,63
1,0.7056954639409881,13.074233055114746,8.548288345336914,10.811260223388672,13.074233055114746,16.25589370727539,11.067331314086914,1.275244116783142,-0.7882057428359985,0.4053800791277349,0.4889098401625132,0.7185394763946533,3717,14.136276245117188,8.60193157196045,566,24.760705947875977,16.429304122924805,4432,12.592326164245604,6.98952579498291,0.0,1.0,0.2365077196338297,0.4489684383112447,0.6313704057931412,0.3684929635196065,0.6651181855444733,0.8486131985243885,0.7265502214431763,N200_O1_I200_ARCH_064_6008f5a3b1,NESTED_INNER_SCREEN,morphology_resnet,multiview_zscore,10.0,none,multitask,multitask,jitter_scale,none,271829,1903595,1903595,29226,7319,19.188838958740234,1,I200_ARCH_064_6008f5a3b1,ok,64
3,0.636096354403527,12.984810829162598,8.559840202331543,10.77232551574707,12.984810829162598,16.229637145996094,11.088862419128418,2.542513847351074,-1.0254913568496704,0.4313156971989412,0.4900434962862775,0.7165017127990723,3717,14.179616928100586,8.418272018432617,566,22.33349227905273,16.350074768066406,4432,12.807087898254396,6.872323036193848,0.0282685512367491,1.0,0.2329553217652684,0.460582046727695,0.6414810766498156,0.363710889465774,0.6638885093592021,0.849159721273398,0.7234398722648621,N200_O1_I200_ARCH_065_a8d7af58eb,NESTED_INNER_SCREEN,longconv,multiview_zscore,10.0,none,multitask,multitask,jitter_scale,none,271829,100713,100713,29226,7319,11.48690152168274,1,I200_ARCH_065_a8d7af58eb,ok,65
5,0.604160788986418,12.863883018493652,8.711792945861816,10.787837982177734,12.863883018493652,16.144298553466797,11.144278526306152,-1.819896459579468,-0.0127819906920194,0.4313029909452109,0.4754546967451321,0.7193471789360046,3717,12.795953750610352,9.232705116271973,566,26.24221992492676,15.68681526184082,4432,11.624731063842772,7.633418083190918,0.03886925795053,0.9998519176662224,0.2455253449924853,0.4630413990982374,0.6474928268889193,0.3531903265473425,0.6455799972673862,0.8450608006558273,0.7242205142974854,N200_O1_I200_ARCH_066_734bb3ccfc,NESTED_INNER_SCREEN,longconv,multiview_zscore,10.0,none,multitask,multitask,jitter_scale,none,271829,108905,108905,29226,7319,12.40753698348999,1,I200_ARCH_066_734bb3ccfc,ok,66
3,0.6353862881660461,12.867941856384276,8.747507095336914,10.807723999023438,12.867941856384276,16.153640747070312,11.202973365783691,1.2549090385437012,-0.0870420038700103,0.4328897033148568,0.4730915744067176,0.7209285497665405,3717,13.559032440185549,9.024950981140137,566,22.58365821838379,15.43149757385254,4432,12.387991905212402,7.584498405456543,0.0512367491166077,0.9997038353324448,0.2415630550621669,0.4689165186500888,0.6472195655144145,0.3527804344855854,0.6470829348271622,0.841508402787266,0.7286324501037598,N200_O1_I200_ARCH_067_5a41f58e2b,NESTED_INNER_SCREEN,longconv,multiview_zscore,10.0,none,multitask,multitask,jitter_scale,none,271829,113387,113387,29226,7319,12.753520965576172,1,I200_ARCH_067_5a41f58e2b,ok,67
3,0.6299422539137547,12.8861083984375,8.644096374511719,10.76510238647461,12.8861083984375,16.142105102539062,11.137749671936035,0.611439049243927,-0.6185534596443176,0.429878043393852,0.4788807336720161,0.7171902656555176,3717,13.43925666809082,8.720983505249023,566,23.568204879760746,16.21053123474121,4432,12.21732234954834,7.162106513977051,0.0212014134275618,1.0,0.2374641344445962,0.4697363027736029,0.6488591337614428,0.3602951222844651,0.6551441453750513,0.8475201530263697,0.7218652963638306,N200_O1_I200_ARCH_068_3777a7beba,NESTED_INNER_SCREEN,longconv,multiview_zscore,10.0,none,multitask,multitask,jitter_scale,none,271829,125675,125675,29226,7319,17.611217260360718,1,I200_ARCH_068_3777a7beba,ok,68
5,0.5997519995651993,12.861590385437012,8.69892406463623,10.78025722503662,12.861590385437012,16.099014282226562,11.130401611328123,-1.7768914699554443,-0.058125801384449,0.4311923886438497,0.4758651750593489,0.7187540531158447,3717,12.962244033813477,9.246588706970217,566,27.065582275390625,15.980151176452637,4432,11.610124588012695,7.548522472381592,0.0335689045936395,1.0,0.2482579587375324,0.4578494329826479,0.6410711845880585,0.3542833720453613,0.6511818554447328,0.8460172154665938,0.7250862717628479,N200_O1_I200_ARCH_069_03f2b1dbc2,NESTED_INNER_SCREEN,longconv,multiview_zscore,10.0,none,multitask,multitask,jitter_scale,none,271829,172889,172889,29226,7319,12.886901378631592,1,I200_ARCH_069_03f2b1dbc2,ok,69
5,0.5931412003009148,12.83503246307373,8.743491172790527,10.789261817932127,12.83503246307373,16.079313278198242,11.13076114654541,-1.8989274501800537,0.3244989514350891,0.4362832491604982,0.4765154478696916,0.7198389768600464,3717,12.888021469116213,9.513657569885254,566,26.63495635986328,15.70195198059082,4432,11.614099502563477,7.795770645141602,0.0459363957597173,0.9995557529986672,0.2445689301817188,0.4656373821560322,0.6382019401557589,0.3477250990572482,0.6420275993988249,0.8464271075283508,0.7281217575073242,N200_O1_I200_ARCH_070_d12e3e397d,NESTED_INNER_SCREEN,longconv,multiview_zscore,10.0,none,multitask,multitask,jitter_scale,none,271829,185177,185177,29226,7319,16.4268159866333,1,I200_ARCH_070_d12e3e397d,ok,70
5,0.5964128041968626,12.815434455871582,8.679329872131348,10.747382164001465,12.815434455871582,16.081310272216797,11.127558708190918,-2.1368408203125,-0.3081729114055633,0.4373150758577534,0.476828996348537,0.7166522741317749,3717,12.778711318969728,9.090781211853027,566,27.219877243041992,16.281463623046875,4432,11.481338500976562,7.386645793914795,0.0353356890459364,1.0,0.2509905724825796,0.4601721546659379,0.6444869517693674,0.3523705424238283,0.6558272988113131,0.8483399371498839,0.7206204533576965,N200_O1_I200_ARCH_071_6880a324e2,NESTED_INNER_SCREEN,longconv,multiview_zscore,10.0,none,multitask,multitask,jitter_scale,none,271829,198043,198043,29226,7319,18.556862354278564,1,I200_ARCH_071_6880a324e2,ok,71
3,0.6249368584233951,12.957260131835938,8.684288024902344,10.82077407836914,12.957260131835938,16.26171112060547,11.211105346679688,0.2036729305982589,-0.7808100581169128,0.4328909553872462,0.4769598408447873,0.7208406329154968,3717,13.26406955718994,8.561924934387207,566,22.752046585083008,15.846901893615724,4432,12.260563850402832,7.169537544250488,0.0530035335689045,0.9985191766622242,0.2374641344445962,0.4609919387894521,0.6484492416996858,0.3576991392266703,0.6522749009427518,0.8479300450881267,0.7217388153076172,N200_O1_I200_ARCH_072_6d2d0fb6ea,NESTED_INNER_SCREEN,longconv,multiview_zscore,10.0,none,multitask,multitask,jitter_scale,none,271829,216475,216475,29226,7319,21.6894006729126,1,I200_ARCH_072_6d2d0fb6ea,ok,72
5,0.6166673567559984,12.827835083007812,8.591351509094238,10.709592819213867,12.827835083007812,16.078351974487305,11.111881256103516,-1.577930212020874,-0.9422463774681092,0.4305579451799461,0.4856695937716594,0.713386058807373,3717,12.970800399780272,8.677160263061523,566,26.945459365844727,16.96625518798828,4432,11.544835090637209,6.89903736114502,0.0035335689045936,1.0,0.2441590381199617,0.4657740128432846,0.6453067358928816,0.3575625085394179,0.6655280776062303,0.8523022270802022,0.7152715921401978,N200_O1_I200_ARCH_073_f3d457acb9,NESTED_INNER_SCREEN,conv_transformer_lite,multiview_zscore,10.0,none,multitask,multitask,jitter_scale,none,271829,148804,148804,29226,7319,7.876203775405884,1,I200_ARCH_073_f3d457acb9,ok,73
5,0.6253491811502992,12.782797813415527,8.569403648376465,10.676100730895996,12.782797813415527,16.041576385498047,11.032696723937988,-0.0989875644445419,-0.5726594924926758,0.4291657414328595,0.4922336500453028,0.7112189531326294,3717,13.274367332458496,8.657781600952148,566,25.24184226989746,15.866065979003906,4432,11.855175971984863,7.096576690673828,0.0017667844522968,1.0,0.2455253449924853,0.4683699959010793,0.6451701052056292,0.3592020767864462,0.6584232818691078,0.8528487498292117,0.7155795097351074,N200_O1_I200_ARCH_074_4c2652ec21,NESTED_INNER_SCREEN,conv_transformer_lite,multiview_zscore,10.0,none,multitask,multitask,jitter_scale,none,271829,182276,182276,29226,7319,8.266448259353638,1,I200_ARCH_074_4c2652ec21,ok,74
3,0.6362638220288395,12.875438690185549,8.705341339111328,10.790390014648438,12.875438690185549,16.16466522216797,11.229827880859377,1.0078614950180054,-0.6331568360328674,0.4292645823315218,0.4688207656695078,0.71940678358078,3717,13.600178718566896,8.750173568725586,566,23.01460075378418,16.17428207397461,4432,12.347210884094238,7.259577751159668,0.0141342756183745,1.0,0.2401967481896434,0.4691897800245935,0.6448968438311244,0.356059570979642,0.6589698046181173,0.8450608006558273,0.7249578237533569,N200_O1_I200_ARCH_075_efb5ec9ba5,NESTED_INNER_SCREEN,conv_transformer_lite,multiview_zscore,10.0,none,multitask,multitask,jitter_scale,none,271829,189764,189764,29226,7319,7.852923631668091,1,I200_ARCH_075_efb5ec9ba5,ok,75
3,0.6400020523788104,12.874881744384766,8.791467666625977,10.833174705505373,12.874881744384766,16.149642944335938,11.300013542175291,1.3797723054885864,-0.3003502190113067,0.4316262029189059,0.4637639465780977,0.7229296565055847,3717,13.738515853881836,8.917471885681152,566,22.685169219970703,15.704061508178713,4432,12.47754955291748,7.555374145507812,0.0017667844522968,1.0,0.236234458259325,0.4702828255226123,0.6496789178849569,0.3467686842464818,0.6491323951359476,0.8363164366716764,0.7302899956703186,N200_O1_I200_ARCH_076_7c82063b42,NESTED_INNER_SCREEN,conv_transformer_lite,multiview_zscore,10.0,none,multitask,multitask,jitter_scale,none,271829,223236,223236,29226,7319,8.125427722930908,1,I200_ARCH_076_7c82063b42,ok,76
5,0.6072607527371325,12.90463638305664,8.64737319946289,10.776004791259766,12.90463638305664,16.102659225463867,11.132198333740234,-1.2442641258239746,-0.2897052764892578,0.4271243705286513,0.4761067711114441,0.7178454399108887,3717,13.144594192504885,8.975459098815918,566,26.60360336303711,16.390979766845703,4432,11.732118606567385,7.276730060577393,0.0070671378091872,1.0,0.238147287880858,0.4629047684109851,0.6438037983331056,0.3576991392266703,0.6623855717994261,0.8527121191419593,0.7229007482528687,N200_O1_I200_ARCH_077_be22171213,NESTED_INNER_SCREEN,conv_transformer_lite,multiview_zscore,10.0,none,multitask,multitask,jitter_scale,none,271829,287268,287268,29226,7319,8.135396480560303,1,I200_ARCH_077_be22171213,ok,77
1,0.7162095468028699,13.087998390197754,8.666316986083984,10.877157211303713,13.087998390197754,16.332059860229492,11.26416301727295,1.3558363914489746,-1.1212340593338013,0.4008203867958581,0.468801626871675,0.7237755060195923,3717,14.115139961242676,8.465643882751465,566,24.438701629638672,16.51260757446289,4432,12.633464813232422,6.965395927429199,0.0,1.0,0.2315890148927449,0.452520836179806,0.6361524798469737,0.3645306735892881,0.665391446918978,0.8427380789725373,0.7289289236068726,N200_O1_I200_ARCH_078_11203ead88,NESTED_INNER_SCREEN,conv_transformer_lite,multiview_zscore,10.0,none,multitask,multitask,jitter_scale,none,271829,362052,362052,29226,7319,5.10301947593689,1,I200_ARCH_078_11203ead88,ok,78
3,0.6337236384161158,12.810901641845703,8.759432792663574,10.785167694091797,12.810901641845703,16.064680099487305,11.211186408996582,-0.0019196011126041,0.1850170791149139,0.4372968597105099,0.4688010336675747,0.7198159694671631,3717,13.328533172607422,9.236618041992188,566,23.60018539428711,15.562026977539062,4432,12.092395782470703,7.720890045166016,0.0335689045936395,1.0,0.2464817598032518,0.4697363027736029,0.6511818554447328,0.347998360431753,0.6514551168192376,0.8401420959147424,0.7283530831336975,N200_O1_I200_ARCH_079_6c3ed2e316,NESTED_INNER_SCREEN,conv_transformer_lite,multiview_zscore,10.0,none,multitask,multitask,jitter_scale,none,271829,379428,379428,29226,7319,7.890732288360596,1,I200_ARCH_079_6c3ed2e316,ok,79
3,0.6368639749639174,12.88038444519043,8.795907974243164,10.838146209716797,12.88038444519043,16.226945877075195,11.257847785949709,0.0570295676589012,0.131800040602684,0.42946224605638,0.4674568853100582,0.7232667207717896,3717,13.26622486114502,9.14486026763916,566,23.14878273010254,15.431235313415527,4432,12.1463623046875,7.721723556518555,0.0353356890459364,1.0,0.2462084984287471,0.4678234731520699,0.6465364120781527,0.344172701188687,0.6448968438311244,0.8408252493510042,0.7295610904693604,N200_O1_I200_ARCH_080_6cf6891d58,NESTED_INNER_SCREEN,conv_transformer_lite,multiview_zscore,10.0,none,multitask,multitask,jitter_scale,none,271829,454212,454212,29226,7319,8.367637157440186,1,I200_ARCH_080_6cf6891d58,ok,80
5,0.6293779167474485,12.887818336486816,8.776570320129395,10.832194328308104,12.887818336486816,16.129650115966797,11.22855281829834,-0.6733174920082092,0.0494896471500396,0.4246120251612258,0.4628613767690113,0.7226810455322266,3717,13.330753326416016,9.350190162658691,566,25.674524307250977,16.071535110473633,4432,11.921310424804688,7.6583662033081055,0.0088339222614841,1.0,0.2426561005601858,0.4627681377237327,0.6446235824566198,0.3456756387484629,0.6465364120781527,0.8439677551578084,0.7316840291023254,N200_O1_I200_INPUT_001_5a0a67ff05,NESTED_INNER_SCREEN,adaptive_resnet,ppg,5.0,none,multitask,multitask,jitter_scale,none,271829,794047,794047,29226,7319,15.160911560058594,1,I200_INPUT_001_5a0a67ff05,ok,81
5,0.6231010061463499,12.807130813598633,8.7218656539917,10.764497756958008,12.807130813598633,16.035594940185547,11.222290992736816,-0.8094104528427124,-0.3480561375617981,0.4318043775866753,0.4638250964053954,0.7181665301322937,3717,13.22416877746582,9.12060546875,566,25.83353805541992,16.557239532470703,4432,11.83832550048828,7.391852378845215,0.0371024734982332,0.9995557529986672,0.2460718677414947,0.4671403197158081,0.6418909687115726,0.3566060937286514,0.6488591337614428,0.8439677551578084,0.7251913547515869,N200_O1_I200_INPUT_002_ac74cecb2b,NESTED_INNER_SCREEN,adaptive_resnet,ppg,10.0,none,multitask,multitask,jitter_scale,none,271829,794047,794047,29226,7319,22.41280603408813,1,I200_INPUT_002_ac74cecb2b,ok,82
5,0.623080300739388,12.794536590576172,8.68970012664795,10.74211883544922,12.794536590576172,16.009078979492188,11.200581550598145,-0.2601454555988312,-0.4165688753128052,0.4349261311832764,0.4677869607233649,0.716491162776947,3717,13.33080768585205,9.05038070678711,566,25.045074462890625,16.577871322631836,4432,11.950069427490234,7.318762302398682,0.0494699646643109,0.9988153413297792,0.2377373958191009,0.466320535592294,0.6442136903948626,0.3578357699139227,0.650088809946714,0.8462904768410985,0.7239625453948975,N200_O1_I200_INPUT_003_2b0fb1a8ff,NESTED_INNER_SCREEN,adaptive_resnet,ppg,15.0,none,multitask,multitask,jitter_scale,none,271829,794047,794047,29226,7319,35.83914852142334,1,I200_INPUT_003_2b0fb1a8ff,ok,83
5,0.6128086260720795,12.891485214233398,8.828537940979004,10.86001205444336,12.891485214233398,16.07428550720215,11.305532455444336,0.0220116171985864,-0.4006302058696747,0.4227231723390242,0.4503862167012332,0.7249191999435425,3717,13.537033081054688,9.30746841430664,566,25.60285186767578,17.19551658630371,4432,12.064023971557615,7.4461259841918945,0.0212014134275618,1.0,0.2397868561278863,0.4619483536002186,0.6428473835223392,0.3499111900532859,0.6436671676458533,0.8389124197294713,0.7343727350234985,N200_O1_I200_INPUT_004_520f82a220,NESTED_INNER_SCREEN,adaptive_resnet,ppg,10.0,raw__fusion+scale,multitask,multitask,jitter_scale,none,271829,810175,810175,29226,7319,22.66240906715393,1,I200_INPUT_004_520f82a220,ok,84
5,0.6323415126675874,12.865368843078612,8.817893028259277,10.841630935668944,12.865368843078612,16.137250900268555,11.531715393066406,-1.2876946926116943,-1.6378768682479858,0.4195971701712112,0.4352055345140979,0.7237480878829956,3717,13.304157257080078,8.599677085876465,566,27.524763107299805,18.44696998596192,4432,11.832529067993164,6.815420150756836,0.019434628975265,0.9986672589960016,0.2378740265063533,0.4693264107118459,0.6406612925263014,0.3649405656510452,0.6494056565104522,0.8390490504167236,0.7245887517929077,N200_O1_I200_INPUT_005_cbd8675b74,NESTED_INNER_SCREEN,adaptive_resnet,ppg,10.0,bandpass_robust__fusion,multitask,multitask,jitter_scale,none,271829,809791,809791,29226,7319,22.56136441230774,1,I200_INPUT_005_cbd8675b74,ok,85
5,0.6265739377807168,12.813912391662598,8.760794639587402,10.787353515625,12.813912391662598,16.069067001342773,11.24077606201172,-1.5125278234481812,-0.085696630179882,0.4334818100665112,0.4609873755284975,0.7199564576148987,3717,13.011907577514648,9.259848594665527,566,26.53740692138672,16.36939239501953,4432,11.65593719482422,7.552253246307373,0.0406360424028268,1.0,0.2489411121737942,0.4657740128432846,0.6410711845880585,0.3489547752425194,0.6461265200163957,0.8428747096597896,0.7264730930328369,N200_O1_I200_INPUT_006_7d7ae74fb0,NESTED_INNER_SCREEN,adaptive_resnet,ppg_zscore,5.0,none,multitask,multitask,jitter_scale,none,271829,794047,794047,29226,7319,15.12531566619873,1,I200_INPUT_006_7d7ae74fb0,ok,86
5,0.6210884210330988,12.808843612670898,8.725259780883789,10.767051696777344,12.808843612670898,16.081308364868164,11.169390678405762,-0.7880849838256836,0.1784604638814926,0.4297958057736211,0.4736074163159017,0.7183541059494019,3717,13.130449295043944,9.23985195159912,566,25.39651870727539,15.699689865112305,4432,11.848176956176758,7.639530181884766,0.0547703180212014,0.9988153413297792,0.2497608962973083,0.4664571662795463,0.6470829348271622,0.3536002186090996,0.6468096734526575,0.8451974313430797,0.7258985638618469,N200_O1_I200_INPUT_007_3d0037dee3,NESTED_INNER_SCREEN,adaptive_resnet,ppg_zscore,10.0,none,multitask,multitask,jitter_scale,none,271829,794047,794047,29226,7319,22.439525842666622,1,I200_INPUT_007_3d0037dee3,ok,87
5,0.6173863036959779,12.741482734680176,8.687548637390137,10.714515686035156,12.741482734680176,15.94057273864746,11.143568992614746,-0.7334861159324646,0.1907706260681152,0.4402697906744581,0.4746816335990155,0.7149121761322021,3717,13.25803279876709,9.403470039367676,566,26.083946228027344,15.83657455444336,4432,11.803236961364746,7.660857677459717,0.0265017667844522,0.998963423663557,0.2418363164366716,0.4659106435305369,0.6472195655144145,0.3570159857904085,0.6499521792594617,0.8435578630960514,0.7258938550949097,N200_O1_I200_INPUT_008_9f0d2de734,NESTED_INNER_SCREEN,adaptive_resnet,ppg_zscore,15.0,none,multitask,multitask,jitter_scale,none,271829,794047,794047,29226,7319,35.396172523498535,1,I200_INPUT_008_9f0d2de734,ok,88
5,0.607740167698829,12.707316398620604,8.733011245727539,10.720163345336914,12.707316398620604,15.84172821044922,11.152234077453612,-0.0594738759100437,0.1427768021821975,0.4477736368283438,0.4731146432952308,0.7158200740814209,3717,13.470343589782717,9.480620384216309,566,25.250547409057617,16.417409896850586,4432,11.970047950744627,7.674973964691162,0.0300353356890459,1.0,0.2416996857494193,0.4609919387894521,0.6474928268889193,0.3473152069954912,0.646263150703648,0.8456073234048367,0.728858470916748,N200_O1_I200_INPUT_009_c7601107b8,NESTED_INNER_SCREEN,adaptive_resnet,ppg_zscore,10.0,raw__fusion+scale,multitask,multitask,jitter_scale,none,271829,810175,810175,29226,7319,22.682162523269653,1,I200_INPUT_009_c7601107b8,ok,89
5,0.6324854212648728,12.926508903503418,8.858591079711914,10.892549514770508,12.926508903503418,16.230981826782227,11.605393409729004,-2.0671498775482178,-1.8806761503219604,0.4175754692378166,0.4278331378881077,0.7271379232406616,3717,13.171954154968262,8.576003074645996,566,28.79227638244629,19.03370857238769,4432,11.650524139404297,6.722134590148926,0.0141342756183745,0.9994076706648896,0.2397868561278863,0.4659106435305369,0.6412078152753108,0.3704057931411394,0.6485858723869381,0.8356332832354146,0.7259593605995178,N200_O1_I200_INPUT_010_231d30bd00,NESTED_INNER_SCREEN,adaptive_resnet,ppg_zscore,10.0,bandpass_robust__fusion,multitask,multitask,jitter_scale,none,271829,809791,809791,29226,7319,22.53215980529785,1,I200_INPUT_010_231d30bd00,ok,90
5,0.631845213618933,12.991131782531738,8.750325202941895,10.870728492736816,12.991131782531738,16.22865867614746,11.396810531616213,-1.2566378116607666,-1.2535737752914429,0.4074435303971089,0.4460284406184689,0.7245054244995117,3717,13.504815101623535,8.859172821044922,566,28.332826614379883,18.246456146240234,4432,11.816890716552734,6.887050151824951,0.0017667844522968,0.9998519176662224,0.2395135947533816,0.4574395409208908,0.6339663888509359,0.3615247984697363,0.6545976226260418,0.8390490504167236,0.7292315363883972,N200_O1_I200_INPUT_011_adc5468579,NESTED_INNER_SCREEN,adaptive_resnet,ppg_bandpass,5.0,none,multitask,multitask,jitter_scale,none,271829,794047,794047,29226,7319,15.031538009643556,1,I200_INPUT_011_adc5468579,ok,91
5,0.6286739551163967,12.86362648010254,8.745940208435059,10.80478286743164,12.86362648010254,16.060077667236328,11.249610900878906,-0.38663250207901,-0.6076809167861938,0.4228469465207437,0.4604936528824906,0.72074294090271,3717,13.61086368560791,9.171290397644045,566,27.153270721435547,17.223833084106445,4432,11.935258865356444,7.300291538238525,0.0035335689045936,1.0,0.2370542423828391,0.462494876349228,0.6425741221478344,0.3501844514277907,0.6502254406339664,0.8445142779068179,0.7303603887557983,N200_O1_I200_INPUT_012_69e7b3b71a,NESTED_INNER_SCREEN,adaptive_resnet,ppg_bandpass,10.0,none,multitask,multitask,jitter_scale,none,271829,794047,794047,29226,7319,22.404646158218384,1,I200_INPUT_012_69e7b3b71a,ok,92
5,0.6224660768228418,12.846993446350098,8.660065650939941,10.75352954864502,12.846993446350098,16.060672760009766,11.255722999572754,-0.7319375872612,-1.1509275436401367,0.429755156384238,0.4672230686573757,0.7167474031448364,3717,13.234140396118164,8.600828170776367,566,25.89128875732422,17.007356643676758,4432,11.839415550231934,6.898082733154297,0.0494699646643109,0.997926847327114,0.2397868561278863,0.4670036890285558,0.6423008607733297,0.3639841508402787,0.6584232818691078,0.8471102609646126,0.7188583016395569,N200_O1_I200_INPUT_013_8621741f8c,NESTED_INNER_SCREEN,adaptive_resnet,ppg_bandpass,15.0,none,multitask,multitask,jitter_scale,none,271829,794047,794047,29226,7319,35.77839279174805,1,I200_INPUT_013_8621741f8c,ok,93
5,0.6130632232217228,12.759039878845217,8.86967658996582,10.81435775756836,12.759039878845217,15.985095024108888,11.389307022094728,-0.9736340641975404,-0.7663222551345825,0.4348178279029457,0.44004119932716,0.7228882312774658,3717,13.173469543457031,9.168773651123049,566,26.815813064575195,17.639802932739258,4432,11.662185668945312,7.300227165222168,0.0176678445229682,0.9998519176662224,0.2456619756797376,0.4674135810903129,0.6469463041399098,0.3505943434895477,0.6421642300860774,0.8382292662932095,0.7288712859153748,N200_O1_I200_INPUT_014_cfcb3bf74d,NESTED_INNER_SCREEN,adaptive_resnet,ppg_bandpass,10.0,raw__fusion+scale,multitask,multitask,jitter_scale,none,271829,810175,810175,29226,7319,22.51917290687561,1,I200_INPUT_014_cfcb3bf74d,ok,94
5,0.6332122854937136,12.944185256958008,8.837706565856934,10.890945434570312,12.944185256958008,16.23971176147461,11.532297134399414,-1.4139338731765747,-1.6018223762512207,0.4085595544727871,0.4336904380661897,0.7267765402793884,3717,13.363182067871094,8.67120361328125,566,28.122608184814453,18.61036872863769,4432,11.844635009765623,6.865673065185547,0.0141342756183745,0.998963423663557,0.2388304413171198,0.4633146604727421,0.6379286787812543,0.3642574122147834,0.6488591337614428,0.8397322038529854,0.7280093431472778,N200_O1_I200_INPUT_015_ba8c801495,NESTED_INNER_SCREEN,adaptive_resnet,ppg_bandpass,10.0,bandpass_robust__fusion,multitask,multitask,jitter_scale,none,271829,809791,809791,29226,7319,22.3767671585083,1,I200_INPUT_015_ba8c801495,ok,95
1,0.696829794279111,13.679944038391112,8.764909744262695,11.222427368164062,13.679944038391112,17.05988121032715,11.171293258666992,4.390020847320557,0.6825947165489197,0.3789595407166891,0.4803934701242134,0.7444573640823364,3717,15.528630256652832,9.388086318969728,566,22.094133377075195,14.62891674041748,4432,13.921238899230955,8.039158821105957,0.0,1.0,0.2162863779204809,0.4383112447055609,0.6181172291296625,0.3572892471649132,0.6377920480940019,0.8419182948490231,0.763843297958374,N200_O1_I200_INPUT_016_7380fb2f5d,NESTED_INNER_SCREEN,adaptive_resnet,derivatives,5.0,none,multitask,multitask,jitter_scale,none,271829,796159,796159,29226,7319,9.094686031341553,1,I200_INPUT_016_7380fb2f5d,ok,96
1,0.6931957828453164,13.639534950256348,8.697222709655762,11.168378829956056,13.639534950256348,16.993934631347656,11.094151496887209,4.553204536437988,0.2573544383049011,0.3878845453135203,0.4845295372058918,0.7405411005020142,3717,15.564382553100586,9.182464599609377,566,21.97951889038086,15.149175643920898,4432,13.938512802124023,7.747203350067139,0.0,1.0,0.2210684519743134,0.4376280912692991,0.6167509222571389,0.3570159857904085,0.6442136903948626,0.8461538461538461,0.7590452432632446,N200_O1_I200_INPUT_017_279ffe5338,NESTED_INNER_SCREEN,adaptive_resnet,derivatives,10.0,none,multitask,multitask,jitter_scale,none,271829,796159,796159,29226,7319,13.212257623672484,1,I200_INPUT_017_279ffe5338,ok,97
1,0.6948919448198057,13.359904289245604,8.661636352539062,11.010770797729492,13.359904289245604,16.651968002319336,11.068230628967283,3.210406541824341,0.1136908084154129,0.3913002932530856,0.4857179245070162,0.7312225699424744,3717,14.959126472473145,9.124398231506348,566,23.07425880432129,15.454586029052734,4432,13.359891891479492,7.586824893951416,0.0,1.0,0.2238010657193605,0.4463724552534499,0.6241289793687662,0.359885230222708,0.6466730427654052,0.8490230905861457,0.7472085952758789,N200_O1_I200_INPUT_018_062ba085b7,NESTED_INNER_SCREEN,adaptive_resnet,derivatives,15.0,none,multitask,multitask,jitter_scale,none,271829,796159,796159,29226,7319,21.57612442970276,1,I200_INPUT_018_062ba085b7,ok,98
1,0.683949841003792,13.207257270812988,8.660591125488281,10.933923721313477,13.207257270812988,16.53066635131836,11.076745986938477,2.365372896194458,-0.0004814930725842,0.4030961148831737,0.4868962520857578,0.7268909215927124,3717,14.30899715423584,8.941495895385742,566,22.648082733154297,15.42208194732666,4432,12.931196212768556,7.510773181915283,0.0,1.0,0.2318622762672496,0.4540237737395819,0.6388850935920207,0.3596119688482033,0.6498155485722094,0.8472468916518651,0.7375147342681885,N200_O1_I200_INPUT_019_a4fd9a28a2,NESTED_INNER_SCREEN,adaptive_resnet,derivatives,10.0,raw__fusion+scale,multitask,multitask,jitter_scale,none,271829,812287,812287,29226,7319,13.590597867965698,1,I200_INPUT_019_a4fd9a28a2,ok,99
5,0.5710580578816482,13.068445205688477,8.788959503173828,10.928702354431152,13.068445205688477,16.336246490478516,11.24574851989746,-0.924946129322052,0.1196695193648338,0.407650875503569,0.4608140881021891,0.7282649278640747,3717,13.46345329284668,9.449734687805176,566,26.064498901367188,15.92540168762207,4432,12.115382194519045,7.783429622650146,0.0123674911660777,0.9995557529986672,0.2391037026916245,0.4614018308512091,0.6407979232135538,0.3544200027326137,0.6383385708430114,0.8406886186637519,0.7378265261650085,N200_O1_I200_INPUT_020_1f340aac23,NESTED_INNER_SCREEN,adaptive_resnet,derivatives,10.0,bandpass_robust__fusion,multitask,multitask,jitter_scale,none,271829,811903,811903,29226,7319,22.470662355422974,1,I200_INPUT_020_1f340aac23,ok,100
1,0.6922079764939602,13.288094520568848,8.531149864196777,10.909622192382812,13.288094520568848,16.53814697265625,11.00816249847412,2.751617908477783,-0.6780597567558289,0.3969235351677921,0.4964093257505391,0.7238439321517944,3717,14.703112602233888,8.59997844696045,566,23.09952545166016,16.158700942993164,4432,13.194576263427734,7.055338382720947,0.0,1.0,0.2272168329006695,0.4473288700642164,0.6283645306735893,0.3682197021451018,0.6622489411121738,0.8520289657056975,0.7344898581504822,N200_O1_I200_INPUT_021_338dce3019,NESTED_INNER_SCREEN,adaptive_resnet,derivatives_zscore,5.0,none,multitask,multitask,jitter_scale,none,271829,796159,796159,29226,7319,9.068564176559448,1,I200_INPUT_021_338dce3019,ok,101
1,0.6913674423118042,13.248324394226074,8.556647300720215,10.902485847473145,13.248324394226074,16.513826370239258,11.02881145477295,2.537033796310425,-0.496665209531784,0.3964182625945968,0.494209140856607,0.7237741947174072,3717,14.59720516204834,8.622997283935547,566,23.058544158935547,15.713664054870604,4432,13.142650604248049,7.187710762023926,0.0,1.0,0.2294029238967072,0.4515644213690394,0.6297308375461128,0.3633009974040169,0.6629320945484356,0.8494329826479027,0.7339301109313965,N200_O1_I200_INPUT_022_8b92050fae,NESTED_INNER_SCREEN,adaptive_resnet,derivatives_zscore,10.0,none,multitask,multitask,jitter_scale,none,271829,796159,796159,29226,7319,13.622458696365356,1,I200_INPUT_022_8b92050fae,ok,102
1,0.6904769282714993,13.32291030883789,8.512733459472656,10.917821884155272,13.32291030883789,16.64634895324707,10.987255096435549,3.357485055923462,-0.3176787495613098,0.4005338005710648,0.5015716179323066,0.7240655422210693,3717,14.790292739868164,8.594093322753906,566,22.157411575317383,15.246053695678713,4432,13.335186004638672,7.234250068664551,0.0,1.0,0.2292662932094548,0.4514277906817871,0.6290476841098511,0.3701325317666348,0.6595163273671266,0.8518923350184452,0.7352080345153809,N200_O1_I200_INPUT_023_c865cfb797,NESTED_INNER_SCREEN,adaptive_resnet,derivatives_zscore,15.0,none,multitask,multitask,jitter_scale,none,271829,796159,796159,29226,7319,21.56741595268249,1,I200_INPUT_023_c865cfb797,ok,103
1,0.6831639011700948,13.180861473083496,8.791117668151855,10.985989570617676,13.180861473083496,16.472299575805664,11.13585090637207,2.4669666290283203,0.9455971717834472,0.4059074275816912,0.4826570696114981,0.7315120697021484,3717,14.423332214355469,9.644362449645996,566,22.98534202575684,14.892560958862305,4432,12.944649696350098,8.135485649108887,0.0,1.0,0.2306326000819784,0.449105068998497,0.6351960650362072,0.3490914059297718,0.6417543380243202,0.8405519879764995,0.7490030527114868,N200_O1_I200_INPUT_024_29fd0c2123,NESTED_INNER_SCREEN,adaptive_resnet,derivatives_zscore,10.0,raw__fusion+scale,multitask,multitask,jitter_scale,none,271829,812287,812287,29226,7319,13.639145135879517,1,I200_INPUT_024_29fd0c2123,ok,104
1,0.6838142790046393,13.133856773376465,8.847149848937988,10.990503311157228,13.133856773376465,16.455480575561523,11.179577827453612,2.462788343429565,1.3914082050323486,0.4070641774304908,0.4831999403340207,0.73249351978302,3717,14.286969184875488,9.905776023864746,566,22.92711639404297,14.250981330871582,4432,12.895758628845217,8.444025993347168,0.0,1.0,0.2322721683290066,0.4545702964885913,0.6397048777155349,0.34840825249351,0.6283645306735893,0.8382292662932095,0.7514663934707642,N200_O1_I200_INPUT_025_53d946abe9,NESTED_INNER_SCREEN,adaptive_resnet,derivatives_zscore,10.0,bandpass_robust__fusion,multitask,multitask,jitter_scale,none,271829,811903,811903,29226,7319,13.61776089668274,1,I200_INPUT_025_53d946abe9,ok,105
5,0.5698942271322985,13.196684837341309,8.89784049987793,11.04726219177246,13.196684837341309,16.48815155029297,11.332382202148438,0.8263955116271973,0.418232262134552,0.403187323644756,0.4536373449779302,0.7363413572311401,3717,13.7938814163208,9.629571914672852,566,23.45570373535156,15.447986602783203,4432,12.556586265563965,8.026800155639648,0.0618374558303886,0.9948171183177849,0.2295395545839595,0.4512911599945348,0.6407979232135538,0.3362481213280502,0.642437491460582,0.8413717721000137,0.7480518817901611,N200_O1_I200_INPUT_026_9498731ddb,NESTED_INNER_SCREEN,adaptive_resnet,multiview,5.0,none,multitask,multitask,jitter_scale,none,271829,798271,798271,29226,7319,15.054949283599854,1,I200_INPUT_026_9498731ddb,ok,106
1,0.6925550890124701,13.74569606781006,8.705708503723145,11.225702285766602,13.74569606781006,17.123123168945312,11.13947582244873,4.790807723999023,0.3449896275997162,0.3853850520253523,0.4814794649088293,0.7438724040985107,3717,15.618694305419922,9.188825607299805,566,21.31117820739746,15.092455863952637,4432,14.11293888092041,7.805073738098144,0.0,1.0,0.2175160541057521,0.4398141822653368,0.61101243339254,0.3596119688482033,0.6485858723869381,0.8476567837136221,0.761990487575531,N200_O1_I200_INPUT_027_7c2f1494bf,NESTED_INNER_SCREEN,adaptive_resnet,multiview,10.0,none,multitask,multitask,jitter_scale,none,271829,798271,798271,29226,7319,13.598143577575684,1,I200_INPUT_027_7c2f1494bf,ok,107
5,0.5621226607194914,13.05666160583496,8.854848861694336,10.955755233764648,13.05666160583496,16.371444702148438,11.234855651855469,-0.4362444281578064,0.8170278668403625,0.4131436866942877,0.4709412127496946,0.7306409478187561,3717,13.41721534729004,9.655646324157717,566,24.51970672607422,15.047540664672852,4432,12.202397346496582,8.117480278015137,0.0530035335689045,0.99511328298534,0.243885776745457,0.458669217106162,0.6457166279546386,0.3370679054515644,0.6417543380243202,0.8386391583549665,0.7413986921310425,N200_O1_I200_INPUT_028_b8f71c13b6,NESTED_INNER_SCREEN,adaptive_resnet,multiview,15.0,none,multitask,multitask,jitter_scale,none,271829,798271,798271,29226,7319,35.63463735580444,1,I200_INPUT_028_b8f71c13b6,ok,108
1,0.680795906026379,13.14240550994873,8.727232933044434,10.934819221496582,13.14240550994873,16.389020919799805,11.095829010009766,2.4227516651153564,0.4817397594451904,0.4091261544356213,0.4837492831599051,0.727806806564331,3717,14.434739112854004,9.336506843566896,566,23.55502319335937,15.212491989135742,4432,12.910578727722168,7.851531505584717,0.0,1.0,0.2309058614564831,0.4521109441180489,0.6358792184724689,0.3500478207405383,0.6431206448968438,0.8462904768410985,0.7431421279907227,N200_O1_I200_INPUT_029_742823fdbc,NESTED_INNER_SCREEN,adaptive_resnet,multiview,10.0,raw__fusion+scale,multitask,multitask,jitter_scale,none,271829,814399,814399,29226,7319,13.537149906158447,1,I200_INPUT_029_742823fdbc,ok,109
1,0.6786565975426069,13.26168441772461,8.963611602783203,11.112648010253906,13.26168441772461,16.601903915405273,11.34016227722168,2.6624536514282227,1.4766865968704224,0.394546798540806,0.4658623816889474,0.7408697605133057,3717,14.52286434173584,9.996033668518066,566,22.99149703979492,14.204351425170898,4432,13.074416160583496,8.580188751220703,0.0,1.0,0.228173247711436,0.4547069271758437,0.6327367126656647,0.3467686842464818,0.6228993031834951,0.8281185954365351,0.7603325843811035,N200_O1_I200_INPUT_030_149402bc2e,NESTED_INNER_SCREEN,adaptive_resnet,multiview,10.0,bandpass_robust__fusion,multitask,multitask,jitter_scale,none,271829,814015,814015,29226,7319,13.594120979309082,1,I200_INPUT_030_149402bc2e,ok,110
5,0.58038373398625,13.062013626098633,8.798235893249512,10.930124282836914,13.062013626098633,16.33082389831543,11.275858879089355,-1.1125231981277466,-0.4070010781288147,0.4122315382970216,0.4635095990329738,0.7284653186798096,3717,13.225408554077148,8.991437911987305,566,25.519710540771484,15.91281509399414,4432,11.975834846496582,7.508207321166992,0.019434628975265,0.9994076706648896,0.2326820603907637,0.4593523705424238,0.6388850935920207,0.3443093318759393,0.6472195655144145,0.8383658969804618,0.7315974235534668,N200_O1_I200_INPUT_031_5ea2002166,NESTED_INNER_SCREEN,adaptive_resnet,multiview_zscore,5.0,none,multitask,multitask,jitter_scale,none,271829,798271,798271,29226,7319,15.139432191848757,1,I200_INPUT_031_5ea2002166,ok,111
1,0.6958175102869669,13.311734199523926,8.639609336853027,10.975671768188477,13.311734199523926,16.589641571044922,11.071969032287598,3.249913215637207,0.1240153983235359,0.4007188095329586,0.4854459141655299,0.7289642095565796,3717,14.881750106811523,9.15184497833252,566,22.94538688659668,15.68784999847412,4432,13.300162315368652,7.5853753089904785,0.0,1.0,0.228173247711436,0.4463724552534499,0.6302773602951223,0.3653504577128023,0.6581500204946031,0.8454706927175843,0.7452532052993774,N200_O1_I200_INPUT_032_40fabb3eb3,NESTED_INNER_SCREEN,adaptive_resnet,multiview_zscore,10.0,none,multitask,multitask,jitter_scale,none,271829,798271,798271,29226,7319,13.626904010772703,1,I200_INPUT_032_40fabb3eb3,ok,112
1,0.6927375111704558,13.180780410766602,8.494253158569336,10.837516784667969,13.180780410766602,16.478364944458008,10.991870880126951,3.1478328704833984,-0.8253408670425415,0.4126787102415599,0.4998726158771246,0.7193129658699036,3717,14.648850440979004,8.527496337890625,566,22.60350799560547,16.30231285095215,4432,13.156494140625,6.946963310241699,0.0,1.0,0.2335018445142779,0.4553900806121054,0.6368356332832354,0.3686295942068588,0.6696269982238011,0.8521655963929499,0.7299660444259644,N200_O1_I200_INPUT_033_d25c2b353f,NESTED_INNER_SCREEN,adaptive_resnet,multiview_zscore,15.0,none,multitask,multitask,jitter_scale,none,271829,798271,798271,29226,7319,21.5959575176239,1,I200_INPUT_033_d25c2b353f,ok,113
5,0.5758140059857587,12.992269515991213,8.766758918762207,10.879514694213867,12.992269515991213,16.234384536743164,11.19037914276123,-0.5064418911933899,0.344082772731781,0.4205915139304128,0.470767879292758,0.725212574005127,3717,13.238272666931152,9.371591567993164,566,24.66510581970215,15.745762825012209,4432,12.093457221984863,7.7708420753479,0.0689045936395759,0.99511328298534,0.2367809810083344,0.4593523705424238,0.6447602131438721,0.3466320535592294,0.6455799972673862,0.8436944937833037,0.7331529259681702,N200_O1_I200_INPUT_034_2d526e3812,NESTED_INNER_SCREEN,adaptive_resnet,multiview_zscore,10.0,raw__fusion+scale,multitask,multitask,jitter_scale,none,271829,814399,814399,29226,7319,22.76868295669556,1,I200_INPUT_034_2d526e3812,ok,114
5,0.5843518384141859,12.874337196350098,8.679702758789062,10.777019500732422,12.874337196350098,16.097375869750977,11.125303268432615,-0.918063223361969,-0.0538886971771717,0.434268952880898,0.4844213991665033,0.7183225154876709,3717,13.044798851013184,9.002745628356934,566,24.757680892944336,15.087809562683104,4432,11.945096969604492,7.579960823059082,0.0600706713780918,0.9980749296608916,0.2434758846836999,0.4638611832217516,0.6459898893291434,0.3583822926629321,0.6481759803251811,0.8409618800382566,0.7228379249572754,N200_O1_I200_INPUT_035_9c2e6f8e53,NESTED_INNER_SCREEN,adaptive_resnet,multiview_zscore,10.0,bandpass_robust__fusion,multitask,multitask,jitter_scale,none,271829,814015,814015,29226,7319,22.65412974357605,1,I200_INPUT_035_9c2e6f8e53,ok,115
1,0.701284826580995,13.009603500366213,8.626121520996094,10.817862510681152,13.009603500366213,16.224023818969727,11.296363830566406,0.5649119019508362,-2.112721443176269,0.4042810367686164,0.4811039774747875,0.7199214696884155,3717,13.895960807800291,8.059516906738281,566,25.632116317749023,17.946239471435547,4432,12.349888801574709,6.332101821899414,0.0,1.0,0.2347315206995491,0.4537505123650772,0.6388850935920207,0.3734116682606913,0.6664844924169968,0.8462904768410985,0.7203273773193359,N200_O1_I200_INPUT_036_fba8cae0d1,NESTED_INNER_SCREEN,adaptive_resnet,multiscale7,5.0,none,multitask,multitask,jitter_scale,none,271829,800383,800383,29226,7319,9.152687311172484,1,I200_INPUT_036_fba8cae0d1,ok,116
5,0.5860534275279325,12.827608108520508,8.783308982849121,10.805458068847656,12.827608108520508,16.057090759277344,11.213752746582031,-1.0725175142288208,0.5820399522781372,0.4335063269502354,0.4695327319248275,0.7212662696838379,3717,13.202669143676758,9.65874481201172,566,25.68915557861328,15.483519554138184,4432,11.876249313354492,8.015012741088867,0.0477031802120141,0.999259588331112,0.2406066402514004,0.4687798879628364,0.6428473835223392,0.3525071731110807,0.6458532586418909,0.839185681103976,0.7328925728797913,N200_O1_I200_INPUT_037_3faa50799a,NESTED_INNER_SCREEN,adaptive_resnet,multiscale7,10.0,none,multitask,multitask,jitter_scale,none,271829,800383,800383,29226,7319,22.76281499862671,1,I200_INPUT_037_3faa50799a,ok,117
1,0.6999591842196347,12.96841526031494,8.78441333770752,10.87641429901123,12.96841526031494,16.17691421508789,11.650650024414062,0.831359326839447,-3.680278778076172,0.4105387598891944,0.4875634290287872,0.725267767906189,3717,13.942952156066896,7.308942794799805,566,25.3339958190918,19.433578491210938,4432,12.384071350097656,5.719026565551758,0.0,1.0,0.2352780434485585,0.4551168192376008,0.6366990025959831,0.3786036343762809,0.6636152479846974,0.8357699139226671,0.7169578075408936,N200_O1_I200_INPUT_038_a17876eb01,NESTED_INNER_SCREEN,adaptive_resnet,multiscale7,15.0,none,multitask,multitask,jitter_scale,none,271829,800383,800383,29226,7319,21.701345443725582,1,I200_INPUT_038_a17876eb01,ok,118
5,0.5847691170919954,12.87899112701416,8.682433128356934,10.780712127685549,12.87899112701416,16.11919593811035,11.117643356323242,0.3231725990772247,0.284646987915039,0.4345717112435259,0.4858679064952194,0.7185654044151306,3717,13.431184768676758,9.139674186706545,566,23.24011611938477,15.344398498535156,4432,12.218013763427734,7.697571277618408,0.0742049469964664,0.9958536946542278,0.2429293619346905,0.4634512911599945,0.6472195655144145,0.3548298947943708,0.6488591337614428,0.8454706927175843,0.7271404266357422,N200_O1_I200_INPUT_039_36ff63e07a,NESTED_INNER_SCREEN,adaptive_resnet,multiscale7,10.0,raw__fusion+scale,multitask,multitask,jitter_scale,none,271829,816511,816511,29226,7319,22.82136917114257,1,I200_INPUT_039_36ff63e07a,ok,119
5,0.5979994699066761,12.928216934204102,8.692562103271484,10.810389518737791,12.928216934204102,16.134523391723633,11.087108612060549,0.3863671720027923,0.3321750164031982,0.4201101846841159,0.4831415400978217,0.7203645706176758,3717,13.67506980895996,9.43986701965332,566,24.761642456054688,15.81081771850586,4432,12.28325653076172,7.7739715576171875,0.0229681978798586,0.9994076706648896,0.238147287880858,0.4612652001639568,0.6406612925263014,0.3516873889875666,0.6473561962016668,0.8426014482852848,0.7332862615585327,N200_O1_I200_INPUT_040_ddb7bd5c56,NESTED_INNER_SCREEN,adaptive_resnet,multiscale7,10.0,bandpass_robust__fusion,multitask,multitask,jitter_scale,none,271829,816127,816127,29226,7319,22.446605443954468,1,I200_INPUT_040_ddb7bd5c56,ok,120
1,0.6182444781259774,13.385995864868164,8.65062141418457,11.018308639526367,13.385995864868164,16.664148330688477,11.070937156677246,3.115316390991211,0.4288344383239746,0.3924248378558407,0.4877694957826503,0.7315031290054321,3717,14.83978271484375,9.236289978027344,566,22.590553283691406,15.145049095153809,4432,13.3494873046875,7.721135139465332,0.0,1.0,0.2198387757890422,0.4460991938789452,0.6245388714305233,0.3634376280912693,0.65159174750649,0.8476567837136221,0.747730016708374,N200_O1_I200_OBJECTIVE_001_8e3d08f02d,NESTED_INNER_SCREEN,adaptive_resnet,derivatives_zscore,5.0,none,direct,huber,jitter_scale,none,271829,924663,924663,29226,7319,7.727220296859741,1,I200_OBJECTIVE_001_8e3d08f02d,ok,121
1,0.5193016388837028,13.307080268859863,8.653952598571777,10.98051643371582,13.307080268859863,16.571012496948242,11.042681694030762,2.674598693847656,0.4084809124469757,0.3936776908677155,0.4894653232771081,0.7294228076934814,3717,14.64080810546875,9.377116203308104,566,23.07269096374512,15.588125228881836,4432,13.13990306854248,7.692539691925049,0.0,1.0,0.2233911736576035,0.4480120235004782,0.6282278999863369,0.3658969804618117,0.6485858723869381,0.8487498292116409,0.7462186813354492,N200_O1_I200_OBJECTIVE_002_b9d410edf4,NESTED_INNER_SCREEN,adaptive_resnet,derivatives_zscore,5.0,none,direct,huber,jitter_scale,none,271829,924663,924663,29226,7319,7.849733829498291,1,I200_OBJECTIVE_002_b9d410edf4,ok,122
1,0.3714672206274045,13.355606079101562,8.638677597045898,10.99714183807373,13.355606079101562,16.628416061401367,11.055791854858398,3.0391788482666016,0.2643830776214599,0.3929663730799634,0.4871728753330964,0.7301585674285889,3717,14.75930118560791,9.204691886901855,566,22.95973777770996,15.4905366897583,4432,13.229567527770996,7.596651554107666,0.0,1.0,0.222434758846837,0.4447328870064216,0.6285011613608417,0.3641207815275311,0.6535045771280229,0.8477934144008744,0.7458317279815674,N200_O1_I200_OBJECTIVE_003_5710b00acb,NESTED_INNER_SCREEN,adaptive_resnet,derivatives_zscore,5.0,none,direct,huber,jitter_scale,none,271829,924663,924663,29226,7319,7.781694412231445,1,I200_OBJECTIVE_003_5710b00acb,ok,123
1,0.7379315838315128,13.242836952209473,8.583405494689941,10.913121223449709,13.242836952209473,16.446884155273438,11.191024780273438,1.960706353187561,-1.6331177949905396,0.3917130356850871,0.484339783129366,0.7247193455696106,3717,14.508814811706545,8.255546569824219,566,24.15706443786621,17.45255470275879,4432,12.939373970031738,6.584358215332031,0.0,1.0,0.2263970487771553,0.4499248531220112,0.6263150703648039,0.3702691624538871,0.6696269982238011,0.8473835223391174,0.730243980884552,N200_O1_I200_OBJECTIVE_004_917d419812,NESTED_INNER_SCREEN,adaptive_resnet,derivatives_zscore,5.0,none,direct,l1,jitter_scale,none,271829,924663,924663,29226,7319,7.760169506072998,1,I200_OBJECTIVE_004_917d419812,ok,124
1,0.3303541506037992,13.357085227966309,8.624397277832031,10.990741729736328,13.357085227966309,16.657726287841797,11.047380447387695,2.952232360839844,0.0876251012086868,0.391891462792468,0.4881575055053982,0.7296134233474731,3717,14.687321662902832,9.075200080871582,566,22.505800247192383,15.539490699768066,4432,13.228219985961914,7.482069969177246,0.0,1.0,0.2213417133488181,0.4499248531220112,0.6293209454843558,0.3654870884000546,0.6522749009427518,0.8509359202076786,0.7435872554779053,N200_O1_I200_OBJECTIVE_005_454f97e50c,NESTED_INNER_SCREEN,adaptive_resnet,derivatives_zscore,5.0,none,direct,logcosh,jitter_scale,none,271829,924663,924663,29226,7319,7.688097715377808,1,I200_OBJECTIVE_005_454f97e50c,ok,125
1,0.5337900170703339,13.26954460144043,8.587882041931152,10.928712844848633,13.26954460144043,16.512521743774414,11.042848587036133,2.8291375637054443,-0.293980598449707,0.4021307648292667,0.4894889628901543,0.7256536483764648,3717,14.633657455444336,9.011119842529297,566,22.76026153564453,16.366256713867188,4432,13.13338851928711,7.240250587463379,0.0,1.0,0.2253040032791365,0.4492416996857494,0.6305506216696269,0.3648039349637929,0.6586965432436125,0.8507992895204263,0.7395823001861572,N200_O1_I200_OBJECTIVE_006_dd07db37de,NESTED_INNER_SCREEN,adaptive_resnet,derivatives_zscore,5.0,none,direct,huber_ccc,jitter_scale,none,271829,924663,924663,29226,7319,7.746531963348389,1,I200_OBJECTIVE_006_dd07db37de,ok,126
1,0.5566850955190222,13.33257007598877,8.584914207458496,10.958742141723633,13.33257007598877,16.60770606994629,11.029678344726562,3.0981013774871826,-0.1403619945049286,0.3999452862886508,0.4903495377926838,0.7273024320602417,3717,14.714606285095217,8.998270988464355,566,22.289236068725582,15.977516174316406,4432,13.255575180053713,7.3217453956604,0.0,1.0,0.222434758846837,0.4503347451837682,0.6298674682333653,0.3671266566470829,0.657740128432846,0.8516190736439404,0.7412554621696472,N200_O1_I200_OBJECTIVE_007_820ae3c4e9,NESTED_INNER_SCREEN,adaptive_resnet,derivatives_zscore,5.0,none,direct,huber_ccc,jitter_scale,none,271829,924663,924663,29226,7319,7.767125368118286,1,I200_OBJECTIVE_007_820ae3c4e9,ok,127
1,0.59618104750814,13.406986236572266,8.647459983825684,11.027223587036133,13.406986236572266,16.815467834472656,11.196656227111816,2.745735645294189,-0.5823338031768799,0.3942020835835079,0.4867366448020936,0.7319629192352295,3717,14.43389129638672,8.420770645141602,566,21.39676856994629,15.05183219909668,4432,13.248456001281738,7.221810340881348,0.0,1.0,0.2277633556496789,0.45101789862003,0.6301407296078699,0.371772100013663,0.6597895887416314,0.8447875392813226,0.736847460269928,N200_O1_I200_OBJECTIVE_008_41b568d00c,NESTED_INNER_SCREEN,adaptive_resnet,derivatives_zscore,5.0,none,direct,huber_ccc,jitter_scale,none,271829,924663,924663,29226,7319,7.779579401016235,1,I200_OBJECTIVE_008_41b568d00c,ok,128
1,0.6657354613534765,13.584057807922363,8.652046203613281,11.118051528930664,13.584057807922363,17.132755279541016,11.120116233825684,4.108467102050781,0.1860639005899429,0.397556652059531,0.4915379648488893,0.737126350402832,3717,14.771385192871094,8.794883728027344,566,19.654800415039062,14.474053382873535,4432,13.652956008911133,7.5678324699401855,0.0618374558303886,0.9917073893084556,0.228583139773193,0.4459625631916928,0.6252220248667851,0.3673999180215876,0.650088809946714,0.8434212324087991,0.7469332218170166,N200_O1_I200_OBJECTIVE_009_ec1770bdaa,NESTED_INNER_SCREEN,adaptive_resnet,derivatives_zscore,5.0,none,direct,huber_ccc,jitter_scale,none,271829,924663,924663,29226,7319,7.730597734451294,1,I200_OBJECTIVE_009_ec1770bdaa,ok,129
1,0.5500317348374261,13.570096015930176,8.662071228027344,11.116083145141602,13.570096015930176,16.979177474975586,11.1105318069458,4.068627834320068,0.2141225337982177,0.3950570273081299,0.4858315648409352,0.7371459603309631,3717,15.00916576385498,9.000039100646973,566,20.631366729736328,14.912759780883787,4432,13.708941459655762,7.61503267288208,0.0,1.0,0.22434758846837,0.4436398415084028,0.624812132805028,0.3628911053422599,0.6526847930045088,0.8460172154665938,0.750725269317627,N200_O1_I200_OBJECTIVE_010_dd4ad80620,NESTED_INNER_SCREEN,adaptive_resnet,derivatives_zscore,5.0,none,direct,asymmetric_high,jitter_scale,none,271829,924663,924663,29226,7319,7.7243616580963135,1,I200_OBJECTIVE_010_dd4ad80620,ok,130
5,0.4712313115596771,13.330148696899414,8.723108291625977,11.026628494262695,13.330148696899414,16.75041961669922,11.279500961303713,-1.7404764890670776,-0.2102795988321304,0.408778064490425,0.4765143082803493,0.7329121828079224,3717,12.983311653137209,8.672953605651855,566,24.571813583374023,15.096187591552734,4432,12.074100494384766,7.433273792266846,0.0618374558303886,0.992892047978676,0.2380106571936056,0.4500614838092636,0.6305506216696269,0.3590654460991939,0.6530946850662659,0.8410985107255089,0.7299609184265137,N200_O1_I200_OBJECTIVE_011_9b92c429e0,NESTED_INNER_SCREEN,adaptive_resnet,derivatives_zscore,5.0,none,direct,asymmetric_high,jitter_scale,none,271829,924663,924663,29226,7319,12.813214778900146,1,I200_OBJECTIVE_011_9b92c429e0,ok,131
5,0.5588059049416212,13.062362670898438,8.677392959594727,10.869877815246582,13.062362670898438,16.316965103149414,11.24049949645996,-1.706696391105652,-1.0011889934539795,0.4182652130205274,0.4718116741743622,0.7235102653503418,3717,12.953803062438965,8.510169982910156,566,25.93702507019043,16.224769592285156,4432,11.813538551330566,7.025741100311279,0.0512367491166077,0.9965941063231156,0.2345948900122967,0.456756387484629,0.6377920480940019,0.3553764175433802,0.6610192649269025,0.8439677551578084,0.7210301160812378,N200_O1_I200_OBJECTIVE_012_8d558f4669,NESTED_INNER_SCREEN,adaptive_resnet,derivatives_zscore,5.0,none,direct,focal_huber,jitter_scale,none,271829,924663,924663,29226,7319,12.768632650375366,1,I200_OBJECTIVE_012_8d558f4669,ok,132
5,0.6909284583883348,12.976423263549805,8.6546049118042,10.815513610839844,12.976423263549805,16.213586807250977,11.105957984924316,-1.5707685947418213,-0.316006988286972,0.4233488081986906,0.4800191200221754,0.7201595306396484,3717,13.026163101196287,8.979447364807129,566,25.965238571166992,16.33978843688965,4432,11.782337188720703,7.294843196868896,0.03886925795053,0.9997038353324448,0.2407432709386528,0.4616750922257139,0.6399781390900396,0.352233911736576,0.6522749009427518,0.8520289657056975,0.7238454818725586,N200_O1_I200_OBJECTIVE_013_4ed9c24758,NESTED_INNER_SCREEN,adaptive_resnet,derivatives_zscore,5.0,none,direct,focal_huber,jitter_scale,none,271829,924663,924663,29226,7319,12.82585096359253,1,I200_OBJECTIVE_013_4ed9c24758,ok,133
1,0.5193016388837028,13.307080268859863,8.653952598571777,10.98051643371582,13.307080268859863,16.571012496948242,11.042681694030762,2.674598693847656,0.4084809124469757,0.3936776908677155,0.4894653232771081,0.7294228076934814,3717,14.64080810546875,9.377116203308104,566,23.07269096374512,15.588125228881836,4432,13.13990306854248,7.692539691925049,0.0,1.0,0.2233911736576035,0.4480120235004782,0.6282278999863369,0.3658969804618117,0.6485858723869381,0.8487498292116409,0.7462186813354492,N200_O1_I200_OBJECTIVE_014_3ef0b02db8,NESTED_INNER_SCREEN,adaptive_resnet,derivatives_zscore,5.0,none,direct,physiology_huber,jitter_scale,none,271829,924663,924663,29226,7319,7.742307424545288,1,I200_OBJECTIVE_014_3ef0b02db8,ok,134
1,0.5193016388837028,13.307080268859863,8.653952598571777,10.98051643371582,13.307080268859863,16.571012496948242,11.042681694030762,2.674598693847656,0.4084809124469757,0.3936776908677155,0.4894653232771081,0.7294228076934814,3717,14.64080810546875,9.377116203308104,566,23.07269096374512,15.588125228881836,4432,13.13990306854248,7.692539691925049,0.0,1.0,0.2233911736576035,0.4480120235004782,0.6282278999863369,0.3658969804618117,0.6485858723869381,0.8487498292116409,0.7462186813354492,N200_O1_I200_OBJECTIVE_015_61d5d1a3f3,NESTED_INNER_SCREEN,adaptive_resnet,derivatives_zscore,5.0,none,direct,physiology_huber,jitter_scale,none,271829,924663,924663,29226,7319,7.685522794723511,1,I200_OBJECTIVE_015_61d5d1a3f3,ok,135
3,0.5579619629710328,13.11403465270996,8.667084693908691,10.890560150146484,13.11403465270996,16.376901626586914,11.162590980529783,1.6444942951202393,-0.5928378701210022,0.4184576615277135,0.4809482097813433,0.7245385646820068,3717,13.911348342895508,8.660232543945312,566,22.35944366455078,15.649518013000488,4432,12.739896774291992,7.304196357727051,0.0229681978798586,1.0,0.2246208498428747,0.4573029102336384,0.6425741221478344,0.3557863096051373,0.6551441453750513,0.8449241699685749,0.7300684452056885,N200_O1_I200_OBJECTIVE_016_d841344ee2,NESTED_INNER_SCREEN,adaptive_resnet,derivatives_zscore,5.0,none,clinical,huber,jitter_scale,none,271829,925183,925183,29226,7319,16.000020742416382,1,I200_OBJECTIVE_016_d841344ee2,ok,136
1,0.5569240421641106,13.298985481262209,8.570606231689453,10.934795379638672,13.298985481262209,16.575374603271484,11.025291442871094,2.842599391937256,-0.4756174981594085,0.3963785654621652,0.4924429603306546,0.7257710695266724,3717,14.67954444885254,8.772072792053223,566,22.85961532592773,16.079627990722656,4432,13.18788719177246,7.17560338973999,0.0,1.0,0.22434758846837,0.4496515917475064,0.6316436671676459,0.3613881677824839,0.6599262194288837,0.8509359202076786,0.7375373840332031,N200_O1_I200_OBJECTIVE_017_381a27617c,NESTED_INNER_SCREEN,adaptive_resnet,derivatives_zscore,5.0,none,ordinal,huber,jitter_scale,none,271829,925183,925183,29226,7319,9.654443264007568,1,I200_OBJECTIVE_017_381a27617c,ok,137
1,0.6198500071475709,13.401677131652832,8.640830039978027,11.02125358581543,13.401677131652832,16.734737396240234,11.103370666503906,3.5708167552948,0.13482765853405,0.4009520802121188,0.4874814029846001,0.7315413951873779,3717,14.858765602111816,8.958563804626465,566,21.67890739440918,14.979398727416992,4432,13.4365873336792,7.589381217956543,0.0,1.0,0.2254406339663888,0.4499248531220112,0.6274081158628227,0.3664435032108211,0.65159174750649,0.8460172154665938,0.7450394630432129,N200_O1_I200_OBJECTIVE_018_5c36d0c5e8,NESTED_INNER_SCREEN,adaptive_resnet,derivatives_zscore,5.0,none,multitask,multitask,jitter_scale,none,271829,924793,924793,29226,7319,7.59325909614563,1,I200_OBJECTIVE_018_5c36d0c5e8,ok,138
1,0.6953108598983365,13.225750923156738,8.652745246887207,10.939248085021973,13.225750923156738,16.45470428466797,11.08891487121582,2.452436923980713,0.1516265571117401,0.3984986650302857,0.4856502397964091,0.7270881533622742,3717,14.580887794494627,9.047471046447754,566,23.73411750793457,15.099082946777344,4432,13.021429061889648,7.597541809082031,0.0,1.0,0.2288564011476977,0.4481486541877306,0.6321901899166553,0.3622079519059981,0.6485858723869381,0.8464271075283508,0.7406609058380127,N200_O1_I200_OBJECTIVE_019_66d7a8f534,NESTED_INNER_SCREEN,adaptive_resnet,derivatives_zscore,5.0,none,multitask,multitask,jitter_scale,none,271829,924793,924793,29226,7319,7.759371757507324,1,I200_OBJECTIVE_019_66d7a8f534,ok,139
3,0.6919929377393785,12.96918773651123,8.677380561828613,10.823284149169922,12.96918773651123,16.20294952392578,11.140914916992188,0.3149107098579407,-0.2679780125617981,0.4254818135616117,0.4805498179348833,0.7208919525146484,3717,13.4644136428833,8.891801834106445,566,23.635120391845703,15.743595123291016,4432,12.28087329864502,7.444300651550293,0.0,1.0,0.2351414127613061,0.4637245525344992,0.6447602131438721,0.3537368492963519,0.6533679464407706,0.8462904768410985,0.7265727519989014,N200_O1_I200_OBJECTIVE_020_34c60ebb0e,NESTED_INNER_SCREEN,adaptive_resnet,derivatives_zscore,5.0,none,multitask,multitask,jitter_scale,none,271829,924793,924793,29226,7319,13.011354684829712,1,I200_OBJECTIVE_020_34c60ebb0e,ok,140
5,0.5294631400139503,13.161264419555664,8.57756233215332,10.869413375854492,13.161264419555664,16.507728576660156,11.06695556640625,-3.392283201217652,-0.5109946727752686,0.4332739290022399,0.4891203480995114,0.7221874594688416,3717,12.696030616760254,8.74563980102539,566,26.72201156616211,15.615013122558594,4432,11.673131942749023,7.235716342926025,0.0282685512367491,0.9998519176662224,0.2421095778111764,0.4515644213690394,0.6335564967891788,0.3590654460991939,0.659243065992622,0.8518923350184452,0.7206460237503052,N200_O1_I200_OBJECTIVE_021_82f0a5d7c2,NESTED_INNER_SCREEN,adaptive_resnet,multiview_zscore,10.0,none,direct,huber,jitter_scale,none,271829,926775,926775,29226,7319,21.71248888969421,1,I200_OBJECTIVE_021_82f0a5d7c2,ok,141
1,0.523123057839138,13.22974967956543,8.535175323486328,10.88246250152588,13.22974967956543,16.4942684173584,11.060402870178224,2.6420834064483643,-0.9457783102989196,0.4020248885325696,0.4915930634704547,0.7223701477050781,3717,14.5144681930542,8.527600288391113,566,22.764766693115234,16.535369873046875,4432,13.0685396194458,6.872241973876953,0.0,1.0,0.230495969394726,0.4495149610602541,0.6332832354146741,0.3657603497745593,0.6666211231042493,0.8510725508949311,0.731316089630127,N200_O1_I200_OBJECTIVE_022_e0b59285b3,NESTED_INNER_SCREEN,adaptive_resnet,multiview_zscore,10.0,none,direct,huber,jitter_scale,none,271829,926775,926775,29226,7319,13.116006135940552,1,I200_OBJECTIVE_022_e0b59285b3,ok,142
1,0.3730042091771668,13.323129653930664,8.626747131347656,10.97493839263916,13.323129653930664,16.64133071899414,11.04629135131836,3.3992178440093994,0.2379223555326461,0.4046122188961599,0.4889763011134197,0.7287559509277344,3717,14.741255760192873,9.140604972839355,566,21.730632781982425,15.331758499145508,4432,13.340633392333984,7.5658721923828125,0.0,1.0,0.2270802022134171,0.4526574668670583,0.6291843147971035,0.3641207815275311,0.6555540374368083,0.8488864598988933,0.7439947724342346,N200_O1_I200_OBJECTIVE_023_5fff5c4908,NESTED_INNER_SCREEN,adaptive_resnet,multiview_zscore,10.0,none,direct,huber,jitter_scale,none,271829,926775,926775,29226,7319,13.149490356445312,1,I200_OBJECTIVE_023_5fff5c4908,ok,143
3,0.684096245594274,13.129619598388672,8.685810089111328,10.90771484375,13.129619598388672,16.535696029663086,11.185407638549805,1.3503940105438232,-0.2861389815807342,0.4265976144724815,0.485299715356662,0.7257457375526428,3717,13.595087051391602,8.699505805969238,566,21.28520393371582,15.36310863494873,4432,12.600327491760254,7.437008380889893,0.0689045936395759,0.9946690359840072,0.2341849979505396,0.4638611832217516,0.6454433665801339,0.3608416450334745,0.6522749009427518,0.8412351414127613,0.7291558384895325,N200_O1_I200_OBJECTIVE_024_ace6c807b9,NESTED_INNER_SCREEN,adaptive_resnet,multiview_zscore,10.0,none,direct,l1,jitter_scale,none,271829,926775,926775,29226,7319,21.089308977127075,1,I200_OBJECTIVE_024_ace6c807b9,ok,144
1,0.3291764855384826,13.251250267028809,8.583558082580566,10.917404174804688,13.251250267028809,16.488948822021484,11.02353858947754,2.785718441009521,-0.1017153933644294,0.4014611769543273,0.4917807330853403,0.7249619960784912,3717,14.636719703674316,8.929699897766113,566,23.06315803527832,15.643224716186523,4432,13.140939712524414,7.358235836029053,0.0,1.0,0.2232545429703511,0.4522475748053012,0.6295942068588605,0.3671266566470829,0.6636152479846974,0.8510725508949311,0.7382488250732422,N200_O1_I200_OBJECTIVE_025_2b63330c7f,NESTED_INNER_SCREEN,adaptive_resnet,multiview_zscore,10.0,none,direct,logcosh,jitter_scale,none,271829,926775,926775,29226,7319,12.654235124588013,1,I200_OBJECTIVE_025_2b63330c7f,ok,145
1,0.5390736359396792,13.324652671813965,8.524643898010254,10.92464828491211,13.324652671813965,16.648717880249023,11.007806777954102,3.4415388107299805,-0.5079602003097534,0.4060347501450493,0.4949200999692379,0.7246037721633911,3717,14.718204498291016,8.714152336120605,566,21.683971405029297,16.076416015625,4432,13.30324649810791,7.077626705169678,0.0,1.0,0.2276267249624265,0.4480120235004782,0.6294575761716081,0.3687662248941112,0.6641617707337067,0.8521655963929499,0.7363385558128357,N200_O1_I200_OBJECTIVE_026_429b18c57c,NESTED_INNER_SCREEN,adaptive_resnet,multiview_zscore,10.0,none,direct,huber_ccc,jitter_scale,none,271829,926775,926775,29226,7319,12.737264633178713,1,I200_OBJECTIVE_026_429b18c57c,ok,146
1,0.560274346396814,13.39959716796875,8.593399047851562,10.996498107910156,13.39959716796875,16.750717163085938,11.03102970123291,3.741811513900757,0.1554626375436782,0.4034634610491223,0.4907443339290893,0.7295342683792114,3717,14.860148429870604,9.076581954956056,566,21.16765213012696,15.341022491455078,4432,13.49221420288086,7.503018856048584,0.0,1.0,0.2240743270938653,0.4459625631916928,0.6271348544883181,0.3686295942068588,0.6570569749965842,0.8490230905861457,0.7447560429573059,N200_O1_I200_OBJECTIVE_027_492cab1d85,NESTED_INNER_SCREEN,adaptive_resnet,multiview_zscore,10.0,none,direct,huber_ccc,jitter_scale,none,271829,926775,926775,29226,7319,12.841705322265623,1,I200_OBJECTIVE_027_492cab1d85,ok,147
1,0.5937282569657744,13.252264976501465,8.56143856048584,10.906851768493652,13.252264976501465,16.573030471801758,11.00539207458496,2.954428434371948,0.0441099479794502,0.407735717368406,0.495793154344754,0.7240817546844482,3717,14.446324348449709,8.87857723236084,566,21.581619262695312,15.054366111755373,4432,13.163044929504396,7.419156074523926,0.0,1.0,0.2315890148927449,0.4542970351140866,0.6308238830441317,0.3676731793960923,0.6600628501161361,0.8507992895204263,0.7357261776924133,N200_O1_I200_OBJECTIVE_028_2ead73d1c4,NESTED_INNER_SCREEN,adaptive_resnet,multiview_zscore,10.0,none,direct,huber_ccc,jitter_scale,none,271829,926775,926775,29226,7319,12.76270031929016,1,I200_OBJECTIVE_028_2ead73d1c4,ok,148
1,0.6631970826317283,13.440235137939451,8.698590278625488,11.069412231445312,13.440235137939451,17.01811408996582,11.14911937713623,3.4281787872314453,0.5927557349205017,0.4085818626961057,0.492096724361282,0.7349978089332581,3717,14.33783721923828,8.984862327575684,566,19.43515014648437,14.111380577087402,4432,13.377289772033691,7.7878851890563965,0.0742049469964664,0.9927439656448984,0.2350047820740538,0.4549801885503484,0.6294575761716081,0.3590654460991939,0.6524115316300041,0.8417816641617707,0.7442429065704346,N200_O1_I200_OBJECTIVE_029_26d6c1ef0d,NESTED_INNER_SCREEN,adaptive_resnet,multiview_zscore,10.0,none,direct,huber_ccc,jitter_scale,none,271829,926775,926775,29226,7319,12.751169204711914,1,I200_OBJECTIVE_029_26d6c1ef0d,ok,149
5,0.4527118336531072,12.966523170471191,8.768205642700195,10.867364883422852,12.966523170471191,16.2793025970459,11.105621337890623,-1.1485183238983154,1.2215576171875,0.4305517783898667,0.4919757100367535,0.7245486974716187,3717,12.813191413879396,9.73133373260498,566,24.42100524902344,14.407988548278809,4432,11.812100410461426,8.210376739501953,0.0706713780918728,0.996446023989338,0.2426561005601858,0.4650908594070228,0.6384752015302637,0.3393906271348544,0.6429840142095915,0.8424648175980325,0.7333642244338989,N200_O1_I200_OBJECTIVE_030_c434aa0ee6,NESTED_INNER_SCREEN,adaptive_resnet,multiview_zscore,10.0,none,direct,asymmetric_high,jitter_scale,none,271829,926775,926775,29226,7319,21.12468647956848,1,I200_OBJECTIVE_030_c434aa0ee6,ok,150
5,0.4738942328231786,12.859052658081056,8.605722427368164,10.73238754272461,12.859052658081056,16.094316482543945,11.015361785888672,-0.2775745689868927,0.3307341039180755,0.4359802121901621,0.4932230589597366,0.7148535251617432,3717,13.150056838989258,9.236207008361816,566,24.012331008911133,15.123112678527832,4432,11.985660552978516,7.619665145874023,0.058303886925795,0.997186435658226,0.240060117502391,0.4652274900942751,0.6429840142095915,0.3531903265473425,0.659243065992622,0.8528487498292117,0.7233734130859375,N200_O1_I200_OBJECTIVE_031_d40db3fa0f,NESTED_INNER_SCREEN,adaptive_resnet,multiview_zscore,10.0,none,direct,asymmetric_high,jitter_scale,none,271829,926775,926775,29226,7319,21.080594062805176,1,I200_OBJECTIVE_031_d40db3fa0f,ok,151
1,0.695104811705795,13.331758499145508,8.55610466003418,10.943931579589844,13.331758499145508,16.628517150878906,11.012530326843262,3.3680808544158936,-0.238997146487236,0.4024883714551233,0.4929827185520173,0.7260960340499878,3717,14.78304672241211,8.901095390319824,566,21.987016677856445,15.871763229370115,4432,13.34158420562744,7.262491703033447,0.0,1.0,0.2298128159584642,0.4477387621259734,0.6280912692990845,0.3680830714578494,0.6599262194288837,0.8531220112037163,0.7398332357406616,N200_O1_I200_OBJECTIVE_032_702a3db04d,NESTED_INNER_SCREEN,adaptive_resnet,multiview_zscore,10.0,none,direct,focal_huber,jitter_scale,none,271829,926775,926775,29226,7319,12.58509111404419,1,I200_OBJECTIVE_032_702a3db04d,ok,152
1,0.8613827980421727,13.25803565979004,8.558206558227539,10.908121109008787,13.25803565979004,16.532594680786133,11.045727729797363,3.059084177017212,-0.3905597627162933,0.4039595200593914,0.4903699026815922,0.7241110801696777,3717,14.64480686187744,8.679582595825195,566,22.542808532714844,15.68848705291748,4432,13.178263664245604,7.175451755523682,0.0,1.0,0.2284465090859407,0.4527940975543107,0.6283645306735893,0.3683563328323541,0.6595163273671266,0.8506626588331739,0.7350983619689941,N200_O1_I200_OBJECTIVE_033_9e0e800ed9,NESTED_INNER_SCREEN,adaptive_resnet,multiview_zscore,10.0,none,direct,focal_huber,jitter_scale,none,271829,926775,926775,29226,7319,12.653974533081056,1,I200_OBJECTIVE_033_9e0e800ed9,ok,153
1,0.523123057839138,13.22974967956543,8.535175323486328,10.88246250152588,13.22974967956543,16.4942684173584,11.060402870178224,2.6420834064483643,-0.9457783102989196,0.4020248885325696,0.4915930634704547,0.7223701477050781,3717,14.5144681930542,8.527600288391113,566,22.764766693115234,16.535369873046875,4432,13.0685396194458,6.872241973876953,0.0,1.0,0.230495969394726,0.4495149610602541,0.6332832354146741,0.3657603497745593,0.6666211231042493,0.8510725508949311,0.731316089630127,N200_O1_I200_OBJECTIVE_034_ef476d7c92,NESTED_INNER_SCREEN,adaptive_resnet,multiview_zscore,10.0,none,direct,physiology_huber,jitter_scale,none,271829,926775,926775,29226,7319,12.73069953918457,1,I200_OBJECTIVE_034_ef476d7c92,ok,154
1,0.523123057839138,13.22974967956543,8.535175323486328,10.88246250152588,13.22974967956543,16.4942684173584,11.060402870178224,2.6420834064483643,-0.9457783102989196,0.4020248885325696,0.4915930634704547,0.7223701477050781,3717,14.5144681930542,8.527600288391113,566,22.764766693115234,16.535369873046875,4432,13.0685396194458,6.872241973876953,0.0,1.0,0.230495969394726,0.4495149610602541,0.6332832354146741,0.3657603497745593,0.6666211231042493,0.8510725508949311,0.731316089630127,N200_O1_I200_OBJECTIVE_035_aa574dddbd,NESTED_INNER_SCREEN,adaptive_resnet,multiview_zscore,10.0,none,direct,physiology_huber,jitter_scale,none,271829,926775,926775,29226,7319,12.899506330490112,1,I200_OBJECTIVE_035_aa574dddbd,ok,155
3,0.5566626177504171,13.108963012695312,8.697866439819336,10.903414726257324,13.108963012695312,16.394777297973633,11.182405471801758,1.1639440059661863,-0.1580429375171661,0.421160294866109,0.481731732182749,0.7256606817245483,3717,13.75852394104004,8.799283981323242,566,21.943681716918945,15.295610427856444,4432,12.681681632995604,7.4868245124816895,0.0547703180212014,0.9991115059973346,0.2303593387074737,0.458669217106162,0.6428473835223392,0.3581090312884273,0.6514551168192376,0.8445142779068179,0.7312648296356201,N200_O1_I200_OBJECTIVE_036_26f9e5719b,NESTED_INNER_SCREEN,adaptive_resnet,multiview_zscore,10.0,none,clinical,huber,jitter_scale,none,271829,927295,927295,29226,7319,25.39027309417725,1,I200_OBJECTIVE_036_26f9e5719b,ok,156
1,0.5565550290291605,13.215304374694824,8.522214889526367,10.868759155273438,13.215304374694824,16.48086166381836,11.062745094299316,2.718346357345581,-1.2308181524276731,0.4043473543222931,0.4952024252224067,0.7214317321777344,3717,14.541434288024902,8.313056945800781,566,22.77168846130371,16.72664451599121,4432,13.070432662963867,6.706502914428711,0.0,1.0,0.2314523842054925,0.4508812679327777,0.6328733433529171,0.3710889465774012,0.6666211231042493,0.8494329826479027,0.7285980582237244,N200_O1_I200_OBJECTIVE_037_e063e94f84,NESTED_INNER_SCREEN,adaptive_resnet,multiview_zscore,10.0,none,ordinal,huber,jitter_scale,none,271829,927295,927295,29226,7319,15.202078819274902,1,I200_OBJECTIVE_037_e063e94f84,ok,157
3,0.5574335827936534,13.01633071899414,8.766950607299805,10.891640663146973,13.01633071899414,16.371135711669922,11.312744140625,-0.0324069745838642,-0.7147670984268188,0.431353672433424,0.472803593000144,0.7258964776992798,3717,13.265562057495115,8.612650871276855,566,22.64728546142578,15.971967697143556,4432,12.306721687316896,7.342953681945801,0.0530035335689045,0.9994076706648896,0.2397868561278863,0.4619483536002186,0.6432572755840962,0.3597485995354557,0.6457166279546386,0.8380926356059571,0.7260622382164001,N200_O1_I200_OBJECTIVE_038_5c67535776,NESTED_INNER_SCREEN,adaptive_resnet,multiview_zscore,10.0,none,multitask,multitask,jitter_scale,none,271829,926905,926905,29226,7319,22.039558172225952,1,I200_OBJECTIVE_038_5c67535776,ok,158
4,0.5974272602523854,13.052860260009766,8.616555213928223,10.834707260131836,13.052860260009766,16.26806640625,11.07560920715332,2.4885048866271973,-0.26441690325737,0.4293361536081109,0.4895893666537396,0.7207437753677368,3717,14.13066577911377,8.726676940917969,566,21.861034393310547,15.607354164123535,4432,12.837942123413086,7.314244747161865,0.0494699646643109,0.9958536946542278,0.2321355376417543,0.4608553081021997,0.6350594343489547,0.3612515370952316,0.6571936056838366,0.8488864598988933,0.7294453382492065,N200_O1_I200_OBJECTIVE_039_658a4fb05c,NESTED_INNER_SCREEN,adaptive_resnet,multiview_zscore,10.0,none,multitask,multitask,jitter_scale,none,271829,926905,926905,29226,7319,22.033482551574707,1,I200_OBJECTIVE_039_658a4fb05c,ok,159
5,0.6374721133631039,12.884939193725586,8.890223503112793,10.887580871582031,12.884939193725586,16.150266647338867,11.215282440185549,-0.7122309803962708,1.540958285331726,0.4307186122920727,0.4802127156005879,0.7272696495056152,3717,13.193231582641602,10.217731475830078,566,24.49498176574707,14.493229866027832,4432,12.00821304321289,8.613682746887207,0.0459363957597173,0.998223011994669,0.2421095778111764,0.464407705970761,0.6487225030741904,0.3339253996447602,0.6317802978548982,0.8389124197294713,0.7430703639984131,N200_O1_I200_OBJECTIVE_040_6935a67a67,NESTED_INNER_SCREEN,adaptive_resnet,multiview_zscore,10.0,none,multitask,multitask,jitter_scale,none,271829,926905,926905,29226,7319,22.06794214248657,1,I200_OBJECTIVE_040_6935a67a67,ok,160
3,0.6239919019680397,12.97209358215332,8.584722518920898,10.77840805053711,12.97209358215332,16.22614288330078,11.00936794281006,2.1598992347717285,0.0122201237827539,0.4349827718700164,0.4962602182357999,0.7171667218208313,3717,13.914926528930664,8.877203941345215,566,22.018325805664062,15.411681175231934,4432,12.686397552490234,7.471749305725098,0.0123674911660777,1.0,0.2303593387074737,0.4646809673452657,0.6472195655144145,0.3583822926629321,0.6567837136220795,0.8502527667714168,0.7267932891845703,N200_O1_I200_TRAIN_001_e869218e48,NESTED_INNER_SCREEN,adaptive_resnet,multiview_zscore,10.0,none,multitask,multitask,none,none,271829,705721,705721,29226,7319,21.32137036323548,1,I200_TRAIN_001_e869218e48,ok,161
5,0.5800521305573532,12.947997093200684,8.65432357788086,10.80116081237793,12.947997093200684,16.242277145385742,11.217623710632324,-0.9568178057670592,-1.4786702394485474,0.4272769153363526,0.4833503871512083,0.7193492650985718,3717,12.96074390411377,8.177925109863281,566,24.596755981445312,16.767793655395508,4432,11.898639678955078,6.775772571563721,0.03886925795053,0.9980749296608916,0.2407432709386528,0.460582046727695,0.6423008607733297,0.3582456619756797,0.6608826342396502,0.8471102609646126,0.7145455479621887,N200_O1_I200_TRAIN_002_f0d192a0e6,NESTED_INNER_SCREEN,adaptive_resnet,multiview_zscore,10.0,none,multitask,multitask,mask,none,271829,705721,705721,29226,7319,20.905157804489136,1,I200_TRAIN_002_f0d192a0e6,ok,162
5,0.5833720888187682,12.869622230529783,8.612974166870117,10.74129867553711,12.869622230529783,16.15366554260254,11.164876937866213,-0.8102412819862366,-1.3540334701538086,0.4346941475829565,0.4884322334429959,0.7154484391212463,3717,12.906572341918944,8.191156387329102,566,24.220468521118164,16.397478103637695,4432,11.836297988891602,6.817313194274902,0.0494699646643109,0.998223011994669,0.2430659926219429,0.4685066265883317,0.6447602131438721,0.3613881677824839,0.6642984014209592,0.8499795053969121,0.71137535572052,N200_O1_I200_TRAIN_003_7a8882a0ec,NESTED_INNER_SCREEN,adaptive_resnet,multiview_zscore,10.0,none,multitask,multitask,amplitude_warp,none,271829,705721,705721,29226,7319,21.37033534049988,1,I200_TRAIN_003_7a8882a0ec,ok,163
5,0.5968107226627325,12.814300537109377,8.597677230834961,10.705988883972168,12.814300537109377,16.07718849182129,11.11356258392334,-0.2681827247142792,-1.1888681650161743,0.4374488426946352,0.4925893533445073,0.7132656574249268,3717,13.055907249450684,8.242520332336426,566,23.963207244873047,16.226581573486328,4432,11.90028953552246,6.866537094116211,0.0371024734982332,0.999259588331112,0.243885776745457,0.4690531493373411,0.6491323951359476,0.3611149064079792,0.6608826342396502,0.8497062440224075,0.7113147974014282,N200_O1_I200_TRAIN_004_ea1cf9350e,NESTED_INNER_SCREEN,adaptive_resnet,multiview_zscore,10.0,none,multitask,multitask,compound_morphology,none,271829,705721,705721,29226,7319,21.45847463607788,1,I200_TRAIN_004_ea1cf9350e,ok,164
3,0.6263753510768117,12.954427719116213,8.733596801757812,10.844012260437012,12.954427719116213,16.25445556640625,11.204083442687988,1.1659711599349976,-0.1192375943064689,0.4344434698040539,0.4769016296825999,0.7227869033813477,3717,13.557791709899902,8.982688903808594,566,22.215866088867188,15.472155570983888,4432,12.430521965026855,7.618780136108398,0.0265017667844522,0.9998519176662224,0.2313157535182401,0.4668670583413034,0.6461265200163957,0.3490914059297718,0.6498155485722094,0.8412351414127613,0.7295833826065063,N200_O1_I200_TRAIN_005_40f0734fee,NESTED_INNER_SCREEN,adaptive_resnet,multiview_zscore,10.0,none,multitask,multitask,none,none,271829,705721,705721,29226,7319,21.359495878219604,1,I200_TRAIN_005_40f0734fee,ok,165
5,0.5835932890574137,12.85365390777588,8.748493194580078,10.80107307434082,12.85365390777588,16.13157081604004,11.114300727844238,-0.9801141023635864,0.5852318406105042,0.4333365042563801,0.4827396792545805,0.7205676436424255,3717,12.99325180053711,9.4903564453125,566,24.74896049499512,15.057649612426758,4432,11.837900161743164,7.958266258239746,0.0459363957597173,0.998223011994669,0.2434758846836999,0.466320535592294,0.6444869517693674,0.344582593250444,0.6425741221478344,0.8380926356059571,0.7291680574417114,N200_O1_I200_TRAIN_006_aae6ff34ee,NESTED_INNER_SCREEN,adaptive_resnet,multiview_zscore,10.0,none,multitask,multitask,mask,none,271829,705721,705721,29226,7319,21.333263158798218,1,I200_TRAIN_006_aae6ff34ee,ok,166
3,0.6268335000362272,12.898721694946287,8.659778594970703,10.779250144958496,12.898721694946287,16.169740676879883,11.17105770111084,1.6317169666290283,-0.5370618104934692,0.4410652980327908,0.4854708189509389,0.718189001083374,3717,13.65567684173584,8.628835678100586,566,21.79781723022461,15.560489654541016,4432,12.51222801208496,7.3408284187316895,0.0229681978798586,0.9998519176662224,0.2373275037573439,0.4683699959010793,0.6454433665801339,0.3576991392266703,0.6547342533132942,0.845334062030332,0.7231879830360413,N200_O1_I200_TRAIN_007_cf4e7cbc89,NESTED_INNER_SCREEN,adaptive_resnet,multiview_zscore,10.0,none,multitask,multitask,amplitude_warp,none,271829,705721,705721,29226,7319,21.384211778640747,1,I200_TRAIN_007_cf4e7cbc89,ok,167
5,0.5963246974290586,12.76490879058838,8.60560417175293,10.685256958007812,12.76490879058838,16.051776885986328,11.034585952758787,-2.0482940673828125,-0.2330382615327835,0.4407930840455288,0.4898779876943896,0.7122036218643188,3717,12.709228515625,9.014657020568848,566,26.883777618408203,16.20992660522461,4432,11.406401634216309,7.340358257293701,0.0300353356890459,0.9998519176662224,0.2524935100423555,0.4670036890285558,0.6440770597076103,0.3570159857904085,0.6589698046181173,0.8539417953272305,0.7160140872001648,N200_O1_I200_TRAIN_008_943f584d06,NESTED_INNER_SCREEN,adaptive_resnet,multiview_zscore,10.0,none,multitask,multitask,compound_morphology,none,271829,705721,705721,29226,7319,21.32271432876587,1,I200_TRAIN_008_943f584d06,ok,168
3,0.6232743793063693,12.93608856201172,8.624917030334473,10.780502319335938,12.93608856201172,16.233516693115234,11.069263458251951,1.4008917808532717,-0.1355589628219604,0.4377521341191587,0.4916165054265479,0.7178065180778503,3717,13.52977180480957,8.803635597229004,566,21.77605438232422,15.349971771240234,4432,12.436267852783203,7.426946640014648,0.0406360424028268,0.999259588331112,0.2319989069545019,0.4642710752835087,0.6499521792594617,0.3564694630413991,0.6526847930045088,0.8449241699685749,0.7238122224807739,N200_O1_I200_TRAIN_009_527a78f50d,NESTED_INNER_SCREEN,adaptive_resnet,multiview_zscore,10.0,none,multitask,multitask,none,none,271829,705721,705721,29226,7319,21.29340648651123,1,I200_TRAIN_009_527a78f50d,ok,169
4,0.5953047600836535,12.907002449035645,8.662846565246582,10.784924507141112,12.907002449035645,16.18977165222168,11.101532936096191,0.927998185157776,0.1014060080051422,0.4374562492315351,0.4910388526274655,0.7185477018356323,3717,13.323932647705078,8.879196166992188,566,22.24108123779297,14.91629695892334,4432,12.279508590698242,7.575039386749268,0.0636042402826855,0.9965941063231156,0.2367809810083344,0.4683699959010793,0.6461265200163957,0.3605683836589698,0.6489957644486952,0.8462904768410985,0.7236983776092529,N200_O1_I200_TRAIN_010_fa743a5848,NESTED_INNER_SCREEN,adaptive_resnet,multiview_zscore,10.0,none,multitask,multitask,mask,none,271829,705721,705721,29226,7319,21.28463912010193,1,I200_TRAIN_010_fa743a5848,ok,170
3,0.6240227600328283,12.907033920288086,8.5905122756958,10.748773574829102,12.907033920288086,16.170122146606445,11.085044860839844,2.098915338516236,-0.4240669012069702,0.4428337278579413,0.4914310264658585,0.7155766487121582,3717,13.769527435302734,8.63864517211914,566,21.606225967407227,15.621865272521973,4432,12.57801628112793,7.274991035461426,0.03886925795053,0.9995557529986672,0.236234458259325,0.4638611832217516,0.6485858723869381,0.3576991392266703,0.6563738215603224,0.8494329826479027,0.7221291661262512,N200_O1_I200_TRAIN_011_48709fa5af,NESTED_INNER_SCREEN,adaptive_resnet,multiview_zscore,10.0,none,multitask,multitask,amplitude_warp,none,271829,705721,705721,29226,7319,20.871180057525635,1,I200_TRAIN_011_48709fa5af,ok,171
5,0.5856986036098081,12.79804801940918,8.616683006286621,10.707365036010742,12.79804801940918,16.067045211791992,11.17307186126709,-1.632157325744629,-1.6345385313034058,0.4414580180936667,0.4887196557894744,0.7135899066925049,3717,12.706087112426758,8.136271476745605,566,25.65545082092285,17.031356811523438,4432,11.515070915222168,6.619938850402832,0.0406360424028268,0.9988153413297792,0.2459352370542424,0.4657740128432846,0.6476294575761716,0.3643940429020358,0.6644350321082115,0.8490230905861457,0.7080094814300537,N200_O1_I200_TRAIN_012_8d7ec3f701,NESTED_INNER_SCREEN,adaptive_resnet,multiview_zscore,10.0,none,multitask,multitask,compound_morphology,none,271829,705721,705721,29226,7319,21.40748286247253,1,I200_TRAIN_012_8d7ec3f701,ok,172
5,0.557452376956254,12.9104585647583,8.604161262512207,10.757309913635254,12.9104585647583,16.202877044677734,11.143664360046388,-2.1476919651031494,-1.1685689687728882,0.4358349354078778,0.4853704009969375,0.7162337303161621,3717,12.74968719482422,8.404379844665527,566,26.089359283447266,16.570056915283203,4432,11.565834999084473,6.8866777420043945,0.0441696113074204,0.9991115059973346,0.2452520836179806,0.4626315070364803,0.6417543380243202,0.3635742587785217,0.665391446918978,0.8480666757753792,0.7130524516105652,N200_O1_I200_TRAIN_013_06fc2d91b6,NESTED_INNER_SCREEN,adaptive_resnet,multiview_zscore,10.0,none,multitask,multitask,none,none,271829,705721,705721,29226,7319,21.277761936187744,1,I200_TRAIN_013_06fc2d91b6,ok,173
1,0.7010816775895412,13.038341522216797,8.589863777160645,10.814102172851562,13.038341522216797,16.23203468322754,11.142823219299316,1.3303732872009275,-1.122431755065918,0.4082625208435712,0.4822022538866867,0.7192392349243164,3717,14.106489181518556,8.51368236541748,566,24.77313995361328,16.837194442749023,4432,12.564005851745604,6.853729248046875,0.0,1.0,0.2329553217652684,0.454843557863096,0.6384752015302637,0.3660336111490641,0.6645716627954639,0.8471102609646126,0.7259593605995178,N200_O1_I200_TRAIN_014_ed4d0bc107,NESTED_INNER_SCREEN,adaptive_resnet,multiview_zscore,10.0,none,multitask,multitask,mask,none,271829,705721,705721,29226,7319,12.717144012451172,1,I200_TRAIN_014_ed4d0bc107,ok,174
5,0.5642829338709513,12.938447952270508,8.598514556884766,10.768481254577637,12.938447952270508,16.245887756347656,11.128739356994627,-1.93984055519104,-1.0205957889556885,0.4320481882084607,0.4851378947607478,0.7167880535125732,3717,12.809289932250977,8.506280899047852,566,25.95901679992676,16.613889694213867,4432,11.629225730895996,6.945786476135254,0.03886925795053,0.9977787649933364,0.2391037026916245,0.4629047684109851,0.6427107528350867,0.3643940429020358,0.6597895887416314,0.8490230905861457,0.7149335145950317,N200_O1_I200_TRAIN_015_7a9222a663,NESTED_INNER_SCREEN,adaptive_resnet,multiview_zscore,10.0,none,multitask,multitask,amplitude_warp,none,271829,705721,705721,29226,7319,21.380483627319336,1,I200_TRAIN_015_7a9222a663,ok,175
5,0.57755109940479,12.810948371887209,8.565011978149414,10.687980651855469,12.810948371887209,16.066028594970703,11.144205093383787,-2.026906013488769,-1.4940664768218994,0.4467885299826864,0.4893774005165383,0.711829423904419,3717,12.702004432678224,8.22784423828125,566,25.929668426513672,16.90553092956543,4432,11.50404167175293,6.651212692260742,0.0424028268551236,0.9991115059973346,0.2436125153709523,0.4685066265883317,0.6476294575761716,0.3701325317666348,0.6667577537915016,0.8516190736439404,0.7076010704040527,N200_O1_I200_TRAIN_016_86ff396d16,NESTED_INNER_SCREEN,adaptive_resnet,multiview_zscore,10.0,none,multitask,multitask,compound_morphology,none,271829,705721,705721,29226,7319,21.40969491004944,1,I200_TRAIN_016_86ff396d16,ok,176
1,0.7019044869865467,13.207619667053224,8.692562103271484,10.950090408325195,13.207619667053224,16.4334659576416,11.13730812072754,2.629054069519043,0.1873193830251693,0.4045756141289864,0.4755248411909946,0.7282146215438843,3717,14.615168571472168,9.262655258178713,566,23.46619033813477,15.637155532836914,4432,13.056077003479004,7.639043807983398,0.0,1.0,0.2298128159584642,0.4493783303730018,0.6291843147971035,0.3613881677824839,0.6509085940702282,0.8439677551578084,0.7439567446708679,N200_O1_I200_TRAIN_017_37bb96d33b,NESTED_INNER_SCREEN,adaptive_resnet,multiview_zscore,10.0,none,multitask,multitask,none,none,271829,705721,705721,29226,7319,12.854286193847656,1,I200_TRAIN_017_37bb96d33b,ok,177
5,0.5858453736196156,12.866890907287598,8.746203422546387,10.806547164916992,12.866890907287598,16.11223030090332,11.094103813171388,0.0997866988182067,0.4675738215446472,0.4323563552363412,0.4838065047936326,0.7208454608917236,3717,13.28931713104248,9.474526405334473,566,23.80175018310547,15.306563377380373,4432,12.089765548706056,7.888687610626221,0.0530035335689045,0.9974826003257812,0.2418363164366716,0.4649542287197704,0.6446235824566198,0.3382975816368356,0.6447602131438721,0.8471102609646126,0.7312933802604675,N200_O1_I200_TRAIN_018_cf39a9f7d6,NESTED_INNER_SCREEN,adaptive_resnet,multiview_zscore,10.0,none,multitask,multitask,mask,none,271829,705721,705721,29226,7319,21.26705241203308,1,I200_TRAIN_018_cf39a9f7d6,ok,178
3,0.6262753995415432,13.048046112060549,8.801173210144043,10.924610137939451,13.048046112060549,16.427043914794922,11.314608573913574,0.7352836728096008,-0.2397225052118301,0.433829332796319,0.4733784726034248,0.7281936407089233,3717,13.404170989990234,8.813015937805176,566,21.57654571533203,15.271977424621582,4432,12.471586227416992,7.597840309143066,0.0636042402826855,0.9985191766622242,0.2339117365760349,0.4653641207815275,0.6435305369586009,0.3536002186090996,0.6481759803251811,0.8368629594206859,0.7308166027069092,N200_O1_I200_TRAIN_019_6221633710,NESTED_INNER_SCREEN,adaptive_resnet,multiview_zscore,10.0,none,multitask,multitask,amplitude_warp,none,271829,705721,705721,29226,7319,21.278090953826904,1,I200_TRAIN_019_6221633710,ok,179
1,0.7006649047720666,13.154587745666504,8.64208984375,10.898338317871094,13.154587745666504,16.400053024291992,11.066672325134276,2.436565399169922,0.1469204872846603,0.4069582767892382,0.4854717406703604,0.7246509790420532,3717,14.42926025390625,9.151657104492188,566,23.221893310546875,15.527612686157228,4432,12.940298080444336,7.5654215812683105,0.0,1.0,0.2309058614564831,0.4508812679327777,0.6326000819784123,0.3611149064079792,0.6548708840005465,0.8488864598988933,0.7388381958007812,N200_O1_I200_TRAIN_020_79f182bed4,NESTED_INNER_SCREEN,adaptive_resnet,multiview_zscore,10.0,none,multitask,multitask,compound_morphology,none,271829,705721,705721,29226,7319,12.78557300567627,1,I200_TRAIN_020_79f182bed4,ok,180
3,0.6398376245903813,12.83529281616211,8.56668472290039,10.70098876953125,12.83529281616211,16.01991081237793,11.131150245666504,0.9209023714065552,-1.2945715188980105,0.4354532127485507,0.4873780415296903,0.7125821113586426,3717,13.618465423583984,8.310808181762695,566,23.82708168029785,16.957332611083984,4432,12.282113075256348,6.7636308670043945,0.0,1.0,0.2344582593250444,0.468233365213827,0.6513184861319853,0.3639841508402787,0.6645716627954639,0.8510725508949311,0.7154548764228821,N200_O1_I200_TRAIN_021_a4bcb0138f,NESTED_INNER_SCREEN,adaptive_resnet,multiview_zscore,10.0,none,multitask,multitask,none,none,271829,705721,705721,29226,7319,21.095224380493164,1,I200_TRAIN_021_a4bcb0138f,ok,181
3,0.641695494355719,12.909834861755373,8.55174446105957,10.730789184570312,12.909834861755373,16.12070083618164,11.059652328491213,1.6640669107437134,-0.816834568977356,0.4302740203283349,0.4906457639584247,0.7140625715255737,3717,13.941225051879885,8.572856903076172,566,23.510639190673828,16.61832618713379,4432,12.520759582519531,7.002885341644287,0.0,1.0,0.2309058614564831,0.4652274900942751,0.6466730427654052,0.3619346905314933,0.6640251400464544,0.8499795053969121,0.7215238213539124,N200_O1_I200_TRAIN_022_55c81c0027,NESTED_INNER_SCREEN,adaptive_resnet,multiview_zscore,10.0,none,multitask,multitask,mask,none,271829,705721,705721,29226,7319,21.43036675453186,1,I200_TRAIN_022_55c81c0027,ok,182
3,0.6434328556060791,13.01480484008789,8.536808967590332,10.775806427001951,13.01480484008789,16.237783432006836,11.057767868041992,2.437142848968506,-0.8878206014633179,0.4273586121173217,0.4919368422026878,0.7163981795310974,3717,14.255672454833984,8.48832893371582,566,22.831832885742188,16.574697494506836,4432,12.822839736938477,6.948057174682617,0.0,1.0,0.228173247711436,0.4588058477934144,0.6435305369586009,0.359885230222708,0.6660746003552398,0.8505260281459216,0.7246159911155701,N200_O1_I200_TRAIN_023_92f2c0f793,NESTED_INNER_SCREEN,adaptive_resnet,multiview_zscore,10.0,none,multitask,multitask,amplitude_warp,none,271829,705721,705721,29226,7319,21.481252908706665,1,I200_TRAIN_023_92f2c0f793,ok,183
3,0.6433713965945773,12.995448112487791,8.55411434173584,10.774781227111816,12.995448112487791,16.223770141601562,11.038082122802734,2.365495681762696,-0.6368833780288696,0.4289307094433712,0.4921664271176734,0.7165653705596924,3717,14.16794204711914,8.643512725830078,566,22.692852020263672,16.37103271484375,4432,12.767993927001951,7.101564407348633,0.0,1.0,0.2276267249624265,0.4598988932914332,0.6431206448968438,0.3592020767864462,0.6619756797376691,0.8527121191419593,0.7257190942764282,N200_O1_I200_TRAIN_024_118fc735bf,NESTED_INNER_SCREEN,adaptive_resnet,multiview_zscore,10.0,none,multitask,multitask,compound_morphology,none,271829,705721,705721,29226,7319,21.488476514816284,1,I200_TRAIN_024_118fc735bf,ok,184
3,0.6309664494851056,12.874737739562988,8.609679222106934,10.74220848083496,12.874737739562988,16.10002899169922,11.148529052734377,1.0664130449295044,-0.832796573638916,0.4346087316579127,0.482095184010151,0.7154567837715149,3717,13.595633506774902,8.526443481445312,566,23.189926147460938,16.419918060302734,4432,12.355963706970217,7.067451000213623,0.0017667844522968,1.0,0.2321355376417543,0.4693264107118459,0.6509085940702282,0.3608416450334745,0.6626588331739308,0.8445142779068179,0.7196654081344604,N200_O1_I200_TRAIN_025_5e9c83d41d,NESTED_INNER_SCREEN,adaptive_resnet,multiview_zscore,10.0,none,multitask,multitask,none,none,271829,705721,705721,29226,7319,21.416341304779053,1,I200_TRAIN_025_5e9c83d41d,ok,185
3,0.6355718822261087,12.96873950958252,8.555874824523926,10.762307167053224,12.96873950958252,16.20017433166504,11.053499221801758,2.2647879123687744,-0.636652946472168,0.4345742640558022,0.4917850871319793,0.7158872485160828,3717,14.02626132965088,8.567774772644043,566,22.251615524291992,16.16460418701172,4432,12.71123504638672,7.105508327484131,0.0,1.0,0.2302227080202213,0.4637245525344992,0.6458532586418909,0.3592020767864462,0.6611558956141549,0.8523022270802022,0.7234374284744263,N200_O1_I200_TRAIN_026_2e90055abd,NESTED_INNER_SCREEN,adaptive_resnet,multiview_zscore,10.0,none,multitask,multitask,mask,none,271829,705721,705721,29226,7319,21.38931107521057,1,I200_TRAIN_026_2e90055abd,ok,186
3,0.6341642601038117,12.934027671813965,8.579893112182617,10.756959915161133,12.934027671813965,16.16496467590332,11.088767051696776,1.927500367164612,-0.67933189868927,0.4361437793072839,0.4890632467858537,0.7158988118171692,3717,13.870999336242676,8.544408798217773,566,22.29303741455078,16.17444610595703,4432,12.620363235473633,7.124366760253906,0.0017667844522968,1.0,0.2309058614564831,0.466320535592294,0.6496789178849569,0.3627544746550075,0.6618390490504167,0.8498428747096598,0.7221155762672424,N200_O1_I200_TRAIN_027_6e03009c45,NESTED_INNER_SCREEN,adaptive_resnet,multiview_zscore,10.0,none,multitask,multitask,amplitude_warp,none,271829,705721,705721,29226,7319,21.523343801498413,1,I200_TRAIN_027_6e03009c45,ok,187
5,0.5967831368150275,12.833251953125,8.628564834594727,10.730908393859863,12.833251953125,16.105649948120117,11.195918083190918,-2.17036771774292,-1.4734569787979126,0.4401247953183602,0.4814374562568401,0.7150671482086182,3717,12.73313808441162,8.292170524597168,566,26.439451217651367,17.30464744567871,4432,11.516400337219238,6.706660747528076,0.0176678445229682,1.0,0.2434758846836999,0.4687798879628364,0.6438037983331056,0.361798059844241,0.6651181855444733,0.8499795053969121,0.7109087705612183,N200_O1_I200_TRAIN_028_924119312a,NESTED_INNER_SCREEN,adaptive_resnet,multiview_zscore,10.0,none,multitask,multitask,compound_morphology,none,271829,705721,705721,29226,7319,21.58407926559448,1,I200_TRAIN_028_924119312a,ok,188
3,0.6334227405342401,12.87687873840332,8.756175994873047,10.816527366638184,12.87687873840332,16.206478118896484,11.205852508544922,0.1179239228367805,-0.0081259896978735,0.4249750308718822,0.4774623678967881,0.7215358018875122,3717,13.222613334655762,8.916956901550293,566,23.34854888916016,15.299877166748049,4432,12.139421463012695,7.586678504943848,0.0106007067137809,1.0,0.2416996857494193,0.4711026096461265,0.6496789178849569,0.3544200027326137,0.6413444459625632,0.839185681103976,0.7256156802177429,N200_O1_I200_TRAIN_029_f57f4b8831,NESTED_INNER_SCREEN,adaptive_resnet,multiview_zscore,10.0,none,multitask,multitask,none,none,271829,705721,705721,29226,7319,21.76102066040039,1,I200_TRAIN_029_f57f4b8831,ok,189
3,0.6335005308288375,12.949313163757324,8.771145820617676,10.8602294921875,12.949313163757324,16.317691802978516,11.25269889831543,0.6639344692230225,-0.2511255145072937,0.4208774033558329,0.4783244266160884,0.7241859436035156,3717,13.319547653198242,8.675713539123535,566,22.700801849365234,15.2340087890625,4432,12.248079299926758,7.4814133644104,0.0406360424028268,0.998963423663557,0.2396502254406339,0.4652274900942751,0.6470829348271622,0.3538734799836043,0.6432572755840962,0.8376827435442,0.7258062362670898,N200_O1_I200_TRAIN_030_c5259795ea,NESTED_INNER_SCREEN,adaptive_resnet,multiview_zscore,10.0,none,multitask,multitask,mask,none,271829,705721,705721,29226,7319,21.275391817092896,1,I200_TRAIN_030_c5259795ea,ok,190
3,0.6354429912722968,12.818193435668944,8.733506202697754,10.775850296020508,12.818193435668944,16.07745361328125,11.116652488708496,-0.1072266325354576,0.3079278171062469,0.4297345730986692,0.4821941004669657,0.7189556360244751,3717,13.198671340942385,9.21040153503418,566,24.24199676513672,15.33458137512207,4432,11.994229316711426,7.75955867767334,0.0,1.0,0.241972947123924,0.4685066265883317,0.65159174750649,0.3478617297445006,0.6423008607733297,0.843011340347042,0.7265264987945557,N200_O1_I200_TRAIN_031_237e931217,NESTED_INNER_SCREEN,adaptive_resnet,multiview_zscore,10.0,none,multitask,multitask,amplitude_warp,none,271829,705721,705721,29226,7319,21.747091054916385,1,I200_TRAIN_031_237e931217,ok,191
5,0.6099193735060349,12.707305908203123,8.722057342529297,10.714681625366213,12.707305908203123,15.855850219726562,11.568360328674316,-0.3956110179424286,-3.3811898231506348,0.4475526635506461,0.4855683635568726,0.715369701385498,3717,13.328969955444336,7.476108551025391,566,26.17508888244629,19.18098831176757,4432,11.802032470703123,5.905393123626709,0.0053003533568904,1.0,0.2473015439267659,0.4604454160404427,0.650088809946714,0.3768274354420002,0.6666211231042493,0.8389124197294713,0.7069386839866638,N200_O1_I200_TRAIN_032_c2b96ae0ad,NESTED_INNER_SCREEN,adaptive_resnet,multiview_zscore,10.0,none,multitask,multitask,compound_morphology,none,271829,705721,705721,29226,7319,21.922876358032227,1,I200_TRAIN_032_c2b96ae0ad,ok,192
5,0.5689083968891817,12.85416316986084,8.566787719726562,10.71047592163086,12.85416316986084,16.105283737182617,11.11886215209961,0.2575772702693939,-1.2473759651184082,0.4362242691927511,0.4955743872732854,0.7131165266036987,3717,13.272809028625488,8.229784965515137,566,23.35883903503418,16.101293563842773,4432,12.09414768218994,6.860699653625488,0.058303886925795,0.9962979416555604,0.2423828391856811,0.4642710752835087,0.6502254406339664,0.3631643667167646,0.6649815548572209,0.8488864598988933,0.7125955820083618,N200_O1_I200_TRAIN_033_dfb37edfd0,NESTED_INNER_SCREEN,adaptive_resnet,multiview_zscore,10.0,none,multitask,multitask,none,none,271829,705721,705721,29226,7319,21.7259840965271,1,I200_TRAIN_033_dfb37edfd0,ok,193
5,0.5759586913912904,12.920557022094728,8.647601127624512,10.78407859802246,12.920557022094728,16.176979064941406,11.11750602722168,0.7322514057159424,-0.42091965675354,0.430378592152119,0.4870035835355846,0.7183021306991577,3717,13.46989631652832,8.709217071533203,566,23.166316986083984,15.701934814453123,4432,12.25001049041748,7.289600372314453,0.0565371024734982,0.9976306826595588,0.2388304413171198,0.458669217106162,0.646263150703648,0.3542833720453613,0.6551441453750513,0.8483399371498839,0.7227935194969177,N200_O1_I200_TRAIN_034_9fd5d868a1,NESTED_INNER_SCREEN,adaptive_resnet,multiview_zscore,10.0,none,multitask,multitask,mask,none,271829,705721,705721,29226,7319,21.60596942901612,1,I200_TRAIN_034_9fd5d868a1,ok,194
5,0.5745257598901886,12.885449409484863,8.65805721282959,10.771753311157228,12.885449409484863,16.111875534057617,11.182439804077148,-0.1872486472129821,-0.8655564785003662,0.4306903553277244,0.4811727344248199,0.7177453637123108,3717,13.256834983825684,8.578213691711426,566,24.307409286499023,16.174882888793945,4432,11.981156349182127,7.118690967559815,0.0477031802120141,0.9977787649933364,0.2378740265063533,0.4634512911599945,0.647766088263424,0.3574258778521656,0.6555540374368083,0.8472468916518651,0.7195338606834412,N200_O1_I200_TRAIN_035_944f8ae4a2,NESTED_INNER_SCREEN,adaptive_resnet,multiview_zscore,10.0,none,multitask,multitask,amplitude_warp,none,271829,705721,705721,29226,7319,21.765477418899536,1,I200_TRAIN_035_944f8ae4a2,ok,195
5,0.5838247582413791,12.805331230163574,8.581089973449707,10.69321060180664,12.805331230163574,15.990263938903809,11.086847305297852,0.2363703548908233,-0.9112961888313292,0.439210512344405,0.490328792063785,0.7123321294784546,3717,13.284466743469238,8.515206336975098,566,24.011375427246094,16.329683303833008,4432,12.0103759765625,7.003539562225342,0.0353356890459364,0.9995557529986672,0.2414264243749146,0.4618117229129662,0.6511818554447328,0.3570159857904085,0.6626588331739308,0.8546249487634923,0.7150207757949829,N200_O1_I200_TRAIN_036_60f2ee9398,NESTED_INNER_SCREEN,adaptive_resnet,multiview_zscore,10.0,none,multitask,multitask,compound_morphology,none,271829,705721,705721,29226,7319,21.84553933143616,1,I200_TRAIN_036_60f2ee9398,ok,196
3,0.647555841339959,12.892809867858888,8.603290557861328,10.748050689697266,12.892809867858888,16.130502700805664,11.146799087524414,-0.1741038858890533,-1.062340259552002,0.4180120392573823,0.4807750031242271,0.7157020568847656,3717,13.470295906066896,8.558736801147461,566,25.14222526550293,16.924388885498047,4432,12.091448783874512,6.894339084625244,0.0,1.0,0.2414264243749146,0.4618117229129662,0.6459898893291434,0.3635742587785217,0.6629320945484356,0.8480666757753792,0.7193006277084351,N200_O1_I200_TRAIN_037_beadba97be,NESTED_INNER_SCREEN,adaptive_resnet,multiview_zscore,10.0,none,multitask,multitask,none,none,271829,705721,705721,29226,7319,21.25006604194641,1,I200_TRAIN_037_beadba97be,ok,197
3,0.6498754285519419,12.895920753479004,8.60413932800293,10.750030517578123,12.895920753479004,16.138532638549805,11.044281005859377,0.4448534250259399,-0.3498257994651794,0.4191573029677355,0.4889555744438373,0.7158243060112,3717,13.605615615844728,8.936521530151367,566,24.486337661743164,16.18848419189453,4432,12.231145858764648,7.283973217010498,0.0,1.0,0.2373275037573439,0.4629047684109851,0.6476294575761716,0.3566060937286514,0.6585599125563601,0.8506626588331739,0.7242231369018555,N200_O1_I200_TRAIN_038_d0d1faca7f,NESTED_INNER_SCREEN,adaptive_resnet,multiview_zscore,10.0,none,multitask,multitask,mask,none,271829,705721,705721,29226,7319,21.26484251022339,1,I200_TRAIN_038_d0d1faca7f,ok,198
3,0.6498444127101525,12.88230800628662,8.614309310913086,10.748308181762695,12.88230800628662,16.10582160949707,11.130621910095217,-0.0175944026559591,-0.8592604994773865,0.4198598903623364,0.4807447653517193,0.7158597111701965,3717,13.540083885192873,8.641111373901367,566,25.112010955810547,16.632822036743164,4432,12.127172470092772,7.023617267608643,0.0,1.0,0.2410165323131575,0.4650908594070228,0.6435305369586009,0.3626178439677551,0.6626588331739308,0.8475201530263697,0.7207552194595337,N200_O1_I200_TRAIN_039_a244018309,NESTED_INNER_SCREEN,adaptive_resnet,multiview_zscore,10.0,none,multitask,multitask,amplitude_warp,none,271829,705721,705721,29226,7319,20.93888115882873,1,I200_TRAIN_039_a244018309,ok,199
3,0.6508699815257702,12.877328872680664,8.592126846313477,10.73472785949707,12.877328872680664,16.092914581298828,11.158981323242188,-0.0923455655574798,-1.3561748266220093,0.4215596372401525,0.4838230472563988,0.714808464050293,3717,13.47340488433838,8.341240882873535,566,24.98879051208496,16.936704635620117,4432,12.102631568908691,6.749224662780762,0.0,1.0,0.2397868561278863,0.4646809673452657,0.6448968438311244,0.3631643667167646,0.6679874299767727,0.8492963519606503,0.7164183259010315,N200_O1_I200_TRAIN_040_8f6701e758,NESTED_INNER_SCREEN,adaptive_resnet,multiview_zscore,10.0,none,multitask,multitask,compound_morphology,none,271829,705721,705721,29226,7319,21.33806943893433,1,I200_TRAIN_040_8f6701e758,ok,200
5,0.5998799165869071,12.922463417053224,8.75749397277832,10.83997917175293,12.922463417053224,16.236164093017578,11.260210037231444,-2.696072578430176,-0.5865430235862732,0.4307375589192544,0.4606530283425703,0.7228707075119019,3717,12.766056060791016,8.987937927246094,566,27.99417304992676,16.445810317993164,4432,11.445295333862305,7.373582363128662,0.0282685512367491,0.9998519176662224,0.2460718677414947,0.4655007514687799,0.6451701052056292,0.3516873889875666,0.6498155485722094,0.8379560049187047,0.7241390347480774,N200_O1_PRIOR_WINNER_FIXED,NESTED_INNER_SCREEN,resnet,multiview,10.0,none,multitask,multitask,jitter_scale,none,271829,1146884,1146884,29226,7319,18.46430993080139,1,PRIOR_WINNER_FIXED,ok,201
4,0.6075468949632707,12.935914993286133,8.490880012512207,10.713397979736328,12.935914993286133,16.521921157836914,11.070426940917969,-0.2293929904699325,-0.5086937546730042,0.4124113213427803,0.4868058713702631,0.7099176645278931,3727,13.587738037109377,8.660738945007324,563,26.741579055786133,16.293445587158203,4391,11.598153114318848,7.167421340942383,0.0,1.0,0.2508544087491456,0.4761449077238551,0.6539986329460014,0.3779904306220095,0.6701298701298701,0.8512645249487355,0.7162211537361145,N200_O2_I200_ARCH_001_0070ac94e2,NESTED_INNER_SCREEN,adaptive_resnet,multiview_zscore,10.0,none,multitask,multitask,jitter_scale,none,271830,251592,251592,29234,7315,14.940621376037598,2,I200_ARCH_001_0070ac94e2,ok,1
4,0.6114054041750291,12.964035034179688,8.504976272583008,10.734505653381348,12.964035034179688,16.621915817260742,11.059858322143556,-2.860719680786133,-0.6772400140762329,0.4139717590006089,0.4806551074662888,0.7112823724746704,3727,12.957172393798828,8.660911560058594,563,29.588802337646484,16.927949905395508,4391,11.07560920715332,6.99701452255249,0.0,1.0,0.2490772385509227,0.4792891319207109,0.6531784005468216,0.3722488038277512,0.6721804511278195,0.854272043745728,0.7128297090530396,N200_O2_I200_ARCH_002_60c8d80ebf,NESTED_INNER_SCREEN,adaptive_resnet,multiview_zscore,10.0,none,multitask,multitask,jitter_scale,none,271830,251612,251612,29234,7315,15.422117710113524,2,I200_ARCH_002_60c8d80ebf,ok,2
4,0.6103729188831803,12.889512062072754,8.517179489135742,10.703346252441406,12.889512062072754,16.482086181640625,11.054980278015137,-1.4574251174926758,-0.1588768064975738,0.4152561253454102,0.4856867702126695,0.7096939086914062,3727,13.177306175231934,8.80325698852539,563,27.83802604675293,15.898862838745115,4391,11.292987823486328,7.298269271850586,0.0,1.0,0.2539986329460014,0.4777853725222146,0.6576896787423103,0.3730690362269309,0.666848940533151,0.8494873547505126,0.7146366238594055,N200_O2_I200_ARCH_003_2e86f85560,NESTED_INNER_SCREEN,adaptive_resnet,multiview_zscore,10.0,none,multitask,multitask,jitter_scale,none,271830,255976,255976,29234,7315,15.583565711975098,2,I200_ARCH_003_2e86f85560,ok,3
4,0.6116938115724551,12.945389747619627,8.550982475280762,10.748186111450195,12.945389747619627,16.561946868896484,11.16120719909668,-1.8648065328598025,-0.9801301956176758,0.4081101498699778,0.4756637019514275,0.7126427888870239,3727,13.142464637756348,8.487628936767578,563,28.7202377319336,17.037322998046875,4391,11.226587295532228,6.942574977874756,0.0,1.0,0.2512645249487354,0.4753246753246753,0.6548188653451812,0.3727956254272044,0.6747778537252221,0.8470266575529733,0.7133750319480896,N200_O2_I200_ARCH_004_3b8a4c1910,NESTED_INNER_SCREEN,adaptive_resnet,multiview_zscore,10.0,none,multitask,multitask,jitter_scale,none,271830,334026,334026,29234,7315,19.6318473815918,2,I200_ARCH_004_3b8a4c1910,ok,4
3,0.6357394978891011,13.008231163024902,8.50217056274414,10.75520133972168,13.008231163024902,16.664112091064453,11.06752872467041,-3.1479852199554443,-0.5425326824188232,0.4193635279112837,0.4763525421663265,0.712405800819397,3727,12.901721954345703,8.799778938293457,563,29.33083152770996,17.433679580688477,4391,11.069902420043944,7.016298770904541,0.0,1.0,0.2514012303485988,0.4753246753246753,0.6501708817498291,0.3714285714285714,0.6792891319207108,0.8535885167464115,0.714704692363739,N200_O2_I200_ARCH_005_6e92f23031,NESTED_INNER_SCREEN,adaptive_resnet,multiview_zscore,10.0,none,multitask,multitask,jitter_scale,none,271830,334056,334056,29234,7315,20.624587535858154,2,I200_ARCH_005_6e92f23031,ok,5
4,0.6122405860159132,12.954737663269045,8.496865272521973,10.725801467895508,12.954737663269045,16.598705291748047,11.104934692382812,-2.18259334564209,-0.7064899802207947,0.4124844785727843,0.4795609025408783,0.7106899619102478,3727,13.05263328552246,8.575103759765625,563,28.143848419189453,16.640592575073242,4391,11.269742965698242,7.018427848815918,0.0,1.0,0.2534518113465482,0.4791524265208475,0.6539986329460014,0.3814080656185919,0.6739576213260424,0.8471633629528367,0.7121760845184326,N200_O2_I200_ARCH_006_4f28a7253b,NESTED_INNER_SCREEN,adaptive_resnet,multiview_zscore,10.0,none,multitask,multitask,jitter_scale,none,271830,340602,340602,29234,7315,20.45609736442566,2,I200_ARCH_006_4f28a7253b,ok,6
3,0.6304936471328236,12.831053733825684,8.518157005310059,10.674605369567873,12.831053733825684,16.416723251342773,11.174799919128418,-1.4091122150421145,-1.6318751573562622,0.41596212669528,0.476134292164922,0.7080960273742676,3727,13.153726577758787,8.244361877441406,563,27.99789047241211,18.43752861022949,4391,11.24832534790039,6.478368759155273,0.0,1.0,0.2567327409432672,0.4730006835269993,0.6583732057416268,0.3747095010252905,0.6762816131237184,0.8514012303485987,0.7075548768043518,N200_O2_I200_ARCH_007_9404ad5336,NESTED_INNER_SCREEN,adaptive_resnet,multiview_zscore,10.0,none,multitask,multitask,jitter_scale,none,271830,416460,416460,29234,7315,23.35649347305298,2,I200_ARCH_007_9404ad5336,ok,7
3,0.6320215911647074,12.830537796020508,8.4342041015625,10.632370948791504,12.830537796020508,16.411962509155273,11.046709060668944,-1.914135217666626,-1.1944849491119385,0.4229292562598918,0.4874690796700621,0.7046458125114441,3727,13.040731430053713,8.322165489196777,563,28.17180061340332,17.506614685058594,4391,11.172659873962402,6.659412384033203,0.0,1.0,0.2509911141490089,0.4820232399179767,0.6557758031442242,0.3799043062200957,0.6786056049213944,0.8565960355434039,0.7049717903137207,N200_O2_I200_ARCH_008_73f727150e,NESTED_INNER_SCREEN,adaptive_resnet,multiview_zscore,10.0,none,multitask,multitask,jitter_scale,none,271830,416500,416500,29234,7315,24.5757315158844,2,I200_ARCH_008_73f727150e,ok,8
3,0.6334083310139724,12.884916305541992,8.475193977355957,10.680055618286133,12.884916305541992,16.45521354675293,11.041128158569336,-1.029651761054993,-0.6932359337806702,0.4178446415858764,0.4822729372963893,0.7078468799591064,3727,13.239703178405762,8.607402801513672,563,27.16280174255371,17.215770721435547,4391,11.36228084564209,6.945463180541992,0.0,1.0,0.2526315789473684,0.4738209159261791,0.6531784005468216,0.3747095010252905,0.6760082023239918,0.8576896787423103,0.7116845846176147,N200_O2_I200_ARCH_009_a64321f369,NESTED_INNER_SCREEN,adaptive_resnet,multiview_zscore,10.0,none,multitask,multitask,jitter_scale,none,271830,425228,425228,29234,7315,25.22296977043152,2,I200_ARCH_009_a64321f369,ok,9
3,0.6341005205328948,12.836379051208496,8.47740650177002,10.656892776489258,12.836379051208496,16.442842483520508,11.016253471374512,-1.4648774862289429,-0.8100848197937012,0.4229606785875831,0.4862549048478294,0.7065775394439697,3727,13.08530616760254,8.600967407226562,563,27.597637176513672,17.3853816986084,4391,11.2174654006958,6.905666828155518,0.0,1.0,0.252904989747095,0.4783321941216678,0.6597402597402597,0.3701982228298018,0.6769651401230349,0.8537252221462748,0.7095853090286255,N200_O2_I200_ARCH_010_ec241a5c84,NESTED_INNER_SCREEN,adaptive_resnet,multiview_zscore,10.0,none,multitask,multitask,jitter_scale,none,271830,518248,518248,29234,7315,15.027812719345093,2,I200_ARCH_010_ec241a5c84,ok,10
3,0.6336494064798542,12.99309539794922,8.46981430053711,10.731454849243164,12.99309539794922,16.67392349243164,11.020009994506836,-3.845858812332153,-0.8518597483634949,0.428474009880701,0.4866735263687149,0.7106575965881348,3727,12.67551040649414,8.674317359924316,563,30.03182601928711,17.822521209716797,4391,10.888352394104004,6.829700469970703,0.0,1.0,0.2503075871496924,0.4795625427204374,0.6498974709501025,0.3796308954203691,0.6772385509227614,0.8550922761449077,0.710525393486023,N200_O2_I200_ARCH_011_b8134a8a09,NESTED_INNER_SCREEN,adaptive_resnet,multiview_zscore,10.0,none,multitask,multitask,jitter_scale,none,271830,518268,518268,29234,7315,16.01413106918335,2,I200_ARCH_011_b8134a8a09,ok,11
3,0.63401813249962,12.833409309387209,8.487188339233398,10.66029930114746,12.833409309387209,16.435733795166016,11.007623672485352,-1.4606581926345823,-0.5967856645584106,0.4212786347829238,0.4854852113973844,0.7068946361541748,3727,13.080110549926758,8.742155075073242,563,27.7197265625,17.22524642944336,4391,11.213129043579102,7.025910377502441,0.0,1.0,0.2550922761449077,0.479835953520164,0.6556390977443609,0.3722488038277512,0.6766917293233082,0.8538619275461381,0.7112312316894531,N200_O2_I200_ARCH_012_3bebdfe95f,NESTED_INNER_SCREEN,adaptive_resnet,multiview_zscore,10.0,none,multitask,multitask,jitter_scale,none,271830,527896,527896,29234,7315,17.37249732017517,2,I200_ARCH_012_3bebdfe95f,ok,12
3,0.6310017572508918,13.115845680236816,8.42002010345459,10.767932891845703,13.115845680236816,16.808055877685547,11.009976387023926,-3.9832258224487305,-0.9893021583557128,0.4190019679450231,0.4889707052917483,0.7120589017868042,3727,12.73295783996582,8.478894233703613,563,30.20938301086425,17.733993530273438,4391,10.9736328125,6.716131687164307,0.0,1.0,0.2470266575529733,0.4753246753246753,0.6426520847573479,0.3825017088174983,0.6803827751196172,0.8548188653451811,0.7099793553352356,N200_O2_I200_ARCH_013_0fd718994c,NESTED_INNER_SCREEN,adaptive_resnet,multiview_zscore,10.0,none,multitask,multitask,jitter_scale,none,271830,703338,703338,29234,7315,19.046088218688965,2,I200_ARCH_013_0fd718994c,ok,13
3,0.6306690347740074,12.982715606689451,8.452997207641602,10.717856407165527,12.982715606689451,16.61623191833496,11.073603630065918,-2.7994160652160645,-1.4873327016830444,0.4164536739303142,0.4879726717393252,0.7096785306930542,3727,12.955707550048828,8.2313871383667,563,28.942214965820312,18.02648162841797,4391,11.121313095092772,6.523861408233643,0.0,1.0,0.2512645249487354,0.4753246753246753,0.652904989747095,0.3804511278195489,0.6807928913192071,0.8571428571428571,0.7072219848632812,N200_O2_I200_ARCH_014_c183826645,NESTED_INNER_SCREEN,adaptive_resnet,multiview_zscore,10.0,none,multitask,multitask,jitter_scale,none,271830,703368,703368,29234,7315,21.33192014694214,2,I200_ARCH_014_c183826645,ok,14
3,0.6313800102745006,12.841546058654783,8.434691429138184,10.638118743896484,12.841546058654783,16.39952850341797,11.00210189819336,-1.829357624053955,-1.0036321878433228,0.4226399461943885,0.4902734437238645,0.7049741744995117,3727,13.09139347076416,8.49920654296875,563,28.182918548583984,17.643491744995117,4391,11.176258087158203,6.751235961914063,0.0,1.0,0.2503075871496924,0.4747778537252221,0.6580997949419002,0.3744360902255639,0.6791524265208476,0.8563226247436774,0.7073842287063599,N200_O2_I200_ARCH_015_ca1ee0e1e3,NESTED_INNER_SCREEN,adaptive_resnet,multiview_zscore,10.0,none,multitask,multitask,jitter_scale,none,271830,717810,717810,29234,7315,21.52101421356201,2,I200_ARCH_015_ca1ee0e1e3,ok,15
3,0.6315332736844331,12.963298797607422,8.436443328857422,10.699871063232422,12.963298797607422,16.60578155517578,11.082392692565918,-2.418147087097168,-1.623685598373413,0.4142655845263663,0.4893443238211631,0.7084571123123169,3727,12.973729133605955,8.1354398727417,563,28.57762908935547,18.43385887145996,4391,11.144283294677734,6.398163795471191,0.0,1.0,0.2501708817498291,0.4761449077238551,0.6526315789473685,0.3876965140123035,0.6792891319207108,0.855228981544771,0.7054505348205566,N200_O2_I200_ARCH_016_ccec4f77dd,NESTED_INNER_SCREEN,adaptive_resnet,multiview_zscore,10.0,none,multitask,multitask,jitter_scale,none,271830,888428,888428,29234,7315,22.09226965904236,2,I200_ARCH_016_ccec4f77dd,ok,16
3,0.6322279214079863,13.012272834777832,8.488527297973633,10.75040054321289,13.012272834777832,16.655807495117188,11.131026268005373,-2.312572717666626,-1.5153363943099976,0.4123085376217851,0.4806051321081477,0.7119607329368591,3727,13.02351188659668,8.26237964630127,563,28.496973037719727,18.19761085510254,4391,11.1929349899292,6.559013366699219,0.0,1.0,0.2494873547505126,0.4724538619275461,0.6553656869446343,0.3785372522214627,0.6828434723171565,0.8539986329460013,0.7097256779670715,N200_O2_I200_ARCH_017_be9af9faa0,NESTED_INNER_SCREEN,adaptive_resnet,multiview_zscore,10.0,none,multitask,multitask,jitter_scale,none,271830,888468,888468,29234,7315,24.86664652824402,2,I200_ARCH_017_be9af9faa0,ok,17
4,0.606255895951215,13.080610275268556,8.469002723693848,10.77480697631836,13.080610275268556,16.79159164428711,11.162016868591309,-2.758493185043335,-1.6889941692352295,0.4045079971678108,0.486809668375505,0.7130763530731201,3727,13.114859580993652,8.134998321533203,563,29.185901641845703,17.43425178527832,4391,11.220304489135742,6.599061965942383,0.0,1.0,0.2548188653451811,0.4724538619275461,0.650580997949419,0.3876965140123035,0.6814764183185236,0.8493506493506493,0.7098989486694336,N200_O2_I200_ARCH_018_57fb09dad6,NESTED_INNER_SCREEN,adaptive_resnet,multiview_zscore,10.0,none,multitask,multitask,jitter_scale,none,271830,907724,907724,29234,7315,25.50591540336609,2,I200_ARCH_018_57fb09dad6,ok,18
3,0.6321318106713638,12.747401237487791,8.465313911437988,10.60635757446289,12.747401237487791,16.301166534423828,10.963574409484863,-1.0081353187561035,-0.3617558181285858,0.4279132335049875,0.4904394227093072,0.7035897374153137,3727,13.116721153259276,8.825496673583984,563,27.24677848815918,17.02827262878418,4391,11.21319580078125,7.139655113220215,0.0,1.0,0.2549555707450444,0.479835953520164,0.6653451811346548,0.3673274094326726,0.6806561859193438,0.8538619275461381,0.709861695766449,N200_O2_I200_ARCH_019_8bfe0b6689,NESTED_INNER_SCREEN,adaptive_resnet,multiview_zscore,10.0,none,multitask,multitask,jitter_scale,none,271830,883208,883208,29234,7315,20.52086615562439,2,I200_ARCH_019_8bfe0b6689,ok,19
3,0.6329399374575396,12.787866592407228,8.453736305236816,10.62080192565918,12.787866592407228,16.296592712402344,10.941524505615234,-0.122785098850727,-0.2165091186761856,0.4258894517058366,0.4926912267153217,0.7042496204376221,3727,13.379302024841309,8.902536392211914,563,26.55596160888672,16.979135513305664,4391,11.424424171447754,7.18919849395752,0.0,1.0,0.2524948735475051,0.4753246753246753,0.6606971975393028,0.367053998632946,0.6779220779220779,0.8587833219412166,0.7129839658737183,N200_O2_I200_ARCH_020_1dc145a265,NESTED_INNER_SCREEN,adaptive_resnet,multiview_zscore,10.0,none,multitask,multitask,jitter_scale,none,271830,883228,883228,29234,7315,21.350619554519653,2,I200_ARCH_020_1dc145a265,ok,20
4,0.6058620627409492,12.949275016784668,8.468445777893066,10.708860397338867,12.949275016784668,16.55500602722168,11.073256492614746,-1.7923587560653689,-1.02647066116333,0.4114905480497386,0.4857275350529439,0.7093738317489624,3727,13.153424263000488,8.398102760314941,563,28.28877830505371,17.016050338745117,4391,11.274084091186523,6.820950508117676,0.0,1.0,0.2460697197539302,0.4720437457279562,0.65850991114149,0.3768967874231032,0.676144907723855,0.8538619275461381,0.710084080696106,N200_O2_I200_ARCH_021_9ba9f6d45c,NESTED_INNER_SCREEN,adaptive_resnet,multiview_zscore,10.0,none,multitask,multitask,jitter_scale,none,271830,900168,900168,29234,7315,21.62362170219421,2,I200_ARCH_021_9ba9f6d45c,ok,21
3,0.6378159838564256,12.87490940093994,8.444806098937988,10.659857749938965,12.87490940093994,16.44826316833496,11.030778884887695,-1.865220189094544,-0.7865116000175476,0.4223216403964102,0.4836492344566748,0.7063229084014893,3727,13.059288024902344,8.618661880493164,563,27.79731750488281,17.672212600708008,4391,11.219158172607422,6.8347272872924805,0.0,1.0,0.2516746411483254,0.4757347915242652,0.6576896787423103,0.380041011619959,0.6777853725222146,0.8570061517429939,0.7093931436538696,N200_O2_I200_ARCH_022_cf87aa3138,NESTED_INNER_SCREEN,adaptive_resnet,multiview_zscore,10.0,none,multitask,multitask,jitter_scale,none,271830,1211914,1211914,29234,7315,24.86848759651184,2,I200_ARCH_022_cf87aa3138,ok,22
4,0.6134040901084351,12.94623851776123,8.44729995727539,10.696769714355469,12.94623851776123,16.538196563720703,11.01673984527588,-1.5206890106201172,-0.5737951993942261,0.4126110658391467,0.4890121522795977,0.708423376083374,3727,13.217700004577637,8.63818359375,563,27.778440475463867,16.47825050354004,4391,11.375617980957031,7.070383071899414,0.0,1.0,0.2500341763499658,0.4742310321257689,0.6539986329460014,0.3831852358168147,0.678879015721121,0.849624060150376,0.7122777700424194,N200_O2_I200_ARCH_023_6f19995429,NESTED_INNER_SCREEN,adaptive_resnet,multiview_zscore,10.0,none,multitask,multitask,jitter_scale,none,271830,1211944,1211944,29234,7315,28.943004608154297,2,I200_ARCH_023_6f19995429,ok,23
4,0.6111096120348164,12.969100952148438,8.469263076782227,10.719182014465332,12.969100952148438,16.540925979614258,10.967015266418455,-0.7813685536384583,-0.1315640956163406,0.4120791118768643,0.4946394575368618,0.709962785243988,3727,13.436187744140623,8.850471496582031,563,26.961732864379883,16.02561378479004,4391,11.558629989624023,7.342999935150146,0.0,1.0,0.2485304169514695,0.4694463431305536,0.6546821599453179,0.3756664388243335,0.674231032125769,0.8522214627477785,0.7171345949172974,N200_O2_I200_ARCH_024_8737cc351a,NESTED_INNER_SCREEN,adaptive_resnet,multiview_zscore,10.0,none,multitask,multitask,jitter_scale,none,271830,1237354,1237354,29234,7315,28.960209131240845,2,I200_ARCH_024_8737cc351a,ok,24
4,0.6058350896913242,12.877835273742676,8.563841819763184,10.72083854675293,12.877835273742676,16.519678115844727,11.096124649047852,-1.3501877784729004,-0.0328119657933712,0.4101383505258511,0.481511684821345,0.7112764120101929,3727,13.225499153137209,8.947769165039062,563,28.11913108825684,15.875197410583496,4391,11.298696517944336,7.467328548431396,0.0,1.0,0.253861927546138,0.4802460697197539,0.6530416951469583,0.3727956254272044,0.6673957621326042,0.8475734791524265,0.7176395654678345,N200_O2_I200_ARCH_025_1acdf38880,NESTED_INNER_SCREEN,adaptive_resnet,multiview_zscore,10.0,none,multitask,multitask,jitter_scale,none,271830,1540620,1540620,29234,7315,31.51456117630005,2,I200_ARCH_025_1acdf38880,ok,25
4,0.6053431121742024,12.90218448638916,8.48692512512207,10.694555282592772,12.90218448638916,16.5417423248291,10.981934547424316,-0.7130947113037109,0.0051885307766497,0.4111150436190133,0.491463338618655,0.7088108062744141,3727,13.381266593933104,8.93885612487793,563,27.0859375,15.950326919555664,4391,11.477027893066406,7.377038955688477,0.0,1.0,0.256596035543404,0.4787423103212577,0.6564593301435406,0.3696514012303486,0.6766917293233082,0.8522214627477785,0.7167902588844299,N200_O2_I200_ARCH_026_c1eed577b0,NESTED_INNER_SCREEN,adaptive_resnet,multiview_zscore,10.0,none,multitask,multitask,jitter_scale,none,271830,1540660,1540660,29234,7315,35.285428524017334,2,I200_ARCH_026_c1eed577b0,ok,26
3,0.6315715425933888,12.85515308380127,8.483525276184082,10.669339179992676,12.85515308380127,16.40781021118164,11.07353401184082,-1.5729713439941406,-1.1271952390670776,0.4192758214278915,0.4820642510433596,0.707353949546814,3727,13.147127151489258,8.4853515625,563,28.00144386291504,17.800453186035156,4391,11.240206718444824,6.752394676208496,0.0,1.0,0.2498974709501025,0.4720437457279562,0.65850991114149,0.3725222146274778,0.6796992481203008,0.8556390977443609,0.7094177007675171,N200_O2_I200_ARCH_027_7377792955,NESTED_INNER_SCREEN,adaptive_resnet,multiview_zscore,10.0,none,multitask,multitask,jitter_scale,none,271830,1574540,1574540,29234,7315,35.58991837501526,2,I200_ARCH_027_7377792955,ok,27
4,0.609779353624855,12.826582908630373,8.405828475952148,10.616205215454102,12.826582908630373,16.48969268798828,11.057958602905272,-2.141190528869629,-1.6187193393707275,0.4188204561177057,0.4963214597711589,0.7033737897872925,3727,12.972363471984863,8.056173324584961,563,28.861587524414062,17.39488983154297,4391,11.046533584594728,6.49920654296875,0.0,1.0,0.2564593301435406,0.4831168831168831,0.6608339029391661,0.387012987012987,0.6831168831168831,0.8530416951469583,0.7008174657821655,N200_O2_I200_ARCH_028_98a7a9be9a,NESTED_INNER_SCREEN,adaptive_resnet,multiview_zscore,10.0,none,multitask,multitask,jitter_scale,none,271830,1346472,1346472,29234,7315,26.147571325302124,2,I200_ARCH_028_98a7a9be9a,ok,28
4,0.612244063343098,12.810715675354004,8.422567367553711,10.616641998291016,12.810715675354004,16.4250431060791,11.07589626312256,-1.895672917366028,-1.7127997875213623,0.4203309410531572,0.4942345190107086,0.7036142349243164,3727,13.028634071350098,8.047931671142578,563,28.365522384643555,17.645612716674805,4391,11.137325286865234,6.4272003173828125,0.0,1.0,0.252904989747095,0.4854408749145591,0.6613807245386193,0.3894736842105263,0.6824333561175666,0.8516746411483254,0.7013076543807983,N200_O2_I200_ARCH_029_74d3352457,NESTED_INNER_SCREEN,adaptive_resnet,multiview_zscore,10.0,none,multitask,multitask,jitter_scale,none,271830,1346492,1346492,29234,7315,29.909428596496586,2,I200_ARCH_029_74d3352457,ok,29
4,0.612342050262526,12.824594497680664,8.415094375610352,10.619844436645508,12.824594497680664,16.459049224853516,11.040424346923828,-1.6079366207122805,-1.2729898691177368,0.4156626034151903,0.4923680073160995,0.7036972641944885,3727,13.122483253479004,8.244819641113281,563,28.281606674194336,17.270917892456055,4391,11.172367095947266,6.648325443267822,0.0,1.0,0.2563226247436774,0.4806561859193438,0.6602870813397129,0.384688995215311,0.683526999316473,0.8535885167464115,0.7040416598320007,N200_O2_I200_ARCH_030_d854d1468d,NESTED_INNER_SCREEN,adaptive_resnet,multiview_zscore,10.0,none,multitask,multitask,jitter_scale,none,271830,1372792,1372792,29234,7315,30.00192785263061,2,I200_ARCH_030_d854d1468d,ok,30
3,0.6331663610888463,12.8671875,8.46163558959961,10.664411544799805,12.8671875,16.430727005004883,11.04999828338623,-2.3718531131744385,-1.039818286895752,0.4227933509342681,0.4847835341030723,0.7067952752113342,3727,13.043134689331056,8.57895565032959,563,28.85103416442871,18.20150756835937,4391,11.13719081878662,6.70762825012207,0.0,1.0,0.2497607655502392,0.4732740943267259,0.6557758031442242,0.3770334928229665,0.6790157211209843,0.8539986329460013,0.7092280387878418,N200_O2_I200_ARCH_031_9b812a99a0,NESTED_INNER_SCREEN,adaptive_resnet,multiview_zscore,10.0,none,multitask,multitask,jitter_scale,none,271830,1859754,1859754,29234,7315,35.87073564529419,2,I200_ARCH_031_9b812a99a0,ok,31
4,0.6064321887648962,12.981526374816896,8.448145866394043,10.714836120605469,12.981526374816896,16.563589096069336,10.963138580322266,-0.2351325005292892,-0.1760076731443405,0.4053946125411186,0.4930155263237848,0.7094466686248779,3727,13.639323234558104,8.85436725616455,563,26.915512084960938,16.183029174804688,4391,11.673675537109377,7.274937152862549,0.0,1.0,0.2524948735475051,0.4688995215311005,0.6546821599453179,0.3749829118250171,0.6777853725222146,0.8537252221462748,0.7182102203369141,N200_O2_I200_ARCH_032_254a5f429f,NESTED_INNER_SCREEN,adaptive_resnet,multiview_zscore,10.0,none,multitask,multitask,jitter_scale,none,271830,1859784,1859784,29234,7315,40.805893898010254,2,I200_ARCH_032_254a5f429f,ok,32
3,0.6309672718733744,12.948594093322754,8.43812370300293,10.693359375,12.948594093322754,16.529348373413086,11.011590003967283,-2.7413809299468994,-0.982412815093994,0.4227690063453448,0.4887893835264337,0.7081139087677002,3727,12.965409278869627,8.488750457763672,563,28.734737396240234,17.774311065673828,4391,11.148009300231934,6.722796440124512,0.0,1.0,0.2478468899521531,0.4712235133287765,0.650580997949419,0.3781271360218728,0.6773752563226247,0.8541353383458646,0.7087496519088745,N200_O2_I200_ARCH_033_0f34dac454,NESTED_INNER_SCREEN,adaptive_resnet,multiview_zscore,10.0,none,multitask,multitask,jitter_scale,none,271830,1899234,1899234,29234,7315,41.080010652542114,2,I200_ARCH_033_0f34dac454,ok,33
3,0.6326061705358668,12.987348556518556,8.416071891784668,10.701709747314451,12.987348556518556,16.528610229492188,10.991009712219238,-2.3721392154693604,-1.023205280303955,0.4185999688909345,0.4921005477746403,0.7082971930503845,3727,13.088289260864258,8.50357723236084,563,28.405363082885746,17.693429946899414,4391,11.233909606933594,6.744000911712647,0.0,1.0,0.2462064251537935,0.4667122351332877,0.6478468899521531,0.3792207792207792,0.6842105263157895,0.8574162679425837,0.7098994851112366,N200_O2_I200_ARCH_034_39d5865ade,NESTED_INNER_SCREEN,adaptive_resnet,multiview_zscore,10.0,none,multitask,multitask,jitter_scale,none,271830,2373036,2373036,29234,7315,46.294886112213135,2,I200_ARCH_034_39d5865ade,ok,34
3,0.6311650899500628,12.954879760742188,8.470096588134766,10.712488174438477,12.954879760742188,16.52346420288086,11.037884712219238,-2.6888620853424072,-0.8904538750648499,0.4236156161490898,0.48375931477516,0.7095984220504761,3727,12.973151206970217,8.643814086914062,563,28.81973648071289,17.770706176757812,4391,11.119182586669922,6.839900016784668,0.0,1.0,0.2463431305536568,0.4730006835269993,0.6507177033492823,0.3759398496240601,0.6780587833219412,0.8545454545454545,0.7115037441253662,N200_O2_I200_ARCH_035_853eef6ae1,NESTED_INNER_SCREEN,adaptive_resnet,multiview_zscore,10.0,none,multitask,multitask,jitter_scale,none,271830,2373076,2373076,29234,7315,49.80935788154602,2,I200_ARCH_035_853eef6ae1,ok,35
1,0.7087232536739774,13.281686782836914,8.612323760986328,10.94700527191162,13.281686782836914,16.63234519958496,11.162739753723145,2.320085287094116,-0.6788458824157715,0.3816306859073097,0.4646967925010004,0.7245753407478333,3727,14.808369636535645,8.918475151062012,563,27.471729278564453,18.276338577270508,4391,12.575368881225586,6.9952473640441895,0.0,1.0,0.2314422419685577,0.4440191387559808,0.6340396445659604,0.3617224880382775,0.6639781271360219,0.849624060150376,0.7384010553359985,N200_O2_I200_ARCH_036_2fdc7f862b,NESTED_INNER_SCREEN,adaptive_resnet,multiview_zscore,10.0,none,multitask,multitask,jitter_scale,none,271830,2425676,2425676,29234,7315,30.316881895065308,2,I200_ARCH_036_2fdc7f862b,ok,36
3,0.6335061741810218,13.035297393798828,8.44920825958252,10.742252349853516,13.035297393798828,16.663646697998047,11.080028533935549,-3.093790054321289,-1.5543032884597778,0.4179496382064395,0.4882530676800899,0.710996687412262,3727,12.91941261291504,8.200899124145508,563,29.29355812072754,18.24557876586914,4391,11.10623264312744,6.460312366485596,0.0,1.0,0.24688995215311,0.4709501025290499,0.6486671223513328,0.3794941900205058,0.6795625427204375,0.8546821599453178,0.707644522190094,N200_O2_I200_ARCH_037_dd8572626e,NESTED_INNER_SCREEN,adaptive_resnet,multiview_zscore,10.0,none,multitask,multitask,jitter_scale,none,271830,705721,705721,29234,7315,21.527466773986816,2,I200_ARCH_037_dd8572626e,ok,37
3,0.6335291601473989,12.898954391479492,8.443412780761719,10.671183586120604,12.898954391479492,16.540937423706055,10.986903190612791,-2.486090421676636,-0.8630819320678711,0.4191777685811514,0.4909163806591806,0.7069395780563354,3727,12.887091636657717,8.538416862487793,563,28.71282958984375,17.32099151611328,4391,11.05632495880127,6.84778356552124,0.0,1.0,0.2533151059466849,0.4802460697197539,0.656596035543404,0.3770334928229665,0.6799726589200273,0.8565960355434039,0.7078284621238708,N200_O2_I200_ARCH_038_ced99ae8f1,NESTED_INNER_SCREEN,adaptive_resnet,multiview_zscore,10.0,none,multitask,multitask,jitter_scale,none,271830,703369,703369,29234,7315,21.50303888320923,2,I200_ARCH_038_ced99ae8f1,ok,38
4,0.609719873253816,12.934961318969728,8.498723983764648,10.716842651367188,12.934961318969728,16.557188034057617,11.077253341674805,-0.783195972442627,-0.3824133276939392,0.4159515133351783,0.4854551283823726,0.7102119326591492,3727,13.343018531799316,8.702937126159668,563,26.490571975708008,15.982213973999023,4391,11.52137565612793,7.221518516540527,0.0,1.0,0.25892002734108,0.4720437457279562,0.6526315789473685,0.3816814764183185,0.6738209159261791,0.8466165413533835,0.7151594161987305,N200_O2_I200_ARCH_039_705132b1ca,NESTED_INNER_SCREEN,adaptive_resnet,multiview_zscore,10.0,none,multitask,multitask,jitter_scale,none,271830,720163,720163,29234,7315,21.94346618652344,2,I200_ARCH_039_705132b1ca,ok,39
3,0.6317347689391741,12.85158348083496,8.444716453552246,10.648149490356444,12.85158348083496,16.488325119018555,10.997358322143556,-2.577888011932373,-0.8774532079696655,0.4214598080228592,0.4895766962001914,0.7056657075881958,3727,12.873074531555176,8.60587215423584,563,28.99786376953125,17.620895385742188,4391,10.989103317260742,6.812471866607666,0.0,1.0,0.2522214627477785,0.4838004101161995,0.6561859193438141,0.3760765550239234,0.6772385509227614,0.8568694463431306,0.7074650526046753,N200_O2_I200_ARCH_040_c6a47ec132,NESTED_INNER_SCREEN,adaptive_resnet,multiview_zscore,10.0,none,multitask,multitask,jitter_scale,none,271830,717811,717811,29234,7315,21.852976083755493,2,I200_ARCH_040_c6a47ec132,ok,40
3,0.6288319526155011,13.010421752929688,8.498398780822754,10.754409790039062,13.010421752929688,16.650211334228516,11.04900074005127,-3.1209404468536377,-0.7706011533737183,0.4191804932743571,0.4816530490762096,0.7123128175735474,3727,12.905352592468262,8.774059295654297,563,29.37262725830078,17.90795135498047,4391,11.054898262023926,6.910453796386719,0.0,1.0,0.2475734791524265,0.4750512645249487,0.6516746411483254,0.3741626794258373,0.6766917293233082,0.8522214627477785,0.7143972516059875,N200_O2_I200_ARCH_041_5394787084,NESTED_INNER_SCREEN,adaptive_resnet,multiview_zscore,10.0,none,multitask,multitask,jitter_scale,none,271830,890821,890821,29234,7315,25.10136032104492,2,I200_ARCH_041_5394787084,ok,41
3,0.6329976838398603,12.877761840820312,8.45002555847168,10.663893699645996,12.877761840820312,16.49118423461914,11.02262020111084,-1.972740888595581,-0.920723557472229,0.4178799464308185,0.486320732793903,0.7066164016723633,3727,13.019225120544434,8.56267261505127,563,28.264938354492188,17.71175193786621,4391,11.165459632873535,6.80962610244751,0.0,1.0,0.2507177033492823,0.4766917293233083,0.6568694463431306,0.3745727956254272,0.679835953520164,0.8578263841421736,0.7087597846984863,N200_O2_I200_ARCH_042_5f3d5eec56,NESTED_INNER_SCREEN,adaptive_resnet,multiview_zscore,10.0,none,multitask,multitask,jitter_scale,none,271830,888469,888469,29234,7315,25.24140667915344,2,I200_ARCH_042_5f3d5eec56,ok,42
1,0.7031618960542616,13.263041496276855,8.60400390625,10.933523178100586,13.263041496276855,16.629619598388672,11.085018157958984,2.4366822242736816,-0.2551049292087555,0.3844704831660079,0.4725985266399716,0.7237124443054199,3727,14.846213340759276,9.09404182434082,563,27.529577255249023,17.692975997924805,4391,12.57052230834961,7.267031192779541,0.0,1.0,0.232946001367054,0.4479835953520164,0.6343130553656869,0.3615857826384142,0.6645249487354751,0.8527682843472317,0.7398152351379395,N200_O2_I200_ARCH_043_84f766b076,NESTED_INNER_SCREEN,adaptive_resnet,multiview_zscore,10.0,none,multitask,multitask,jitter_scale,none,271830,910077,910077,29234,7315,15.625568389892578,2,I200_ARCH_043_84f766b076,ok,43
3,0.6314839237655689,12.93101978302002,8.456808090209961,10.693914413452148,12.93101978302002,16.50537109375,11.099284172058104,-0.9089465737342834,-1.3895790576934814,0.4133100555991915,0.4833955582438278,0.7083861231803894,3727,13.289960861206056,8.254020690917969,563,27.072553634643555,17.924497604370117,4391,11.429545402526855,6.583323955535889,0.0,1.0,0.2519480519480519,0.4738209159261791,0.6522214627477786,0.3844155844155844,0.6831168831168831,0.855228981544771,0.7088254690170288,N200_O2_I200_ARCH_044_d639e0c279,NESTED_INNER_SCREEN,adaptive_resnet,multiview_zscore,10.0,none,multitask,multitask,jitter_scale,none,271830,907725,907725,29234,7315,25.952342748641968,2,I200_ARCH_044_d639e0c279,ok,44
4,0.6075890500561084,13.002707481384276,8.4030179977417,10.702862739562988,13.002707481384276,16.652585983276367,11.019853591918944,-1.5762765407562256,-0.6955177783966064,0.410484178281964,0.4909954572527252,0.708193302154541,3727,13.235835075378418,8.473535537719727,563,27.52451705932617,16.452457427978516,4391,11.375936508178713,6.913370609283447,0.0035523978685612,0.9988151658767772,0.2490772385509227,0.4777853725222146,0.6570061517429938,0.3863294600136705,0.678879015721121,0.8522214627477785,0.710547685623169,N200_O2_I200_ARCH_045_732c66f764,NESTED_INNER_SCREEN,adaptive_resnet,multiview_zscore,10.0,none,multitask,multitask,jitter_scale,none,271830,1216105,1216105,29234,7315,29.097102403640747,2,I200_ARCH_045_732c66f764,ok,45
4,0.6108210569892834,12.957033157348633,8.409737586975098,10.683385848999023,12.957033157348633,16.62350845336914,10.988974571228027,-1.557949423789978,-0.7199869751930237,0.4115932815113454,0.4948112941063573,0.707188606262207,3727,13.228320121765137,8.53206729888916,563,27.232192993164062,16.40947723388672,4391,11.444498062133787,6.977055549621582,0.0,1.0,0.2560492139439508,0.4791524265208475,0.6523581681476418,0.3855092276144907,0.6794258373205742,0.8541353383458646,0.7103403806686401,N200_O2_I200_ARCH_046_56cfb6ad83,NESTED_INNER_SCREEN,adaptive_resnet,multiview_zscore,10.0,none,multitask,multitask,jitter_scale,none,271830,1211945,1211945,29234,7315,29.54901623725891,2,I200_ARCH_046_56cfb6ad83,ok,46
3,0.6313612305260952,13.070634841918944,8.441865921020508,10.756250381469728,13.070634841918944,16.687837600708008,11.024292945861816,-3.683139562606812,-1.322968363761902,0.4231890433863345,0.4928977731625747,0.7116862535476685,3727,12.823224067687988,8.350829124450684,563,29.846837997436523,18.15587043762207,4391,11.04186725616455,6.534636497497559,0.0,1.0,0.2406015037593984,0.4786056049213943,0.6473000683526999,0.3784005468215994,0.6783321941216678,0.8545454545454545,0.7090219259262085,N200_O2_I200_ARCH_047_8d0da52d33,NESTED_INNER_SCREEN,adaptive_resnet,multiview_zscore,10.0,none,multitask,multitask,jitter_scale,none,271830,1241515,1241515,29234,7315,29.71144843101501,2,I200_ARCH_047_8d0da52d33,ok,47
4,0.6111017440269196,12.975425720214844,8.417829513549805,10.696627616882324,12.975425720214844,16.58791732788086,10.945883750915527,-1.109954833984375,-0.3333722651004791,0.4106189559334955,0.4972292654444406,0.7080351114273071,3727,13.365720748901367,8.71760082244873,563,26.85078811645508,16.233882904052734,4391,11.55975341796875,7.173878192901611,0.0,1.0,0.2530416951469583,0.4753246753246753,0.6549555707450444,0.3788106630211893,0.679835953520164,0.8550922761449077,0.7138359546661377,N200_O2_I200_ARCH_048_53423d5b33,NESTED_INNER_SCREEN,adaptive_resnet,multiview_zscore,10.0,none,multitask,multitask,jitter_scale,none,271830,1237355,1237355,29234,7315,29.74563241004944,2,I200_ARCH_048_53423d5b33,ok,48
3,0.6373826409477035,12.92998218536377,8.504667282104492,10.717325210571287,12.92998218536377,16.488962173461914,10.99061679840088,-0.2608233392238617,0.2586128115653991,0.4139305132455064,0.4866326387613652,0.7103157043457031,3727,13.460885047912598,9.197245597839355,563,26.69792556762696,16.42051124572754,4391,11.5252046585083,7.522143363952637,0.0,1.0,0.2475734791524265,0.4702665755297334,0.652904989747095,0.3723855092276145,0.6688995215311004,0.8520847573479152,0.7211202383041382,N200_O2_I200_ARCH_049_3c908901b6,NESTED_INNER_SCREEN,morphology_resnet,multiview_zscore,10.0,none,multitask,multitask,jitter_scale,none,271830,333376,333376,29234,7315,20.761722326278687,2,I200_ARCH_049_3c908901b6,ok,49
3,0.6367884286088881,12.863770484924316,8.502969741821289,10.68337059020996,12.863770484924316,16.38039779663086,10.996597290039062,0.0701256170868873,-0.0148337036371231,0.4148204684570722,0.4848148866204221,0.7083911299705505,3727,13.535444259643556,9.071950912475586,563,26.757417678833008,16.830591201782227,4391,11.545435905456545,7.358265399932861,0.0,1.0,0.2486671223513328,0.4693096377306903,0.6567327409432673,0.3730690362269309,0.6712235133287765,0.8507177033492823,0.7189171314239502,N200_O2_I200_ARCH_050_c781a39749,NESTED_INNER_SCREEN,morphology_resnet,multiview_zscore,10.0,none,multitask,multitask,jitter_scale,none,271830,339922,339922,29234,7315,20.989049434661865,2,I200_ARCH_050_c781a39749,ok,50
4,0.6102520605317907,12.861238479614258,8.50510311126709,10.683170318603516,12.861238479614258,16.452116012573242,11.08291721343994,-1.859182596206665,-0.6877889037132263,0.4108163190348682,0.478208053302243,0.7084075212478638,3727,13.13661766052246,8.673831939697266,563,29.346025466918945,17.115873336791992,4391,11.1444730758667,7.030333042144775,0.0,1.0,0.2520847573479152,0.4753246753246753,0.6574162679425838,0.3803144224196856,0.6757347915242652,0.8519480519480519,0.7120627164840698,N200_O2_I200_ARCH_051_79a6655a84,NESTED_INNER_SCREEN,morphology_resnet,multiview_zscore,10.0,none,multitask,multitask,jitter_scale,none,271830,334433,334433,29234,7315,20.963698863983154,2,I200_ARCH_051_79a6655a84,ok,51
4,0.6097084484458749,12.914796829223633,8.521376609802246,10.71808624267578,12.914796829223633,16.482624053955078,11.08477020263672,-1.0886749029159546,-0.0723961889743805,0.4076487205437716,0.477060342698671,0.7105740308761597,3727,13.405749320983888,8.958993911743164,563,28.108963012695312,16.399940490722656,4391,11.411494255065918,7.35531759262085,0.0,1.0,0.2496240601503759,0.4714969241285031,0.6544087491455912,0.3779904306220095,0.6731373889268626,0.8475734791524265,0.7184901237487793,N200_O2_I200_ARCH_052_5044c85b97,NESTED_INNER_SCREEN,morphology_resnet,multiview_zscore,10.0,none,multitask,multitask,jitter_scale,none,271830,340979,340979,29234,7315,20.819652557373047,2,I200_ARCH_052_5044c85b97,ok,52
3,0.6334162147995693,12.929165840148926,8.469574928283691,10.699370384216309,12.929165840148926,16.46393394470215,11.02280044555664,-1.272652268409729,-0.7042503952980042,0.4149374268079711,0.484105326939266,0.7088567018508911,3727,13.251579284667969,8.663716316223145,563,27.65874481201172,17.35734748840332,4391,11.341423034667969,6.938412189483643,0.0,1.0,0.2482570061517429,0.4695830485304169,0.6527682843472317,0.3734791524265208,0.6771018455228982,0.8527682843472317,0.713101327419281,N200_O2_I200_ARCH_053_ccf610cb46,NESTED_INNER_SCREEN,morphology_resnet,multiview_zscore,10.0,none,multitask,multitask,jitter_scale,none,271830,702208,702208,29234,7315,21.526772260665894,2,I200_ARCH_053_ccf610cb46,ok,53
3,0.6332042100382786,12.90681266784668,8.583971977233887,10.745391845703123,12.90681266784668,16.402332305908203,11.089677810668944,-0.311146467924118,0.1174810677766799,0.4108122828842031,0.473321553873725,0.7129120826721191,3727,13.506721496582031,9.211570739746094,563,27.260292053222656,16.703868865966797,4391,11.533781051635742,7.5366668701171875,0.0,1.0,0.2470266575529733,0.4671223513328776,0.6522214627477786,0.363362952836637,0.6675324675324675,0.84688995215311,0.7235351204872131,N200_O2_I200_ARCH_054_11a301aeaa,NESTED_INNER_SCREEN,morphology_resnet,multiview_zscore,10.0,none,multitask,multitask,jitter_scale,none,271830,716650,716650,29234,7315,21.82129192352295,2,I200_ARCH_054_11a301aeaa,ok,54
4,0.603787259338728,12.97107219696045,8.4722261428833,10.721649169921877,12.97107219696045,16.625038146972656,11.129255294799805,-1.5571441650390625,-0.9625738263130188,0.4010470081122607,0.4795604220884955,0.710139274597168,3727,13.308507919311523,8.467426300048828,563,28.60954666137696,17.02047348022461,4391,11.317591667175291,6.89474630355835,0.0,1.0,0.2531784005468216,0.4673957621326042,0.6550922761449077,0.3874231032125769,0.6820232399179768,0.848257006151743,0.7124536633491516,N200_O2_I200_ARCH_055_27730cb7fa,NESTED_INNER_SCREEN,morphology_resnet,multiview_zscore,10.0,none,multitask,multitask,jitter_scale,none,271830,704561,704561,29234,7315,21.78898406028748,2,I200_ARCH_055_27730cb7fa,ok,55
3,0.6309175495228736,12.928479194641112,8.446784019470215,10.687631607055664,12.928479194641112,16.399599075317383,10.978023529052734,-0.1193669736385345,-0.2239978015422821,0.414587160332065,0.4891230196166716,0.7079046964645386,3727,13.608023643493652,8.868700981140137,563,26.39521598815918,16.602014541625977,4391,11.664717674255373,7.23652458190918,0.0,1.0,0.2470266575529733,0.4630211893369788,0.6503075871496924,0.3770334928229665,0.678879015721121,0.8490772385509228,0.7169811725616455,N200_O2_I200_ARCH_056_338e357fc6,NESTED_INNER_SCREEN,morphology_resnet,multiview_zscore,10.0,none,multitask,multitask,jitter_scale,none,271830,719003,719003,29234,7315,21.95543599128723,2,I200_ARCH_056_338e357fc6,ok,56
4,0.6053750179951487,12.998022079467772,8.42375659942627,10.71088981628418,12.998022079467772,16.651199340820312,11.046106338500977,-1.9087932109832764,-0.920931339263916,0.402120117204156,0.4870918003093455,0.7089107036590576,3727,13.19827938079834,8.539098739624023,563,29.001445770263672,17.079574584960938,4391,11.258371353149414,6.894572734832764,0.0,1.0,0.2504442925495557,0.4754613807245386,0.6530416951469583,0.383321941216678,0.683526999316473,0.8497607655502393,0.7114934921264648,N200_O2_I200_ARCH_057_ee9c02f433,NESTED_INNER_SCREEN,morphology_resnet,multiview_zscore,10.0,none,multitask,multitask,jitter_scale,none,271830,1210304,1210304,29234,7315,29.28064703941345,2,I200_ARCH_057_ee9c02f433,ok,57
4,0.606721614310944,13.005751609802246,8.457269668579102,10.731510162353516,13.005751609802246,16.685588836669922,11.093652725219728,-2.472031354904175,-0.9524643421173096,0.4011506762910565,0.4809152523719406,0.7104988098144531,3727,13.149723052978516,8.524868965148926,563,29.904550552368164,17.122509002685547,4391,11.136878967285156,6.889538288116455,0.0,1.0,0.2526315789473684,0.4717703349282297,0.6523581681476418,0.3831852358168147,0.6825700615174299,0.8473000683526999,0.7121988534927368,N200_O2_I200_ARCH_058_3835373060,NESTED_INNER_SCREEN,morphology_resnet,multiview_zscore,10.0,none,multitask,multitask,jitter_scale,none,271830,1235714,1235714,29234,7315,29.54126238822937,2,I200_ARCH_058_3835373060,ok,58
3,0.6351531786856308,12.7997465133667,8.440651893615723,10.620199203491213,12.7997465133667,16.284805297851562,11.017051696777344,-1.108220100402832,-0.9644069075584412,0.4202831586666248,0.4876503962686237,0.7040469646453857,3727,13.267552375793455,8.555071830749512,563,28.14596939086914,17.717992782592773,4391,11.25355339050293,6.799782752990723,0.0,1.0,0.2507177033492823,0.4736842105263157,0.6559125085440874,0.3767600820232399,0.6816131237183869,0.852904989747095,0.7084943056106567,N200_O2_I200_ARCH_059_54930088fe,NESTED_INNER_SCREEN,morphology_resnet,multiview_zscore,10.0,none,multitask,multitask,jitter_scale,none,271830,1214465,1214465,29234,7315,29.46014833450317,2,I200_ARCH_059_54930088fe,ok,59
3,0.6344027293273826,12.84703540802002,8.437040328979492,10.642038345336914,12.84703540802002,16.361221313476562,11.035215377807615,-1.2878299951553345,-1.185510754585266,0.4170528486424172,0.4881718404733927,0.7052241563796997,3727,13.243885040283203,8.419261932373047,563,27.97296714782715,17.837554931640625,4391,11.29933738708496,6.678986549377441,0.0,1.0,0.2488038277511961,0.4743677375256322,0.6594668489405332,0.380041011619959,0.6807928913192071,0.8511278195488722,0.7078219652175903,N200_O2_I200_ARCH_060_0d813cd0a4,NESTED_INNER_SCREEN,morphology_resnet,multiview_zscore,10.0,none,multitask,multitask,jitter_scale,none,271830,1239875,1239875,29234,7315,29.48907423019409,2,I200_ARCH_060_0d813cd0a4,ok,60
3,0.6342014261320525,12.826251029968262,8.421399116516113,10.623825073242188,12.826251029968262,16.308624267578125,10.956257820129396,-1.196486473083496,-0.6656776070594788,0.4197917797224216,0.4931329868545029,0.7040016651153564,3727,13.277762413024902,8.699326515197754,563,27.940732955932617,17.36224365234375,4391,11.299277305603027,6.959697246551514,0.0,1.0,0.2494873547505126,0.4691729323308271,0.6591934381408066,0.3788106630211893,0.6827067669172933,0.8527682843472317,0.7100077271461487,N200_O2_I200_ARCH_061_da08e0da96,NESTED_INNER_SCREEN,morphology_resnet,multiview_zscore,10.0,none,multitask,multitask,jitter_scale,none,271830,1857664,1857664,29234,7315,41.05069828033447,2,I200_ARCH_061_da08e0da96,ok,61
3,0.6346172702078726,12.839900970458984,8.452384948730469,10.646142959594728,12.839900970458984,16.33683967590332,11.012764930725098,-1.3165743350982666,-0.7347654104232788,0.4179056258370747,0.4858020804606226,0.7056521773338318,3727,13.263286590576172,8.705430030822754,563,28.21241950988769,17.492788314819336,4391,11.261636734008787,6.9453206062316895,0.0,1.0,0.2501708817498291,0.4663021189336979,0.6579630895420369,0.37634996582365,0.679835953520164,0.854272043745728,0.7112066745758057,N200_O2_I200_ARCH_062_144e74c5b2,NESTED_INNER_SCREEN,morphology_resnet,multiview_zscore,10.0,none,multitask,multitask,jitter_scale,none,271830,1897114,1897114,29234,7315,41.27570867538452,2,I200_ARCH_062_144e74c5b2,ok,62
3,0.6342730335160798,12.78783130645752,8.504592895507812,10.646211624145508,12.78783130645752,16.295555114746094,11.035536766052246,-0.8578118085861206,-0.6009827256202698,0.4152954584821602,0.4822051149227496,0.7063299417495728,3727,13.322014808654783,8.880202293395996,563,28.168262481689453,17.77873420715332,4391,11.2885160446167,6.993648052215576,0.0,1.0,0.2544087491455912,0.4750512645249487,0.6593301435406699,0.3689678742310321,0.6710868079289132,0.8511278195488722,0.7139145135879517,N200_O2_I200_ARCH_063_1975c0590c,NESTED_INNER_SCREEN,morphology_resnet,multiview_zscore,10.0,none,multitask,multitask,jitter_scale,none,271830,1864145,1864145,29234,7315,41.18583011627197,2,I200_ARCH_063_1975c0590c,ok,63
3,0.6328152071416767,12.809993743896484,8.50458812713623,10.657291412353516,12.809993743896484,16.307029724121094,11.048332214355469,-0.95525062084198,-0.6852198243141174,0.415376282152646,0.4805164986284896,0.7069506645202637,3727,13.353675842285156,8.827753067016602,563,28.180194854736328,17.796470642089844,4391,11.3189697265625,6.97690486907959,0.0,1.0,0.2512645249487354,0.4708133971291866,0.6560492139439508,0.3730690362269309,0.674231032125769,0.8508544087491456,0.7140651941299438,N200_O2_I200_ARCH_064_6008f5a3b1,NESTED_INNER_SCREEN,morphology_resnet,multiview_zscore,10.0,none,multitask,multitask,jitter_scale,none,271830,1903595,1903595,29234,7315,41.421382188797,2,I200_ARCH_064_6008f5a3b1,ok,64
4,0.6316331695107853,12.760848999023438,8.432136535644531,10.596492767333984,12.760848999023438,16.27755355834961,10.994980812072754,-0.9567558169364928,-0.8517019152641296,0.4138581747636661,0.4895754275216383,0.7026087045669556,3727,13.27163028717041,8.60666275024414,563,28.673973083496094,17.50324058532715,4391,11.242674827575684,6.803359508514404,0.0,1.0,0.2497607655502392,0.4755980861244019,0.6652084757347915,0.3771701982228298,0.676555023923445,0.8537252221462748,0.7079720497131348,N200_O2_I200_ARCH_065_a8d7af58eb,NESTED_INNER_SCREEN,longconv,multiview_zscore,10.0,none,multitask,multitask,jitter_scale,none,271830,100713,100713,29234,7315,11.62774419784546,2,I200_ARCH_065_a8d7af58eb,ok,65
4,0.6297468067773806,12.760441780090332,8.5123929977417,10.636417388916016,12.760441780090332,16.324756622314453,11.146936416625977,-0.9804558753967284,-1.2761160135269165,0.4099312278460286,0.4737337326189626,0.7058817744255066,3727,13.294629096984863,8.447802543640137,563,28.82051467895508,17.816341400146484,4391,11.242006301879885,6.692054748535156,0.0,1.0,0.2557758031442242,0.477511961722488,0.6596035543403964,0.3842788790157211,0.67053998632946,0.8507177033492823,0.7089625597000122,N200_O2_I200_ARCH_066_734bb3ccfc,NESTED_INNER_SCREEN,longconv,multiview_zscore,10.0,none,multitask,multitask,jitter_scale,none,271830,108905,108905,29234,7315,12.473017930984495,2,I200_ARCH_066_734bb3ccfc,ok,66
4,0.627327138302373,12.80448055267334,8.469005584716797,10.636743545532228,12.80448055267334,16.376070022583008,11.040570259094238,-1.260814905166626,-0.7935144901275635,0.4115855582436507,0.4836688552012554,0.7053400278091431,3727,13.16331672668457,8.603080749511719,563,28.44719696044922,16.91241455078125,4391,11.219229698181152,6.9455742835998535,0.0,1.0,0.2526315789473684,0.479835953520164,0.6628844839371155,0.380997949419002,0.676144907723855,0.8519480519480519,0.7092251777648926,N200_O2_I200_ARCH_067_5a41f58e2b,NESTED_INNER_SCREEN,longconv,multiview_zscore,10.0,none,multitask,multitask,jitter_scale,none,271830,113387,113387,29234,7315,12.514087438583374,2,I200_ARCH_067_5a41f58e2b,ok,67
4,0.6224886030932657,12.762563705444336,8.450407028198242,10.606485366821287,12.762563705444336,16.35361671447754,11.036505699157717,-1.4197489023208618,-1.0778298377990725,0.4111590865318778,0.4864058482121507,0.703404426574707,3727,13.126886367797852,8.47783374786377,563,29.0390567779541,17.76919937133789,4391,11.105066299438477,6.691473007202148,0.0,1.0,0.2585099111414901,0.4795625427204374,0.6645249487354751,0.3760765550239234,0.6738209159261791,0.8557758031442242,0.7062368988990784,N200_O2_I200_ARCH_068_3777a7beba,NESTED_INNER_SCREEN,longconv,multiview_zscore,10.0,none,multitask,multitask,jitter_scale,none,271830,125675,125675,29234,7315,17.66769051551819,2,I200_ARCH_068_3777a7beba,ok,68
4,0.6281813796049629,12.758479118347168,8.489861488342285,10.624170303344728,12.758479118347168,16.30670166015625,11.091279029846191,-1.592437505722046,-1.0734071731567385,0.4172514975297787,0.4783938940081598,0.7049046754837036,3727,13.106361389160156,8.548763275146484,563,28.99745750427246,17.836931228637695,4391,11.148826599121094,6.747827053070068,0.0,1.0,0.2564593301435406,0.4787423103212577,0.6649350649350649,0.3771701982228298,0.6723171565276829,0.8522214627477785,0.7079440355300903,N200_O2_I200_ARCH_069_03f2b1dbc2,NESTED_INNER_SCREEN,longconv,multiview_zscore,10.0,none,multitask,multitask,jitter_scale,none,271830,172889,172889,29234,7315,12.92740035057068,2,I200_ARCH_069_03f2b1dbc2,ok,69
4,0.6217800156742919,12.85592555999756,8.41106128692627,10.633493423461914,12.85592555999756,16.415599822998047,11.014444351196287,-0.8385958075523376,-0.7147495746612549,0.4123780413129211,0.4877211090098314,0.7044099569320679,3727,13.247621536254885,8.54819393157959,563,27.34316635131836,16.70932388305664,4391,11.393037796020508,6.889004707336426,0.0,1.0,0.2507177033492823,0.479835953520164,0.65892002734108,0.3794941900205058,0.6764183185235817,0.8500341763499658,0.7085565328598022,N200_O2_I200_ARCH_070_d12e3e397d,NESTED_INNER_SCREEN,longconv,multiview_zscore,10.0,none,multitask,multitask,jitter_scale,none,271830,185177,185177,29234,7315,16.501206159591675,2,I200_ARCH_070_d12e3e397d,ok,70
1,0.7092182885587605,13.112502098083496,8.608945846557617,10.860723495483398,13.112502098083496,16.50894546508789,11.251787185668944,0.8936673998832703,-1.4110256433486938,0.379732992174068,0.4598583283269439,0.7196969985961914,3727,14.27439022064209,8.452387809753418,563,28.855607986450195,18.60264015197754,4391,12.061598777770996,6.629875183105469,0.0,1.0,0.2332194121667805,0.4526315789473684,0.6475734791524265,0.3733424470266575,0.6657552973342447,0.8485304169514696,0.7262334823608398,N200_O2_I200_ARCH_071_6880a324e2,NESTED_INNER_SCREEN,longconv,multiview_zscore,10.0,none,multitask,multitask,jitter_scale,none,271830,198043,198043,29234,7315,11.120759963989258,2,I200_ARCH_071_6880a324e2,ok,71
4,0.6140807995609209,12.908540725708008,8.427780151367188,10.668160438537598,12.908540725708008,16.545766830444336,11.014229774475098,-2.0517237186431885,-1.125754952430725,0.4074160194164083,0.4909743063792306,0.7065683603286743,3727,13.094788551330566,8.362923622131348,563,28.729154586791992,17.34453773498535,4391,11.205769538879396,6.676858901977539,0.0,1.0,0.253861927546138,0.4816131237183869,0.6550922761449077,0.3803144224196856,0.6807928913192071,0.8555023923444977,0.7072093486785889,N200_O2_I200_ARCH_072_6d2d0fb6ea,NESTED_INNER_SCREEN,longconv,multiview_zscore,10.0,none,multitask,multitask,jitter_scale,none,271830,216475,216475,29234,7315,21.826043605804443,2,I200_ARCH_072_6d2d0fb6ea,ok,72
4,0.6336503562584422,12.810746192932127,8.453237533569336,10.63199234008789,12.810746192932127,16.297273635864258,11.049583435058594,-0.3638008236885071,-0.8230161666870117,0.4184018178929577,0.4821327610252673,0.7048702239990234,3727,13.394868850708008,8.5400972366333,563,27.52859878540039,17.313486099243164,4391,11.376500129699709,6.878334999084473,0.0,1.0,0.2464798359535201,0.4724538619275461,0.6619275461380725,0.3755297334244702,0.6776486671223513,0.8538619275461381,0.7098503112792969,N200_O2_I200_ARCH_073_f3d457acb9,NESTED_INNER_SCREEN,conv_transformer_lite,multiview_zscore,10.0,none,multitask,multitask,jitter_scale,none,271830,148804,148804,29234,7315,7.960825681686401,2,I200_ARCH_073_f3d457acb9,ok,73
5,0.618933340303259,12.740678787231444,8.443737983703613,10.592208862304688,12.740678787231444,16.110130310058594,11.176312446594238,0.1277897506952285,-2.2775566577911377,0.4277548866508783,0.4936443764347883,0.7025183439254761,3727,13.577614784240724,7.732418537139893,563,27.33586883544922,18.42172813415528,4391,11.509146690368652,6.161627292633057,0.0017761989342806,1.0,0.2464798359535201,0.4683526999316473,0.661244019138756,0.3896103896103896,0.681203007518797,0.8497607655502393,0.7011028528213501,N200_O2_I200_ARCH_074_4c2652ec21,NESTED_INNER_SCREEN,conv_transformer_lite,multiview_zscore,10.0,none,multitask,multitask,jitter_scale,none,271830,182276,182276,29234,7315,8.272584199905396,2,I200_ARCH_074_4c2652ec21,ok,74
4,0.6307809571035548,12.788409233093262,8.47015380859375,10.629281997680664,12.788409233093262,16.31599998474121,11.170218467712402,-0.9757735133171082,-1.7330774068832395,0.4097940159189759,0.4794397553460858,0.7049367427825928,3727,13.363887786865234,8.145068168640137,563,28.482147216796875,18.409040451049805,4391,11.318360328674316,6.301513671875,0.0,1.0,0.2548188653451811,0.4724538619275461,0.6593301435406699,0.384688995215311,0.6750512645249488,0.8479835953520164,0.7056415677070618,N200_O2_I200_ARCH_075_efb5ec9ba5,NESTED_INNER_SCREEN,conv_transformer_lite,multiview_zscore,10.0,none,multitask,multitask,jitter_scale,none,271830,189764,189764,29234,7315,7.869915962219238,2,I200_ARCH_075_efb5ec9ba5,ok,75
4,0.630649710792342,12.84139919281006,8.488068580627441,10.66473388671875,12.84139919281006,16.33019256591797,11.015260696411133,-0.6689802408218384,-0.504874587059021,0.4096178331399671,0.4835582722440101,0.7071545124053955,3727,13.43994140625,8.86631965637207,563,28.01824188232422,17.179624557495117,4391,11.396554946899414,7.054945468902588,0.0,1.0,0.2477101845522898,0.4720437457279562,0.6564593301435406,0.3755297334244702,0.67053998632946,0.851537935748462,0.715216875076294,N200_O2_I200_ARCH_076_7c82063b42,NESTED_INNER_SCREEN,conv_transformer_lite,multiview_zscore,10.0,none,multitask,multitask,jitter_scale,none,271830,223236,223236,29234,7315,8.138919591903687,2,I200_ARCH_076_7c82063b42,ok,76
4,0.62936259134143,12.713438034057615,8.482855796813965,10.598146438598633,12.713438034057615,16.251121520996094,11.131778717041016,-1.0867180824279783,-1.4265861511230469,0.4206713656710541,0.4783667252802309,0.7033560276031494,3727,13.17205047607422,8.341423034667969,563,28.677614212036133,18.27699279785156,4391,11.10404109954834,6.550040245056152,0.0,1.0,0.2516746411483254,0.4801093643198906,0.6679425837320574,0.3747095010252905,0.675187969924812,0.849624060150376,0.7051212787628174,N200_O2_I200_ARCH_077_be22171213,NESTED_INNER_SCREEN,conv_transformer_lite,multiview_zscore,10.0,none,multitask,multitask,jitter_scale,none,271830,287268,287268,29234,7315,8.118770599365234,2,I200_ARCH_077_be22171213,ok,77
4,0.6280466676537507,12.745000839233398,8.484326362609863,10.614664077758787,12.745000839233398,16.32358169555664,11.053827285766602,-1.6950067281723022,-0.8276170492172241,0.4212444329197564,0.4807429124461076,0.7043005228042603,3727,13.049671173095703,8.665884017944336,563,29.175365447998047,17.605451583862305,4391,10.987313270568848,6.869000434875488,0.0,1.0,0.2524948735475051,0.4755980861244019,0.6646616541353384,0.3732057416267942,0.6747778537252221,0.8503075871496925,0.7082921266555786,N200_O2_I200_ARCH_078_11203ead88,NESTED_INNER_SCREEN,conv_transformer_lite,multiview_zscore,10.0,none,multitask,multitask,jitter_scale,none,271830,362052,362052,29234,7315,8.609315156936646,2,I200_ARCH_078_11203ead88,ok,78
4,0.6210508249164407,12.858912467956545,8.461563110351562,10.660238265991213,12.858912467956545,16.424802780151367,10.989949226379396,-2.36399793624878,-0.4247881472110748,0.4212692616710931,0.4866495032032766,0.706560492515564,3727,12.933094024658203,8.873790740966797,563,28.9774169921875,16.988418579101562,4391,11.034822463989258,7.077831268310547,0.0,1.0,0.2455228981544771,0.4766917293233083,0.6567327409432673,0.3726589200273411,0.6740943267259056,0.8538619275461381,0.7112976312637329,N200_O2_I200_ARCH_079_6c3ed2e316,NESTED_INNER_SCREEN,conv_transformer_lite,multiview_zscore,10.0,none,multitask,multitask,jitter_scale,none,271830,379428,379428,29234,7315,8.025279521942139,2,I200_ARCH_079_6c3ed2e316,ok,79
4,0.6257463713097416,12.789170265197754,8.48835563659668,10.638763427734377,12.789170265197754,16.346065521240234,11.083735466003418,-0.4988214075565338,-0.5401317477226257,0.4147588584550156,0.4748073111211831,0.7057029604911804,3727,13.41137409210205,8.800005912780762,563,27.38681411743164,17.071638107299805,4391,11.40412139892578,7.0461039543151855,0.0,1.0,0.2561859193438141,0.4740943267259057,0.65892002734108,0.3792207792207792,0.6758714969241285,0.8479835953520164,0.7132496237754822,N200_O2_I200_ARCH_080_6cf6891d58,NESTED_INNER_SCREEN,conv_transformer_lite,multiview_zscore,10.0,none,multitask,multitask,jitter_scale,none,271830,454212,454212,29234,7315,8.362508058547974,2,I200_ARCH_080_6cf6891d58,ok,80
5,0.6359404138490266,12.899035453796388,8.581174850463867,10.740104675292969,12.899035453796388,16.24361228942871,11.298977851867676,0.7285811901092529,-2.0165328979492188,0.412968594297213,0.4713234513802235,0.7125796675682068,3727,13.954509735107422,7.960349559783935,563,27.98256492614746,18.53647804260254,4391,11.74268913269043,6.361351490020752,0.0,1.0,0.2381408065618591,0.4594668489405331,0.6553656869446343,0.3768967874231032,0.6771018455228982,0.84688995215311,0.7136207818984985,N200_O2_I200_INPUT_001_5a0a67ff05,NESTED_INNER_SCREEN,adaptive_resnet,ppg,5.0,none,multitask,multitask,jitter_scale,none,271830,794047,794047,29234,7315,14.864020347595217,2,I200_INPUT_001_5a0a67ff05,ok,81
4,0.6402387677454481,12.806461334228516,8.52853012084961,10.667495727539062,12.806461334228516,16.336368560791016,11.02310848236084,-0.6199161410331726,-0.4144027829170227,0.411281541900101,0.4823296538527672,0.7078315019607544,3727,13.373109817504885,8.82029914855957,563,28.05355453491211,17.17496681213379,4391,11.340712547302246,7.137342929840088,0.0,1.0,0.2494873547505126,0.4760082023239918,0.6620642515379358,0.3626794258373206,0.671496924128503,0.852904989747095,0.7147856950759888,N200_O2_I200_INPUT_002_ac74cecb2b,NESTED_INNER_SCREEN,adaptive_resnet,ppg,10.0,none,multitask,multitask,jitter_scale,none,271830,794047,794047,29234,7315,22.527304649353027,2,I200_INPUT_002_ac74cecb2b,ok,82
4,0.6397706706539478,12.868215560913086,8.537620544433594,10.70291805267334,12.868215560913086,16.325624465942383,11.003747940063477,-0.0449535138905048,-0.3025398552417755,0.407626720306577,0.4842191760058579,0.7099337577819824,3727,13.593287467956545,8.892126083374023,563,27.55647850036621,17.09893035888672,4391,11.548474311828612,7.179051876068115,0.0,1.0,0.24688995215311,0.4698564593301435,0.6579630895420369,0.3636363636363636,0.6697197539302803,0.8509911141490089,0.7186394333839417,N200_O2_I200_INPUT_003_2b0fb1a8ff,NESTED_INNER_SCREEN,adaptive_resnet,ppg,15.0,none,multitask,multitask,jitter_scale,none,271830,794047,794047,29234,7315,35.826889514923096,2,I200_INPUT_003_2b0fb1a8ff,ok,83
5,0.6249995971816817,12.868582725524902,8.68002700805664,10.77430534362793,12.868582725524902,16.4276123046875,11.5175199508667,-1.1194740533828735,-2.7013723850250244,0.3944683561672858,0.4555192891370483,0.7157719731330872,3727,13.451315879821776,7.760378360748291,563,29.98230743408203,20.05576705932617,4391,11.30630588531494,6.015791416168213,0.0142095914742451,0.9997037914691944,0.2447026657552973,0.4784688995215311,0.6586466165413534,0.3841421736158578,0.6638414217361586,0.8404647983595352,0.7104445695877075,N200_O2_I200_INPUT_004_520f82a220,NESTED_INNER_SCREEN,adaptive_resnet,ppg,10.0,raw__fusion+scale,multitask,multitask,jitter_scale,none,271830,810175,810175,29234,7315,22.578490257263184,2,I200_INPUT_004_520f82a220,ok,84
3,0.6639251015544717,13.00811767578125,8.713505744934082,10.860811233520508,13.00811767578125,16.53360939025879,11.343427658081056,-0.8833408951759338,-1.269832730293274,0.3832777681610608,0.4428997870649404,0.7210514545440674,3727,13.565391540527344,8.63420581817627,563,29.43427276611328,19.180408477783203,4391,11.440274238586426,6.713861465454102,0.0,1.0,0.2412850307587149,0.4745044429254955,0.6457963089542037,0.3645933014354067,0.6564593301435406,0.8403280929596719,0.7241435050964355,N200_O2_I200_INPUT_005_cbd8675b74,NESTED_INNER_SCREEN,adaptive_resnet,ppg,10.0,bandpass_robust__fusion,multitask,multitask,jitter_scale,none,271830,809791,809791,29234,7315,22.58026385307312,2,I200_INPUT_005_cbd8675b74,ok,85
5,0.6351378351644753,12.80629825592041,8.646814346313477,10.726556777954102,12.80629825592041,16.19390106201172,11.426963806152344,0.1533599346876144,-2.563904523849488,0.4173998005788624,0.4738738330780873,0.71266770362854,3727,13.6574125289917,7.6693525314331055,563,28.207672119140625,18.682218551635746,4391,11.492592811584473,6.212015628814697,0.0,1.0,0.2467532467532467,0.4678058783321941,0.6600136705399863,0.380041011619959,0.6768284347231716,0.8416951469583048,0.7086285948753357,N200_O2_I200_INPUT_006_7d7ae74fb0,NESTED_INNER_SCREEN,adaptive_resnet,ppg_zscore,5.0,none,multitask,multitask,jitter_scale,none,271830,794047,794047,29234,7315,15.240619897842407,2,I200_INPUT_006_7d7ae74fb0,ok,86
4,0.6411846163226109,12.83232307434082,8.505032539367676,10.668678283691406,12.83232307434082,16.328998565673828,11.001240730285645,-0.3841291666030884,-0.417668730020523,0.4126094452185002,0.4850233712559522,0.7075944542884827,3727,13.5143404006958,8.891679763793945,563,27.567251205444336,17.38687515258789,4391,11.473278045654297,7.115817546844482,0.0,1.0,0.2500341763499658,0.4727272727272727,0.6578263841421736,0.3643198906356801,0.6676691729323309,0.8559125085440875,0.716327428817749,N200_O2_I200_INPUT_007_3d0037dee3,NESTED_INNER_SCREEN,adaptive_resnet,ppg_zscore,10.0,none,multitask,multitask,jitter_scale,none,271830,794047,794047,29234,7315,22.5976345539093,2,I200_INPUT_007_3d0037dee3,ok,87
5,0.6289432204626744,12.88524055480957,8.516949653625488,10.701095581054688,12.88524055480957,16.204885482788086,11.162567138671877,1.4088481664657593,-1.5128412246704102,0.4231444961733035,0.4809444907304267,0.7095648050308228,3727,14.06765079498291,8.066377639770508,563,27.06254768371582,17.655719757080078,4391,11.896832466125488,6.539610385894775,0.0,1.0,0.2382775119617224,0.4594668489405331,0.6561859193438141,0.3738892686261107,0.6794258373205742,0.8519480519480519,0.713236927986145,N200_O2_I200_INPUT_008_9f0d2de734,NESTED_INNER_SCREEN,adaptive_resnet,ppg_zscore,15.0,none,multitask,multitask,jitter_scale,none,271830,794047,794047,29234,7315,35.801005125045776,2,I200_INPUT_008_9f0d2de734,ok,88
5,0.6210073976734884,12.86397933959961,8.641571998596191,10.752775192260742,12.86397933959961,16.311729431152344,11.4507417678833,-0.3444972038269043,-2.345268726348877,0.4028256764439463,0.4540384222395646,0.7140692472457886,3727,13.7089262008667,7.96811056137085,563,29.204065322875977,19.802398681640625,4391,11.537837982177734,6.16344165802002,0.0142095914742451,0.9995556872037916,0.2382775119617224,0.4675324675324675,0.6594668489405332,0.3799043062200957,0.6639781271360219,0.8447026657552973,0.7130972146987915,N200_O2_I200_INPUT_009_c7601107b8,NESTED_INNER_SCREEN,adaptive_resnet,ppg_zscore,10.0,raw__fusion+scale,multitask,multitask,jitter_scale,none,271830,810175,810175,29234,7315,22.73452019691468,2,I200_INPUT_009_c7601107b8,ok,89
3,0.6638606891912573,13.01340389251709,8.721758842468262,10.867581367492676,13.01340389251709,16.54589080810547,11.328758239746094,-0.3787144124507904,-1.139519453048706,0.3791838406674036,0.4428122588262549,0.7215373516082764,3727,13.766263961791992,8.732870101928711,563,28.942716598510746,19.064695358276367,4391,11.614895820617676,6.791669845581055,0.0017761989342806,1.0,0.2415584415584415,0.4697197539302802,0.6489405331510595,0.3628161312371838,0.6550922761449077,0.8430622009569378,0.7269243001937866,N200_O2_I200_INPUT_010_231d30bd00,NESTED_INNER_SCREEN,adaptive_resnet,ppg_zscore,10.0,bandpass_robust__fusion,multitask,multitask,jitter_scale,none,271830,809791,809791,29234,7315,22.449873447418213,2,I200_INPUT_010_231d30bd00,ok,90
5,0.6408851419398988,12.88809871673584,8.595987319946289,10.742042541503906,12.88809871673584,16.29779624938965,11.394911766052246,0.4477764070034027,-2.382663488388061,0.405377816577026,0.4683066254716488,0.712879478931427,3727,13.87081241607666,7.815311908721924,563,27.868423461914062,18.725425720214844,4391,11.740386962890623,6.199033737182617,0.0,1.0,0.2449760765550239,0.4616541353383459,0.6535885167464115,0.3861927546138072,0.6783321941216678,0.8433356117566644,0.711775541305542,N200_O2_I200_INPUT_011_adc5468579,NESTED_INNER_SCREEN,adaptive_resnet,ppg_bandpass,5.0,none,multitask,multitask,jitter_scale,none,271830,794047,794047,29234,7315,15.20148777961731,2,I200_INPUT_011_adc5468579,ok,91
5,0.6325609493099786,12.926252365112305,8.528925895690918,10.727588653564451,12.926252365112305,16.297327041625977,11.26265811920166,1.5906946659088137,-2.1371748447418213,0.4146182028163039,0.4822404194978937,0.711203932762146,3727,14.18155288696289,7.844666481018066,563,26.5864486694336,18.18898200988769,4391,12.07886791229248,6.314146995544434,0.0,1.0,0.2427887901572112,0.4593301435406698,0.6549555707450444,0.3818181818181818,0.6833902939166097,0.8473000683526999,0.7129956483840942,N200_O2_I200_INPUT_012_69e7b3b71a,NESTED_INNER_SCREEN,adaptive_resnet,ppg_bandpass,10.0,none,multitask,multitask,jitter_scale,none,271830,794047,794047,29234,7315,22.49173712730408,2,I200_INPUT_012_69e7b3b71a,ok,92
4,0.6436458452075136,12.888270378112791,8.553116798400879,10.720693588256836,12.888270378112791,16.32876968383789,11.04084300994873,-0.5978479385375977,-0.651272177696228,0.4031755547982137,0.4821454065988842,0.7111297845840454,3727,13.540691375732422,8.813950538635254,563,28.818172454833984,17.943788528442383,4391,11.433904647827148,6.963220596313477,0.0,1.0,0.2459330143540669,0.4643882433356117,0.6571428571428571,0.3629528366370471,0.6604237867395762,0.8544087491455913,0.7183682322502136,N200_O2_I200_INPUT_013_8621741f8c,NESTED_INNER_SCREEN,adaptive_resnet,ppg_bandpass,15.0,none,multitask,multitask,jitter_scale,none,271830,794047,794047,29234,7315,35.79751300811768,2,I200_INPUT_013_8621741f8c,ok,93
5,0.6340648765657463,13.039862632751465,8.770174980163574,10.90501880645752,13.039862632751465,16.5991153717041,11.568733215332031,0.1073451787233352,-2.1841859817504883,0.3677258059087454,0.4308376184794562,0.7242600917816162,3727,14.04612159729004,8.124641418457031,563,28.743881225585938,19.66572380065918,4391,11.926395416259766,6.309437274932861,0.0266429840142095,0.99896327014218,0.2433356117566643,0.468215994531784,0.6490772385509228,0.3748462064251538,0.6535885167464115,0.8399179767600821,0.7247036695480347,N200_O2_I200_INPUT_014_cfcb3bf74d,NESTED_INNER_SCREEN,adaptive_resnet,ppg_bandpass,10.0,raw__fusion+scale,multitask,multitask,jitter_scale,none,271830,810175,810175,29234,7315,22.47331929206848,2,I200_INPUT_014_cfcb3bf74d,ok,94
4,0.6549524898622551,13.005179405212402,8.718957901000977,10.862068176269531,13.005179405212402,16.515892028808594,11.422664642333984,0.3033704161643982,-1.698434591293335,0.3794857657008646,0.4389612715871792,0.7211923003196716,3727,13.95217990875244,8.420893669128418,563,28.39355659484864,19.69430160522461,4391,11.7766752243042,6.492661476135254,0.0071047957371225,0.9997037914691944,0.239917976760082,0.4667122351332877,0.6534518113465482,0.3662337662337662,0.6617908407382092,0.8427887901572112,0.7247758507728577,N200_O2_I200_INPUT_015_ba8c801495,NESTED_INNER_SCREEN,adaptive_resnet,ppg_bandpass,10.0,bandpass_robust__fusion,multitask,multitask,jitter_scale,none,271830,809791,809791,29234,7315,22.45993423461914,2,I200_INPUT_015_ba8c801495,ok,95
4,0.6029668639298358,13.108012199401855,8.651188850402832,10.879600524902344,13.108012199401855,16.79184341430664,11.332449913024902,-2.055183172225952,-0.8802646994590759,0.3935535771028849,0.456489913418198,0.7213000059127808,3727,13.242476463317873,8.573084831237793,563,28.672515869140625,17.007305145263672,4391,11.347696304321287,7.017192840576172,0.0,0.9994075829383886,0.2457963089542036,0.4765550239234449,0.6479835953520164,0.3736158578263841,0.6669856459330143,0.8381408065618592,0.721442699432373,N200_O2_I200_INPUT_016_7380fb2f5d,NESTED_INNER_SCREEN,adaptive_resnet,derivatives,5.0,none,multitask,multitask,jitter_scale,none,271830,796159,796159,29234,7315,15.224966049194336,2,I200_INPUT_016_7380fb2f5d,ok,96
3,0.6244651398627586,13.271747589111328,8.464147567749023,10.867947578430176,13.271747589111328,16.92463493347168,11.084149360656738,-3.3131256103515625,-1.6205028295516968,0.4085092346740228,0.490943916709688,0.7182328104972839,3727,13.154267311096191,8.090804100036621,563,28.73507308959961,17.735511779785156,4391,11.418983459472656,6.511810779571533,0.0,1.0,0.2459330143540669,0.4642515379357484,0.6367737525632262,0.3819548872180451,0.6799726589200273,0.8494873547505126,0.713590145111084,N200_O2_I200_INPUT_017_279ffe5338,NESTED_INNER_SCREEN,adaptive_resnet,derivatives,10.0,none,multitask,multitask,jitter_scale,none,271830,796159,796159,29234,7315,22.59317326545716,2,I200_INPUT_017_279ffe5338,ok,97
4,0.5944325232427884,13.24388027191162,8.549735069274902,10.896807670593262,13.24388027191162,16.95603370666504,11.212103843688965,-2.7973546981811523,-0.9815847277641296,0.3982775766997513,0.4691744711196806,0.7209546566009521,3727,13.161134719848633,8.486600875854492,563,29.084030151367188,17.3029727935791,4391,11.39413833618164,6.903186798095703,0.0088809946714031,0.9957049763033176,0.2437457279562542,0.4667122351332877,0.6460697197539302,0.3811346548188653,0.6796992481203008,0.8438824333561176,0.7197291851043701,N200_O2_I200_INPUT_018_062ba085b7,NESTED_INNER_SCREEN,adaptive_resnet,derivatives,15.0,none,multitask,multitask,jitter_scale,none,271830,796159,796159,29234,7315,35.5072238445282,2,I200_INPUT_018_062ba085b7,ok,98
3,0.6224929503366059,12.929423332214355,8.51766586303711,10.72354507446289,12.929423332214355,16.455984115600586,11.050143241882324,-0.9227873682975768,-0.6720455884933472,0.4139131690136504,0.4808274775736264,0.7108319997787476,3727,13.283232688903809,8.645054817199707,563,27.26622200012207,17.207420349121094,4391,11.39376449584961,6.999959468841553,0.0,1.0,0.2448393711551606,0.4731373889268626,0.657552973342447,0.3692412850307587,0.6738209159261791,0.8518113465481887,0.7146134972572327,N200_O2_I200_INPUT_019_a4fd9a28a2,NESTED_INNER_SCREEN,adaptive_resnet,derivatives,10.0,raw__fusion+scale,multitask,multitask,jitter_scale,none,271830,812287,812287,29234,7315,22.695049047470093,2,I200_INPUT_019_a4fd9a28a2,ok,99
2,0.6462636730250191,12.936262130737305,8.563638687133789,10.749950408935549,12.936262130737305,16.406463623046875,11.277576446533203,-1.7679885625839231,-1.8973146677017207,0.4065798763454276,0.4680713546214916,0.7129050493240356,3727,13.232660293579102,8.065637588500977,563,29.0223388671875,18.51289749145508,4391,11.245254516601562,6.353577136993408,0.0,1.0,0.2410116199589883,0.4717703349282297,0.6541353383458647,0.3755297334244702,0.6716336295283664,0.8464798359535202,0.7098860144615173,N200_O2_I200_INPUT_020_1f340aac23,NESTED_INNER_SCREEN,adaptive_resnet,derivatives,10.0,bandpass_robust__fusion,multitask,multitask,jitter_scale,none,271830,811903,811903,29234,7315,18.076807260513306,2,I200_INPUT_020_1f340aac23,ok,100
3,0.631835565847509,13.080850601196287,8.439346313476562,10.760098457336426,13.080850601196287,16.705394744873047,11.058921813964844,-3.1804451942443848,-1.4872632026672363,0.4151175655630921,0.4899575118574562,0.7118693590164185,3727,12.947561264038086,8.266304969787598,563,29.68557548522949,18.04077911376953,4391,11.043821334838867,6.52375078201294,0.0,1.0,0.2423786739576213,0.4710868079289131,0.6516746411483254,0.3831852358168147,0.6783321941216678,0.8523581681476419,0.7091653347015381,N200_O2_I200_INPUT_021_338dce3019,NESTED_INNER_SCREEN,adaptive_resnet,derivatives_zscore,5.0,none,multitask,multitask,jitter_scale,none,271830,796159,796159,29234,7315,15.26529836654663,2,I200_INPUT_021_338dce3019,ok,101
3,0.6272958310600979,12.874267578125,8.439087867736816,10.65667724609375,12.874267578125,16.420991897583008,11.040513038635254,-1.4759721755981443,-1.415685534477234,0.4199624582037627,0.4912420207094736,0.7060708999633789,3727,13.150385856628418,8.239250183105469,563,27.718400955200195,17.870437622070312,4391,11.243064880371094,6.519717693328857,0.0,1.0,0.250580997949419,0.4740943267259057,0.6590567327409432,0.3784005468215994,0.6745044429254956,0.8533151059466849,0.7059603333473206,N200_O2_I200_INPUT_022_8b92050fae,NESTED_INNER_SCREEN,adaptive_resnet,derivatives_zscore,10.0,none,multitask,multitask,jitter_scale,none,271830,796159,796159,29234,7315,22.579986095428467,2,I200_INPUT_022_8b92050fae,ok,102
3,0.6259088964244119,12.93496799468994,8.402671813964844,10.668819427490234,12.93496799468994,16.46668815612793,11.005990982055664,-1.80445408821106,-1.1708879470825195,0.4233439303708347,0.4925165358916429,0.7062812447547913,3727,13.146313667297363,8.33203411102295,563,27.580989837646484,17.44424057006836,4391,11.283173561096191,6.650247573852539,0.0,1.0,0.2449760765550239,0.4702665755297334,0.6556390977443609,0.3793574846206425,0.6854408749145591,0.8541353383458646,0.7070388793945312,N200_O2_I200_INPUT_023_c865cfb797,NESTED_INNER_SCREEN,adaptive_resnet,derivatives_zscore,15.0,none,multitask,multitask,jitter_scale,none,271830,796159,796159,29234,7315,35.88308024406433,2,I200_INPUT_023_c865cfb797,ok,103
3,0.6216068431442859,12.828805923461914,8.557679176330566,10.693243026733398,12.828805923461914,16.387218475341797,11.012847900390623,-2.0153040885925293,-0.0184500887989997,0.4259436918577688,0.482344540169966,0.7096505165100098,3727,12.96527099609375,9.116358757019045,563,28.15844917297364,17.093183517456055,4391,11.08034324645996,7.333072662353516,0.0,1.0,0.2496240601503759,0.4766917293233083,0.6587833219412167,0.3619958988380041,0.6665755297334245,0.8538619275461381,0.7163223028182983,N200_O2_I200_INPUT_024_29fd0c2123,NESTED_INNER_SCREEN,adaptive_resnet,derivatives_zscore,10.0,raw__fusion+scale,multitask,multitask,jitter_scale,none,271830,812287,812287,29234,7315,22.7039852142334,2,I200_INPUT_024_29fd0c2123,ok,104
4,0.6081958798801198,12.93136215209961,8.481081008911133,10.706221580505373,12.93136215209961,16.491687774658203,11.144231796264648,-1.345393180847168,-1.4656033515930176,0.3986201831224003,0.4782046106196034,0.7093890905380249,3727,13.35589599609375,8.292757987976074,563,29.00814437866211,17.956022262573242,4391,11.316813468933104,6.579893589019775,0.0,0.9998518957345972,0.2477101845522898,0.4688995215311005,0.6594668489405332,0.3840054682159945,0.6755980861244019,0.8501708817498291,0.7104358673095703,N200_O2_I200_INPUT_025_53d946abe9,NESTED_INNER_SCREEN,adaptive_resnet,derivatives_zscore,10.0,bandpass_robust__fusion,multitask,multitask,jitter_scale,none,271830,811903,811903,29234,7315,22.68507170677185,2,I200_INPUT_025_53d946abe9,ok,105
4,0.6024883985519409,13.095115661621094,8.551090240478516,10.823102951049805,13.095115661621094,16.786651611328125,11.244977951049805,-1.9102303981781008,-1.295066475868225,0.393292803346443,0.4721415962868397,0.7168421745300293,3727,13.316024780273438,8.271203994750977,563,28.44903945922852,17.121728897094727,4391,11.451629638671877,6.768922328948975,0.0,0.9997037914691944,0.2500341763499658,0.4731373889268626,0.6422419685577581,0.3803144224196856,0.6780587833219412,0.8447026657552973,0.7155259251594543,N200_O2_I200_INPUT_026_9498731ddb,NESTED_INNER_SCREEN,adaptive_resnet,multiview,5.0,none,multitask,multitask,jitter_scale,none,271830,798271,798271,29234,7315,15.180726051330566,2,I200_INPUT_026_9498731ddb,ok,106
3,0.6232659668704263,13.242084503173828,8.510251998901367,10.876168251037598,13.242084503173828,16.951496124267578,11.122673988342283,-2.615838527679444,-1.209955811500549,0.4022716083328108,0.4817570098127099,0.7192885279655457,3727,13.166519165039062,8.237992286682129,563,27.760915756225582,17.20707893371582,4391,11.497476577758787,6.719476222991943,0.0,1.0,0.2533151059466849,0.4637047163362953,0.6360902255639098,0.3752563226247437,0.6758714969241285,0.8481203007518797,0.7159736752510071,N200_O2_I200_INPUT_027_7c2f1494bf,NESTED_INNER_SCREEN,adaptive_resnet,multiview,10.0,none,multitask,multitask,jitter_scale,none,271830,798271,798271,29234,7315,22.545336484909058,2,I200_INPUT_027_7c2f1494bf,ok,107
3,0.6207518470443152,13.09311866760254,8.455755233764648,10.774436950683594,13.09311866760254,16.77017593383789,11.097557067871094,-2.642762422561645,-1.546697974205017,0.4077227648232552,0.4876207388414438,0.7128846049308777,3727,13.081080436706545,8.133398056030273,563,28.000463485717773,17.627574920654297,4391,11.347747802734377,6.513067245483398,0.0,1.0,0.2527682843472317,0.4714969241285031,0.6447026657552973,0.3789473684210526,0.6790157211209843,0.8524948735475051,0.7095022201538086,N200_O2_I200_INPUT_028_b8f71c13b6,NESTED_INNER_SCREEN,adaptive_resnet,multiview,15.0,none,multitask,multitask,jitter_scale,none,271830,798271,798271,29234,7315,35.84955334663391,2,I200_INPUT_028_b8f71c13b6,ok,108
3,0.6198383959290249,12.96016788482666,8.542263984680176,10.751215934753418,12.96016788482666,16.51517105102539,11.08393669128418,-2.1282830238342285,-0.7605269551277161,0.4190473465612782,0.4763890648894186,0.7127000093460083,3727,13.069393157958984,8.668082237243652,563,28.010440826416016,17.426237106323242,4391,11.208693504333496,6.974240303039551,0.0,1.0,0.2466165413533834,0.4724538619275461,0.6515379357484621,0.3723855092276145,0.6701298701298701,0.8490772385509228,0.7147523760795593,N200_O2_I200_INPUT_029_742823fdbc,NESTED_INNER_SCREEN,adaptive_resnet,multiview,10.0,raw__fusion+scale,multitask,multitask,jitter_scale,none,271830,814399,814399,29234,7315,22.69570994377136,2,I200_INPUT_029_742823fdbc,ok,109
2,0.6479090187284682,12.880903244018556,8.540894508361816,10.710899353027344,12.880903244018556,16.353601455688477,11.215014457702637,-1.52151620388031,-1.6731362342834473,0.4086042852811408,0.4711458744841701,0.7104232311248779,3727,13.294794082641602,8.182485580444336,563,29.12244987487793,18.55248260498047,4391,11.242229461669922,6.427619934082031,0.0,1.0,0.244565960355434,0.4669856459330143,0.6609706083390294,0.3762132604237867,0.672863978127136,0.8479835953520164,0.7096552848815918,N200_O2_I200_INPUT_030_149402bc2e,NESTED_INNER_SCREEN,adaptive_resnet,multiview,10.0,bandpass_robust__fusion,multitask,multitask,jitter_scale,none,271830,814015,814015,29234,7315,18.14307284355164,2,I200_INPUT_030_149402bc2e,ok,110
4,0.6098400759541132,12.974787712097168,8.535982131958008,10.75538444519043,12.974787712097168,16.647117614746094,11.087656021118164,-2.196974754333496,-0.5619676113128662,0.4048480101836244,0.4799825209369471,0.7128525972366333,3727,13.152884483337402,8.784451484680176,563,28.79893684387207,16.49125862121582,4391,11.246404647827148,7.205798625946045,0.0,1.0,0.2535885167464115,0.4766917293233083,0.6464798359535202,0.3771701982228298,0.669583048530417,0.8494873547505126,0.7166422009468079,N200_O2_I200_INPUT_031_5ea2002166,NESTED_INNER_SCREEN,adaptive_resnet,multiview_zscore,5.0,none,multitask,multitask,jitter_scale,none,271830,798271,798271,29234,7315,15.229124069213867,2,I200_INPUT_031_5ea2002166,ok,111
4,0.6055101576973411,12.983696937561035,8.501227378845215,10.742462158203123,12.983696937561035,16.647228240966797,11.171372413635254,-2.941324472427368,-1.6450457572937012,0.4111237816730968,0.4821319458523361,0.7116798162460327,3727,12.927526473999023,8.144757270812988,563,29.87652969360352,17.611360549926758,4391,11.061549186706545,6.572721004486084,0.0,1.0,0.2501708817498291,0.4807928913192071,0.6520847573479153,0.3837320574162679,0.6772385509227614,0.8511278195488722,0.707639217376709,N200_O2_I200_INPUT_032_40fabb3eb3,NESTED_INNER_SCREEN,adaptive_resnet,multiview_zscore,10.0,none,multitask,multitask,jitter_scale,none,271830,798271,798271,29234,7315,22.75931167602539,2,I200_INPUT_032_40fabb3eb3,ok,112
4,0.6038818203545864,13.06365966796875,8.456635475158691,10.760147094726562,13.06365966796875,16.659324645996094,11.004705429077148,-2.233640670776367,-0.3943741917610168,0.410683403766076,0.4895165419798009,0.7120952606201172,3727,13.198573112487791,8.69825267791748,563,28.23602294921875,16.292444229125977,4391,11.38888168334961,7.149336814880371,0.0,1.0,0.2433356117566643,0.4699931647300068,0.6486671223513328,0.3805878332194121,0.6731373889268626,0.8503075871496925,0.7155122756958008,N200_O2_I200_INPUT_033_d25c2b353f,NESTED_INNER_SCREEN,adaptive_resnet,multiview_zscore,15.0,none,multitask,multitask,jitter_scale,none,271830,798271,798271,29234,7315,35.9289071559906,2,I200_INPUT_033_d25c2b353f,ok,113
5,0.5848882636603188,12.876813888549805,8.433913230895996,10.655363082885742,12.876813888549805,16.390268325805664,11.081172943115234,-0.941147804260254,-1.7960907220840454,0.4168215815398778,0.5028608584996129,0.7059304714202881,3727,13.304741859436035,7.844062328338623,563,27.11440086364746,17.355224609375,4391,11.417484283447266,6.432111740112305,0.0550621669626998,0.9955568720379148,0.2455228981544771,0.4806561859193438,0.6563226247436774,0.3844155844155844,0.6822966507177034,0.8533151059466849,0.7028929591178894,N200_O2_I200_INPUT_034_2d526e3812,NESTED_INNER_SCREEN,adaptive_resnet,multiview_zscore,10.0,raw__fusion+scale,multitask,multitask,jitter_scale,none,271830,814399,814399,29234,7315,22.813884735107425,2,I200_INPUT_034_2d526e3812,ok,114
4,0.6115012390940797,12.854373931884766,8.47216796875,10.663270950317385,12.854373931884766,16.353347778320312,11.005330085754396,-0.0437217988073825,-0.5407260656356812,0.4100855007776385,0.4874727328890075,0.7068673372268677,3727,13.558930397033691,8.712757110595703,563,27.22823905944824,16.61955451965332,4391,11.514254570007324,7.1055192947387695,0.0,1.0,0.2485304169514695,0.472863978127136,0.661244019138756,0.3790840738209159,0.6732740943267259,0.8493506493506493,0.7142637968063354,N200_O2_I200_INPUT_035_9c2e6f8e53,NESTED_INNER_SCREEN,adaptive_resnet,multiview_zscore,10.0,bandpass_robust__fusion,multitask,multitask,jitter_scale,none,271830,814015,814015,29234,7315,22.485161542892456,2,I200_INPUT_035_9c2e6f8e53,ok,115
3,0.6410665461440491,12.980881690979004,8.493637084960938,10.737258911132812,12.980881690979004,16.612262725830078,11.1481351852417,-2.9664559364318848,-1.7581409215927124,0.4182501741575039,0.4836213292348122,0.7112903594970703,3727,12.870884895324709,8.105969429016113,563,29.23600959777832,18.08854103088379,4391,11.026209831237791,6.481601715087891,0.0,1.0,0.2559125085440875,0.4725905673274094,0.6488038277511962,0.380997949419002,0.6807928913192071,0.8497607655502393,0.70655357837677,N200_O2_I200_INPUT_036_fba8cae0d1,NESTED_INNER_SCREEN,adaptive_resnet,multiscale7,5.0,none,multitask,multitask,jitter_scale,none,271830,800383,800383,29234,7315,15.244495153427124,2,I200_INPUT_036_fba8cae0d1,ok,116
4,0.6146462349330678,12.94674301147461,8.464344024658203,10.705543518066406,12.94674301147461,16.549129486083984,11.061786651611328,-1.0329935550689695,-0.4690316915512085,0.4124146149548475,0.4906100805378001,0.7091350555419922,3727,13.324959754943848,8.572885513305664,563,27.11003494262696,15.931655883789062,4391,11.47454833984375,7.172061443328857,0.0,1.0,0.2520847573479152,0.4706766917293233,0.6568694463431306,0.3860560492139439,0.675187969924812,0.849624060150376,0.7128947377204895,N200_O2_I200_INPUT_037_3faa50799a,NESTED_INNER_SCREEN,adaptive_resnet,multiscale7,10.0,none,multitask,multitask,jitter_scale,none,271830,800383,800383,29234,7315,22.749553203582764,2,I200_INPUT_037_3faa50799a,ok,117
3,0.6362888174119339,13.000812530517578,8.41071891784668,10.705765724182127,13.000812530517578,16.62327766418457,11.08262062072754,-3.5731685161590576,-1.9061458110809328,0.4256216565091464,0.4962638512938472,0.7084553241729736,3727,12.822854042053224,8.023134231567383,563,29.804344177246094,18.620067596435547,4391,11.011527061462402,6.247864723205566,0.0,1.0,0.2501708817498291,0.4760082023239918,0.6478468899521531,0.3882433356117566,0.6855775803144224,0.8526315789473684,0.7032433748245239,N200_O2_I200_INPUT_038_a17876eb01,NESTED_INNER_SCREEN,adaptive_resnet,multiscale7,15.0,none,multitask,multitask,jitter_scale,none,271830,800383,800383,29234,7315,36.308557987213135,2,I200_INPUT_038_a17876eb01,ok,118
5,0.5940238346461377,12.877002716064451,8.47671890258789,10.676860809326172,12.877002716064451,16.442033767700195,11.180882453918455,-0.9821733832359314,-2.3332881927490234,0.4195412743138731,0.4997242132825503,0.7076875567436218,3727,13.289276123046877,7.664730072021484,563,26.865907669067383,18.01378059387207,4391,11.409208297729492,6.23491907119751,0.0621669626998223,0.9958530805687204,0.2456596035543403,0.4783321941216678,0.656596035543404,0.3853725222146275,0.6787423103212576,0.8466165413533835,0.7022676467895508,N200_O2_I200_INPUT_039_36ff63e07a,NESTED_INNER_SCREEN,adaptive_resnet,multiscale7,10.0,raw__fusion+scale,multitask,multitask,jitter_scale,none,271830,816511,816511,29234,7315,22.79110860824585,2,I200_INPUT_039_36ff63e07a,ok,119
4,0.6203519795455185,12.764140129089355,8.469573974609375,10.616857528686523,12.764140129089355,16.28028106689453,11.123579025268556,-0.3706969618797302,-1.5101889371871948,0.4134674532623142,0.4819397910396568,0.7042330503463745,3727,13.44424533843994,8.26703929901123,563,28.16458320617676,17.922094345092773,4391,11.328375816345217,6.594018459320068,0.0,1.0,0.2520847573479152,0.4690362269309637,0.6626110731373889,0.3853725222146275,0.6803827751196172,0.8531784005468216,0.706924557685852,N200_O2_I200_INPUT_040_ddb7bd5c56,NESTED_INNER_SCREEN,adaptive_resnet,multiscale7,10.0,bandpass_robust__fusion,multitask,multitask,jitter_scale,none,271830,816127,816127,29234,7315,22.781096935272217,2,I200_INPUT_040_ddb7bd5c56,ok,120
4,0.5539495645005719,12.966398239135742,8.533737182617188,10.750067710876465,12.966398239135742,16.594247817993164,11.052857398986816,-1.140110969543457,-0.0668704360723495,0.4031823649869506,0.4826407836303946,0.7125256657600403,3727,13.397345542907717,8.923735618591309,563,27.5795841217041,15.988470077514648,4391,11.508071899414062,7.368596076965332,0.0,1.0,0.2507177033492823,0.4791524265208475,0.654272043745728,0.3755297334244702,0.6699931647300068,0.848257006151743,0.7195343375205994,N200_O2_I200_OBJECTIVE_001_8e3d08f02d,NESTED_INNER_SCREEN,adaptive_resnet,derivatives_zscore,5.0,none,direct,huber,jitter_scale,none,271830,924663,924663,29234,7315,12.952271461486816,2,I200_OBJECTIVE_001_8e3d08f02d,ok,121
3,0.4756025157722772,13.09426498413086,8.461142539978027,10.777704238891602,13.09426498413086,16.718900680541992,11.091561317443848,-3.227898359298706,-1.6336584091186523,0.413663094994668,0.4883922680080349,0.7131372094154358,3727,12.898548126220703,8.175841331481934,563,29.46284294128418,18.060115814208984,4391,11.03823471069336,6.49165153503418,0.0,1.0,0.2427887901572112,0.4706766917293233,0.6483937115516063,0.3816814764183185,0.6772385509227614,0.8534518113465482,0.7088474035263062,N200_O2_I200_OBJECTIVE_002_b9d410edf4,NESTED_INNER_SCREEN,adaptive_resnet,derivatives_zscore,5.0,none,direct,huber,jitter_scale,none,271830,924663,924663,29234,7315,12.970166444778442,2,I200_OBJECTIVE_002_b9d410edf4,ok,122
4,0.3190346486817778,12.916539192199709,8.508167266845703,10.712352752685549,12.916539192199709,16.548755645751953,11.218910217285156,-1.6217586994171145,-1.713701248168945,0.4105976985684403,0.4845031146905278,0.7100822925567627,3727,13.198970794677734,8.007320404052734,563,27.73097801208496,16.975961685180664,4391,11.348528861999512,6.560378074645996,0.0017761989342806,1.0,0.2582365003417635,0.4822966507177033,0.6545454545454545,0.3838687628161312,0.6750512645249488,0.8492139439507861,0.7069362998008728,N200_O2_I200_OBJECTIVE_003_5710b00acb,NESTED_INNER_SCREEN,adaptive_resnet,derivatives_zscore,5.0,none,direct,huber,jitter_scale,none,271830,924663,924663,29234,7315,12.908740997314451,2,I200_OBJECTIVE_003_5710b00acb,ok,123
1,0.7405694773773742,13.262200355529783,8.548293113708496,10.90524673461914,13.262200355529783,16.607744216918945,11.13138484954834,2.0638210773468018,-1.0095977783203125,0.3809326972093265,0.4731529200818669,0.7214089632034302,3727,14.758228302001951,8.657130241394043,563,27.67269325256348,18.40028190612793,4391,12.541467666625977,6.774170875549316,0.0,1.0,0.229254955570745,0.4489405331510595,0.6323991797676008,0.3730690362269309,0.6702665755297335,0.8530416951469583,0.7330012321472168,N200_O2_I200_OBJECTIVE_004_917d419812,NESTED_INNER_SCREEN,adaptive_resnet,derivatives_zscore,5.0,none,direct,l1,jitter_scale,none,271830,924663,924663,29234,7315,7.706936120986938,2,I200_OBJECTIVE_004_917d419812,ok,124
4,0.2825272470907448,13.126753807067873,8.597426414489746,10.862090110778809,13.126753807067873,16.814075469970703,11.299342155456545,-2.5472352504730225,-1.3178757429122925,0.4071719011416429,0.4742081204125323,0.7196248769760132,3727,13.124287605285645,8.24355697631836,563,28.173398971557617,16.65398406982422,4391,11.362143516540527,6.834295749664307,0.0017761989342806,0.99896327014218,0.2486671223513328,0.4754613807245386,0.6467532467532467,0.3774436090225564,0.6699931647300068,0.8437457279562542,0.7159870862960815,N200_O2_I200_OBJECTIVE_005_454f97e50c,NESTED_INNER_SCREEN,adaptive_resnet,derivatives_zscore,5.0,none,direct,logcosh,jitter_scale,none,271830,924663,924663,29234,7315,12.867389917373655,2,I200_OBJECTIVE_005_454f97e50c,ok,125
3,0.4865989607144025,13.11183738708496,8.475386619567871,10.793611526489258,13.11183738708496,16.729881286621094,11.090717315673828,-3.785205602645874,-1.564658761024475,0.4231572508001331,0.4870153870536116,0.7142124772071838,3727,12.804715156555176,8.216400146484375,563,29.682178497314453,17.91813087463379,4391,11.016531944274902,6.524991035461426,0.0,1.0,0.2415584415584415,0.4747778537252221,0.6460697197539302,0.3812713602187286,0.6760082023239918,0.8520847573479152,0.7094115614891052,N200_O2_I200_OBJECTIVE_006_dd07db37de,NESTED_INNER_SCREEN,adaptive_resnet,derivatives_zscore,5.0,none,direct,huber_ccc,jitter_scale,none,271830,924663,924663,29234,7315,12.986462354660034,2,I200_OBJECTIVE_006_dd07db37de,ok,126
4,0.4837583652119231,13.12707233428955,8.581250190734863,10.854161262512209,13.12707233428955,16.844112396240234,11.247529029846191,-2.2086851596832275,-1.3841322660446167,0.4094968495089009,0.4821089514898427,0.7189717292785645,3727,13.17539405822754,8.20447063446045,563,27.44982147216797,16.462554931640625,4391,11.460613250732422,6.8317718505859375,0.0053285968028419,0.99896327014218,0.2504442925495557,0.4739576213260423,0.6463431305536569,0.3814080656185919,0.6734107997265892,0.8463431305536568,0.7154552936553955,N200_O2_I200_OBJECTIVE_007_820ae3c4e9,NESTED_INNER_SCREEN,adaptive_resnet,derivatives_zscore,5.0,none,direct,huber_ccc,jitter_scale,none,271830,924663,924663,29234,7315,12.678343296051024,2,I200_OBJECTIVE_007_820ae3c4e9,ok,127
4,0.5098869389568279,13.141651153564451,8.667254447937012,10.90445327758789,13.141651153564451,16.875328063964844,11.373608589172363,-1.6660890579223633,-1.1208744049072266,0.409347247773062,0.4751290685672404,0.7228999137878418,3727,13.254382133483888,8.34715747833252,563,26.542308807373047,16.122865676879883,4391,11.611013412475586,7.042761325836182,0.0301953818827708,0.991558056872038,0.2524948735475051,0.4747778537252221,0.6463431305536569,0.3782638414217361,0.6725905673274094,0.8393711551606289,0.7204145193099976,N200_O2_I200_OBJECTIVE_008_41b568d00c,NESTED_INNER_SCREEN,adaptive_resnet,derivatives_zscore,5.0,none,direct,huber_ccc,jitter_scale,none,271830,924663,924663,29234,7315,12.995676279067991,2,I200_OBJECTIVE_008_41b568d00c,ok,128
2,0.6104850862540451,12.9515380859375,8.71937370300293,10.835455894470217,12.9515380859375,16.510498046875,11.685893058776855,-2.420774221420288,-3.726232528686523,0.4124755453972547,0.4737380458992448,0.7197064161300659,3727,13.048789024353027,7.196561813354492,563,28.77438163757324,20.01376342773437,4391,11.16369342803955,5.62869119644165,0.0,1.0,0.2462064251537935,0.4725905673274094,0.6509911141490089,0.3883800410116199,0.6664388243335612,0.8328092959671907,0.7048074007034302,N200_O2_I200_OBJECTIVE_009_ec1770bdaa,NESTED_INNER_SCREEN,adaptive_resnet,derivatives_zscore,5.0,none,direct,huber_ccc,jitter_scale,none,271830,924663,924663,29234,7315,10.372019052505491,2,I200_OBJECTIVE_009_ec1770bdaa,ok,129
4,0.4783550929399877,13.045870780944824,8.576922416687012,10.811396598815918,13.045870780944824,16.74565315246582,11.335319519042969,-1.881075382232666,-1.9881097078323364,0.4020389384556729,0.4728890199792789,0.7165195941925049,3727,13.176467895507812,7.930882930755615,563,27.73402214050293,17.63698387145996,4391,11.374398231506348,6.413993835449219,0.019538188277087,0.9957049763033176,0.2494873547505126,0.4788790157211209,0.6503075871496924,0.3822282980177717,0.671907040328093,0.8434723171565277,0.7108246088027954,N200_O2_I200_OBJECTIVE_010_dd4ad80620,NESTED_INNER_SCREEN,adaptive_resnet,derivatives_zscore,5.0,none,direct,asymmetric_high,jitter_scale,none,271830,924663,924663,29234,7315,12.910712003707886,2,I200_OBJECTIVE_010_dd4ad80620,ok,130
3,0.5205212087413065,13.06682300567627,8.566814422607422,10.816818237304688,13.06682300567627,16.70630645751953,11.303353309631348,-3.250077486038208,-2.3732781410217285,0.4141913250418948,0.4765654623852912,0.7166929841041565,3727,12.859895706176758,7.86217451095581,563,29.518335342407227,18.95112419128418,4391,11.031013488769531,6.134060382843018,0.0,1.0,0.2512645249487354,0.4721804511278195,0.6473000683526999,0.3827751196172249,0.6750512645249488,0.845933014354067,0.7080342769622803,N200_O2_I200_OBJECTIVE_011_9b92c429e0,NESTED_INNER_SCREEN,adaptive_resnet,derivatives_zscore,5.0,none,direct,asymmetric_high,jitter_scale,none,271830,924663,924663,29234,7315,12.883228540420532,2,I200_OBJECTIVE_011_9b92c429e0,ok,131
4,0.5956777470563751,12.975531578063965,8.529231071472168,10.752381324768066,12.975531578063965,16.648157119750977,11.247127532958984,-2.156506299972534,-1.6581677198410034,0.407389293204937,0.4778800110661297,0.712597131729126,3727,13.113192558288574,8.077488899230957,563,28.36338424682617,17.134389877319336,4391,11.26695442199707,6.573290824890137,0.0053285968028419,0.9997037914691944,0.2518113465481886,0.4801093643198906,0.653861927546138,0.3853725222146275,0.6760082023239918,0.8477101845522899,0.7089394927024841,N200_O2_I200_OBJECTIVE_012_8d558f4669,NESTED_INNER_SCREEN,adaptive_resnet,derivatives_zscore,5.0,none,direct,focal_huber,jitter_scale,none,271830,924663,924663,29234,7315,12.92511820793152,2,I200_OBJECTIVE_012_8d558f4669,ok,132
4,0.7356513056879729,13.110630989074709,8.561112403869629,10.835871696472168,13.110630989074709,16.778606414794922,11.255951881408691,-3.0652384757995605,-1.7151846885681152,0.4056033094127487,0.477642697104004,0.7176870107650757,3727,13.075942039489746,8.101997375488281,563,29.41584587097168,17.309513092041016,4391,11.221709251403809,6.589922904968262,0.0,1.0,0.2421052631578947,0.4742310321257689,0.6426520847573479,0.3849624060150376,0.6724538619275462,0.8481203007518797,0.7127467393875122,N200_O2_I200_OBJECTIVE_013_4ed9c24758,NESTED_INNER_SCREEN,adaptive_resnet,derivatives_zscore,5.0,none,direct,focal_huber,jitter_scale,none,271830,924663,924663,29234,7315,12.817713022232056,2,I200_OBJECTIVE_013_4ed9c24758,ok,133
3,0.4756025157722772,13.09426498413086,8.461142539978027,10.777704238891602,13.09426498413086,16.718900680541992,11.091561317443848,-3.227898359298706,-1.6336584091186523,0.413663094994668,0.4883922680080349,0.7131372094154358,3727,12.898548126220703,8.175841331481934,563,29.46284294128418,18.060115814208984,4391,11.03823471069336,6.49165153503418,0.0,1.0,0.2427887901572112,0.4706766917293233,0.6483937115516063,0.3816814764183185,0.6772385509227614,0.8534518113465482,0.7088474035263062,N200_O2_I200_OBJECTIVE_014_3ef0b02db8,NESTED_INNER_SCREEN,adaptive_resnet,derivatives_zscore,5.0,none,direct,physiology_huber,jitter_scale,none,271830,924663,924663,29234,7315,12.861008167266846,2,I200_OBJECTIVE_014_3ef0b02db8,ok,134
3,0.4756025157722772,13.09426498413086,8.461142539978027,10.777704238891602,13.09426498413086,16.718900680541992,11.091561317443848,-3.227898359298706,-1.6336584091186523,0.413663094994668,0.4883922680080349,0.7131372094154358,3727,12.898548126220703,8.175841331481934,563,29.46284294128418,18.060115814208984,4391,11.03823471069336,6.49165153503418,0.0,1.0,0.2427887901572112,0.4706766917293233,0.6483937115516063,0.3816814764183185,0.6772385509227614,0.8534518113465482,0.7088474035263062,N200_O2_I200_OBJECTIVE_015_61d5d1a3f3,NESTED_INNER_SCREEN,adaptive_resnet,derivatives_zscore,5.0,none,direct,physiology_huber,jitter_scale,none,271830,924663,924663,29234,7315,12.955885887145996,2,I200_OBJECTIVE_015_61d5d1a3f3,ok,135
4,0.5421301506313623,12.900188446044922,8.525074005126953,10.712631225585938,12.900188446044922,16.505815505981445,11.186346054077148,-1.0647567510604858,-1.275914430618286,0.4108425373036487,0.4761643438818413,0.7103160619735718,3727,13.287676811218262,8.334836959838867,563,27.418092727661133,17.078433990478516,4391,11.414507865905762,6.776804924011231,0.0017761989342806,0.9995556872037916,0.2539986329460014,0.4742310321257689,0.6553656869446343,0.382365003417635,0.6786056049213944,0.8467532467532467,0.7110837697982788,N200_O2_I200_OBJECTIVE_016_d841344ee2,NESTED_INNER_SCREEN,adaptive_resnet,derivatives_zscore,5.0,none,clinical,huber,jitter_scale,none,271830,925183,925183,29234,7315,16.14433264732361,2,I200_OBJECTIVE_016_d841344ee2,ok,136
4,0.4822719658122343,13.001703262329102,8.535979270935059,10.768840789794922,13.001703262329102,16.65007972717285,11.324963569641112,-2.097212553024292,-2.3141896724700928,0.405067229513639,0.4818756882213939,0.713606595993042,3727,13.148361206054688,7.771279335021973,563,28.346643447875977,17.81504249572754,4391,11.301712036132812,6.277420520782471,0.0,0.9998518957345972,0.2500341763499658,0.4765550239234449,0.6526315789473685,0.3894736842105263,0.6786056049213944,0.8460697197539303,0.7068100571632385,N200_O2_I200_OBJECTIVE_017_381a27617c,NESTED_INNER_SCREEN,adaptive_resnet,derivatives_zscore,5.0,none,ordinal,huber,jitter_scale,none,271830,925183,925183,29234,7315,16.11176061630249,2,I200_OBJECTIVE_017_381a27617c,ok,137
4,0.5416829280214372,13.051621437072754,8.479001998901367,10.76531219482422,13.051621437072754,16.703317642211914,11.0617036819458,-1.9256068468093872,-0.576323390007019,0.4003819123930047,0.4828517220658214,0.7126733064651489,3727,13.294400215148926,8.671831130981445,563,28.32894897460937,16.534563064575195,4391,11.406054496765137,7.075520038604736,0.0,1.0,0.2501708817498291,0.4731373889268626,0.6500341763499659,0.3820915926179084,0.6766917293233082,0.8471633629528367,0.7163467407226562,N200_O2_I200_OBJECTIVE_018_5c36d0c5e8,NESTED_INNER_SCREEN,adaptive_resnet,derivatives_zscore,5.0,none,multitask,multitask,jitter_scale,none,271830,924793,924793,29234,7315,13.021306276321411,2,I200_OBJECTIVE_018_5c36d0c5e8,ok,138
4,0.608333004261154,13.095484733581545,8.492042541503906,10.793764114379885,13.095484733581545,16.775728225708008,11.038151741027832,-2.8538763523101807,-0.416308581829071,0.4008736521766776,0.4808157967550667,0.7144359350204468,3727,13.162516593933104,8.856085777282715,563,29.630935668945312,16.817859649658203,4391,11.260210037231444,7.142913341522217,0.0,1.0,0.2471633629528366,0.477511961722488,0.6438824333561176,0.3822282980177717,0.672863978127136,0.8508544087491456,0.7186300158500671,N200_O2_I200_OBJECTIVE_019_66d7a8f534,NESTED_INNER_SCREEN,adaptive_resnet,derivatives_zscore,5.0,none,multitask,multitask,jitter_scale,none,271830,924793,924793,29234,7315,13.075076580047607,2,I200_OBJECTIVE_019_66d7a8f534,ok,139
4,0.6746102267620611,12.975193977355955,8.502437591552734,10.738815307617188,12.975193977355955,16.624433517456055,11.115077018737791,-1.5517122745513916,-1.0546199083328247,0.4025133139148251,0.4803885392701444,0.7114911079406738,3727,13.301727294921877,8.462828636169434,563,28.180871963500977,16.989145278930664,4391,11.384411811828612,6.875085830688477,0.0,1.0,0.2520847573479152,0.4762816131237183,0.6524948735475051,0.377717019822283,0.6805194805194805,0.8485304169514696,0.713373064994812,N200_O2_I200_OBJECTIVE_020_34c60ebb0e,NESTED_INNER_SCREEN,adaptive_resnet,derivatives_zscore,5.0,none,multitask,multitask,jitter_scale,none,271830,924793,924793,29234,7315,12.9067280292511,2,I200_OBJECTIVE_020_34c60ebb0e,ok,140
3,0.5722329152954949,12.879483222961426,8.480406761169434,10.67994499206543,12.879483222961426,16.452842712402344,11.131121635437012,-2.349090576171875,-1.627233624458313,0.4197105079557331,0.4826048478664949,0.7079079747200012,3727,12.99669361114502,8.195719718933105,563,29.067567825317383,18.200721740722656,4391,11.081327438354492,6.4516777992248535,0.0,1.0,0.2498974709501025,0.4747778537252221,0.6553656869446343,0.3781271360218728,0.6775119617224881,0.8524948735475051,0.7058162689208984,N200_O2_I200_OBJECTIVE_021_82f0a5d7c2,NESTED_INNER_SCREEN,adaptive_resnet,multiview_zscore,10.0,none,direct,huber,jitter_scale,none,271830,926775,926775,29234,7315,21.934527158737183,2,I200_OBJECTIVE_021_82f0a5d7c2,ok,141
3,0.475934645514083,13.060165405273438,8.504650115966797,10.782407760620115,13.060165405273438,16.693866729736328,11.169721603393556,-3.630213975906372,-1.953250527381897,0.4185997879387242,0.4844024427647405,0.7139623761177063,3727,12.812298774719238,8.087963104248047,563,30.16732406616211,18.77444839477539,4391,10.968738555908203,6.318081378936768,0.0,1.0,0.2441558441558441,0.4709501025290499,0.650580997949419,0.3782638414217361,0.6802460697197539,0.8504442925495557,0.7079630494117737,N200_O2_I200_OBJECTIVE_022_e0b59285b3,NESTED_INNER_SCREEN,adaptive_resnet,multiview_zscore,10.0,none,direct,huber,jitter_scale,none,271830,926775,926775,29234,7315,21.92253065109253,2,I200_OBJECTIVE_022_e0b59285b3,ok,142
4,0.3166741913829753,12.90328884124756,8.59405517578125,10.748672485351562,12.90328884124756,16.517011642456055,11.289920806884766,-1.3650952577590942,-1.676174283027649,0.4094932315694612,0.4801490384185871,0.7132259607315063,3727,13.204119682312012,8.112726211547852,563,27.713329315185547,16.912975311279297,4391,11.396109580993652,6.712693691253662,0.0035523978685612,0.9997037914691944,0.2539986329460014,0.4742310321257689,0.65850991114149,0.3744360902255639,0.676144907723855,0.8407382091592618,0.7104085683822632,N200_O2_I200_OBJECTIVE_023_5fff5c4908,NESTED_INNER_SCREEN,adaptive_resnet,multiview_zscore,10.0,none,direct,huber,jitter_scale,none,271830,926775,926775,29234,7315,21.881118297576904,2,I200_OBJECTIVE_023_5fff5c4908,ok,143
3,0.6909861381536995,12.891098976135254,8.45917797088623,10.675138473510742,12.891098976135254,16.431251525878906,11.114059448242188,-1.963619947433472,-1.6817409992218018,0.4190802862371431,0.4870467479292806,0.7073646783828735,3727,13.066779136657717,8.13232421875,563,28.35697364807129,18.080856323242188,4391,11.189516067504885,6.472775936126709,0.0,1.0,0.2537252221462748,0.4714969241285031,0.6548188653451812,0.3825017088174983,0.6801093643198907,0.8509911141490089,0.7052510976791382,N200_O2_I200_OBJECTIVE_024_ace6c807b9,NESTED_INNER_SCREEN,adaptive_resnet,multiview_zscore,10.0,none,direct,l1,jitter_scale,none,271830,926775,926775,29234,7315,21.218092918396,2,I200_OBJECTIVE_024_ace6c807b9,ok,144
4,0.2817355648559682,12.98567008972168,8.532191276550293,10.758930206298828,12.98567008972168,16.643831253051758,11.21933937072754,-2.799122095108032,-1.7871427536010742,0.4045136029651228,0.4803190640099045,0.7130023241043091,3727,13.029905319213867,8.089282035827637,563,30.127286911010746,17.571882247924805,4391,11.135756492614746,6.552570819854736,0.0,1.0,0.2520847573479152,0.475187969924812,0.652904989747095,0.3808612440191387,0.6825700615174299,0.8470266575529733,0.7087807059288025,N200_O2_I200_OBJECTIVE_025_2b63330c7f,NESTED_INNER_SCREEN,adaptive_resnet,multiview_zscore,10.0,none,direct,logcosh,jitter_scale,none,271830,926775,926775,29234,7315,21.35899519920349,2,I200_OBJECTIVE_025_2b63330c7f,ok,145
4,0.4692966690640044,12.973793029785156,8.570993423461914,10.772393226623535,12.973793029785156,16.606943130493164,11.18819522857666,-0.3643001317977905,-0.7642385363578796,0.4082373392101525,0.4760525340962975,0.7142574787139893,3727,13.544626235961914,8.574488639831543,563,26.670488357543945,16.435237884521484,4391,11.622636795043944,7.092282295227051,0.0,0.9995556872037916,0.254272043745728,0.472863978127136,0.6522214627477786,0.3785372522214627,0.671496924128503,0.8426520847573479,0.7182915806770325,N200_O2_I200_OBJECTIVE_026_429b18c57c,NESTED_INNER_SCREEN,adaptive_resnet,multiview_zscore,10.0,none,direct,huber_ccc,jitter_scale,none,271830,926775,926775,29234,7315,21.30415415763855,2,I200_OBJECTIVE_026_429b18c57c,ok,146
4,0.4832578204036538,13.107234001159668,8.582391738891602,10.844812393188477,13.107234001159668,16.813798904418945,11.180703163146973,-2.774943828582764,-0.9513311386108398,0.4059418600820364,0.4765460954955571,0.7184627056121826,3727,13.07625961303711,8.53548526763916,563,28.92144775390625,16.784902572631836,4391,11.333796501159668,7.02825403213501,0.0,0.9998518957345972,0.2518113465481886,0.4760082023239918,0.648257006151743,0.37634996582365,0.6734107997265892,0.8421052631578947,0.7177658081054688,N200_O2_I200_OBJECTIVE_027_492cab1d85,NESTED_INNER_SCREEN,adaptive_resnet,multiview_zscore,10.0,none,direct,huber_ccc,jitter_scale,none,271830,926775,926775,29234,7315,21.26128888130188,2,I200_OBJECTIVE_027_492cab1d85,ok,147
4,0.5074643313495162,13.208606719970703,8.658795356750488,10.933700561523438,13.208606719970703,16.916744232177734,11.283236503601074,-0.582158088684082,-0.7075852155685425,0.3998224491297537,0.4759179416185028,0.7244296669960022,3727,13.626333236694336,8.646692276000977,563,25.983657836914062,15.94472599029541,4391,11.9076509475708,7.280763149261475,0.0248667850799289,0.995260663507109,0.2483937115516062,0.4643882433356117,0.6452494873547505,0.3742993848257006,0.6691729323308271,0.8382775119617225,0.7272317409515381,N200_O2_I200_OBJECTIVE_028_2ead73d1c4,NESTED_INNER_SCREEN,adaptive_resnet,multiview_zscore,10.0,none,direct,huber_ccc,jitter_scale,none,271830,926775,926775,29234,7315,21.29946970939636,2,I200_OBJECTIVE_028_2ead73d1c4,ok,148
3,0.5891142937482572,13.371119499206545,8.486723899841309,10.928921699523926,13.371119499206545,17.03997230529785,11.079212188720703,-4.381054878234863,-1.250132441520691,0.419932993192006,0.4842754527219087,0.7219408750534058,3727,12.91458797454834,8.357367515563965,563,29.41632080078125,17.529359817504883,4391,11.314932823181152,6.6931867599487305,0.0,1.0,0.2392344497607655,0.4623376623376623,0.6373205741626794,0.3768967874231032,0.6780587833219412,0.8520847573479152,0.7174196839332581,N200_O2_I200_OBJECTIVE_029_26d6c1ef0d,NESTED_INNER_SCREEN,adaptive_resnet,multiview_zscore,10.0,none,direct,huber_ccc,jitter_scale,none,271830,926775,926775,29234,7315,21.289125204086304,2,I200_OBJECTIVE_029_26d6c1ef0d,ok,149
5,0.4630100651114595,12.971446990966797,8.678095817565918,10.824771881103516,12.971446990966797,16.530105590820312,11.250171661376951,0.2103305160999298,0.1065701022744178,0.4085394005388196,0.4873346169692198,0.7185749411582947,3727,13.633301734924316,8.84724235534668,563,25.430309295654297,15.236955642700195,4391,11.860269546508787,7.567592144012451,0.0532859680284191,0.9906694312796208,0.2478468899521531,0.4675324675324675,0.6594668489405332,0.3655502392344497,0.6626110731373889,0.8370471633629528,0.7249413728713989,N200_O2_I200_OBJECTIVE_030_c434aa0ee6,NESTED_INNER_SCREEN,adaptive_resnet,multiview_zscore,10.0,none,direct,asymmetric_high,jitter_scale,none,271830,926775,926775,29234,7315,20.663817167282104,2,I200_OBJECTIVE_030_c434aa0ee6,ok,150
3,0.5190384962589912,13.083296775817873,8.53026294708252,10.806779861450195,13.083296775817873,16.7270450592041,11.23721981048584,-3.809154987335205,-2.0600786209106445,0.4213852915927759,0.4787169072244235,0.7156586647033691,3727,12.807971954345703,8.069937705993652,563,29.573917388916016,19.09417152404785,4391,11.085604667663574,6.189148902893066,0.0,1.0,0.2457963089542036,0.4746411483253588,0.6468899521531101,0.3829118250170881,0.676144907723855,0.848257006151743,0.7090204954147339,N200_O2_I200_OBJECTIVE_031_d40db3fa0f,NESTED_INNER_SCREEN,adaptive_resnet,multiview_zscore,10.0,none,direct,asymmetric_high,jitter_scale,none,271830,926775,926775,29234,7315,21.10706639289856,2,I200_OBJECTIVE_031_d40db3fa0f,ok,151
3,0.6255317758890538,13.136204719543455,8.457545280456543,10.796875,13.136204719543455,16.795072555541992,11.01987075805664,-3.9801487922668457,-1.091694712638855,0.4192036844906864,0.4890782399237735,0.7141650915145874,3727,12.82239055633545,8.517473220825195,563,30.214902877807617,17.905912399291992,4391,11.046683311462402,6.7232513427734375,0.0,1.0,0.2434723171565276,0.4730006835269993,0.644565960355434,0.37634996582365,0.6787423103212576,0.8538619275461381,0.7125800848007202,N200_O2_I200_OBJECTIVE_032_702a3db04d,NESTED_INNER_SCREEN,adaptive_resnet,multiview_zscore,10.0,none,direct,focal_huber,jitter_scale,none,271830,926775,926775,29234,7315,20.93477463722229,2,I200_OBJECTIVE_032_702a3db04d,ok,152
4,0.7341984537691851,13.130149841308594,8.546106338500977,10.838128089904783,13.130149841308594,16.861698150634766,11.232545852661133,-3.307781457901001,-1.4337478876113892,0.4062431824125081,0.4793929045173478,0.717619776725769,3727,12.926068305969238,8.251226425170898,563,29.64128494262696,16.81458282470703,4391,11.175530433654783,6.779873847961426,0.0,1.0,0.2507177033492823,0.4750512645249487,0.6464798359535202,0.3845522898154477,0.6738209159261791,0.8440191387559809,0.7131732702255249,N200_O2_I200_OBJECTIVE_033_9e0e800ed9,NESTED_INNER_SCREEN,adaptive_resnet,multiview_zscore,10.0,none,direct,focal_huber,jitter_scale,none,271830,926775,926775,29234,7315,20.95988416671753,2,I200_OBJECTIVE_033_9e0e800ed9,ok,153
3,0.475934645514083,13.060165405273438,8.504650115966797,10.782407760620115,13.060165405273438,16.693866729736328,11.169721603393556,-3.630213975906372,-1.953250527381897,0.4185997879387242,0.4844024427647405,0.7139623761177063,3727,12.812298774719238,8.087963104248047,563,30.16732406616211,18.77444839477539,4391,10.968738555908203,6.318081378936768,0.0,1.0,0.2441558441558441,0.4709501025290499,0.650580997949419,0.3782638414217361,0.6802460697197539,0.8504442925495557,0.7079630494117737,N200_O2_I200_OBJECTIVE_034_ef476d7c92,NESTED_INNER_SCREEN,adaptive_resnet,multiview_zscore,10.0,none,direct,physiology_huber,jitter_scale,none,271830,926775,926775,29234,7315,21.24087381362915,2,I200_OBJECTIVE_034_ef476d7c92,ok,154
3,0.475934645514083,13.060165405273438,8.504650115966797,10.782407760620115,13.060165405273438,16.693866729736328,11.169721603393556,-3.630213975906372,-1.953250527381897,0.4185997879387242,0.4844024427647405,0.7139623761177063,3727,12.812298774719238,8.087963104248047,563,30.16732406616211,18.77444839477539,4391,10.968738555908203,6.318081378936768,0.0,1.0,0.2441558441558441,0.4709501025290499,0.650580997949419,0.3782638414217361,0.6802460697197539,0.8504442925495557,0.7079630494117737,N200_O2_I200_OBJECTIVE_035_aa574dddbd,NESTED_INNER_SCREEN,adaptive_resnet,multiview_zscore,10.0,none,direct,physiology_huber,jitter_scale,none,271830,926775,926775,29234,7315,21.224887371063232,2,I200_OBJECTIVE_035_aa574dddbd,ok,155
3,0.5613771515344482,12.877520561218262,8.490681648254395,10.684101104736328,12.877520561218262,16.5069580078125,11.074356079101562,-2.7807857990264893,-1.0169988870620728,0.4221601967664653,0.4805079312524956,0.7082735300064087,3727,12.856213569641112,8.645220756530762,563,29.23119354248047,18.151371002197266,4391,11.00287914276123,6.764012813568115,0.0,1.0,0.2500341763499658,0.4818865345181135,0.6580997949419002,0.3771701982228298,0.6724538619275462,0.8538619275461381,0.7097054123878479,N200_O2_I200_OBJECTIVE_036_26f9e5719b,NESTED_INNER_SCREEN,adaptive_resnet,multiview_zscore,10.0,none,clinical,huber,jitter_scale,none,271830,927295,927295,29234,7315,25.44419312477112,2,I200_OBJECTIVE_036_26f9e5719b,ok,156
4,0.479225730194765,12.937104225158691,8.542213439941406,10.73965835571289,12.937104225158691,16.626291275024414,11.181849479675291,-1.742164969444275,-1.3755035400390625,0.4077243584524149,0.4786988827656691,0.7120517492294312,3727,13.190625190734863,8.299585342407227,563,28.109107971191406,17.05934715270996,4391,11.36024570465088,6.772627353668213,0.0,1.0,0.2534518113465482,0.4799726589200273,0.6534518113465482,0.3778537252221463,0.6735475051264525,0.8437457279562542,0.7113450765609741,N200_O2_I200_OBJECTIVE_037_e063e94f84,NESTED_INNER_SCREEN,adaptive_resnet,multiview_zscore,10.0,none,ordinal,huber,jitter_scale,none,271830,927295,927295,29234,7315,25.42809271812439,2,I200_OBJECTIVE_037_e063e94f84,ok,157
3,0.5635067008289636,12.922972679138184,8.448225975036621,10.685599327087402,12.922972679138184,16.529403686523438,11.03792667388916,-2.741731643676758,-1.2018930912017822,0.4218560313071562,0.4880763216283458,0.7078094482421875,3727,12.92120361328125,8.402131080627441,563,29.102523803710938,17.830991744995117,4391,11.08467960357666,6.669604778289795,0.0,1.0,0.2473000683526999,0.4740943267259057,0.6567327409432673,0.3760765550239234,0.6818865345181134,0.8565960355434039,0.7073254585266113,N200_O2_I200_OBJECTIVE_038_5c67535776,NESTED_INNER_SCREEN,adaptive_resnet,multiview_zscore,10.0,none,multitask,multitask,jitter_scale,none,271830,926905,926905,29234,7315,21.74870204925537,2,I200_OBJECTIVE_038_5c67535776,ok,158
3,0.6325813298131905,12.81589698791504,8.439473152160645,10.627685546875,12.81589698791504,16.39148712158203,11.00095272064209,-1.839781641960144,-0.7792551517486572,0.4245600056606361,0.4882417123534914,0.7044512629508972,3727,13.055140495300291,8.599004745483398,563,28.00282287597656,17.25227928161621,4391,11.15374755859375,6.894073963165283,0.0,1.0,0.2576896787423103,0.4742310321257689,0.6587833219412167,0.3816814764183185,0.6775119617224881,0.8535885167464115,0.7077592015266418,N200_O2_I200_OBJECTIVE_039_658a4fb05c,NESTED_INNER_SCREEN,adaptive_resnet,multiview_zscore,10.0,none,multitask,multitask,jitter_scale,none,271830,926905,926905,29234,7315,22.120645999908447,2,I200_OBJECTIVE_039_658a4fb05c,ok,159
3,0.7000356674973481,12.953365325927734,8.431436538696289,10.692400932312012,12.953365325927734,16.566757202148438,11.008505821228027,-2.994802474975586,-1.048630714416504,0.4265721814024895,0.4899633791862692,0.707973837852478,3727,12.870808601379396,8.485965728759766,563,28.75386047363281,17.661651611328125,4391,11.110595703125,6.747974395751953,0.0,1.0,0.2514012303485988,0.4757347915242652,0.6524948735475051,0.3775803144224197,0.6821599453178401,0.8545454545454545,0.7079534530639648,N200_O2_I200_OBJECTIVE_040_6935a67a67,NESTED_INNER_SCREEN,adaptive_resnet,multiview_zscore,10.0,none,multitask,multitask,jitter_scale,none,271830,926905,926905,29234,7315,22.11465859413147,2,I200_OBJECTIVE_040_6935a67a67,ok,160
4,0.6053756537780263,12.858816146850586,8.498706817626953,10.67876148223877,12.858816146850586,16.361530303955078,11.131943702697754,0.5558114051818848,-1.2012674808502195,0.411944061868903,0.4763125149059456,0.7080779075622559,3727,13.750127792358398,8.396787643432617,563,26.72860717773437,17.557512283325195,4391,11.700519561767578,6.724201679229736,0.0,1.0,0.249213943950786,0.4720437457279562,0.6586466165413534,0.3788106630211893,0.6747778537252221,0.8492139439507861,0.7132781744003296,N200_O2_I200_TRAIN_001_e869218e48,NESTED_INNER_SCREEN,adaptive_resnet,multiview_zscore,10.0,none,multitask,multitask,none,none,271830,705721,705721,29234,7315,21.40592670440674,2,I200_TRAIN_001_e869218e48,ok,161
1,0.7117271602543351,13.045947074890137,8.647153854370117,10.846549987792969,13.045947074890137,16.474071502685547,11.38404941558838,0.8705527782440186,-1.9634547233581543,0.3840614937148173,0.4520679236916192,0.7193959355354309,3727,14.190925598144531,8.162511825561523,563,28.503053665161133,19.37538719177246,4391,11.987095832824709,6.337293148040772,0.0,1.0,0.2367737525632262,0.4546821599453178,0.649213943950786,0.374025974025974,0.6717703349282297,0.8442925495557074,0.7224572896957397,N200_O2_I200_TRAIN_002_f0d192a0e6,NESTED_INNER_SCREEN,adaptive_resnet,multiview_zscore,10.0,none,multitask,multitask,mask,none,271830,705721,705721,29234,7315,12.913089036941528,2,I200_TRAIN_002_f0d192a0e6,ok,162
4,0.6099251882702696,12.84165382385254,8.51909065246582,10.68037223815918,12.84165382385254,16.348241806030273,11.153186798095703,0.2782972157001495,-1.2545435428619385,0.4132529660417735,0.4737197231784172,0.7084312438964844,3727,13.659602165222168,8.397635459899902,563,26.86855697631836,17.726823806762695,4391,11.637798309326172,6.7042622566223145,0.0,1.0,0.2508544087491456,0.47053998632946,0.6611073137388926,0.378673957621326,0.6717703349282297,0.8489405331510594,0.7129178047180176,N200_O2_I200_TRAIN_003_7a8882a0ec,NESTED_INNER_SCREEN,adaptive_resnet,multiview_zscore,10.0,none,multitask,multitask,amplitude_warp,none,271830,705721,705721,29234,7315,21.474846363067627,2,I200_TRAIN_003_7a8882a0ec,ok,163
4,0.6165691692065569,12.734259605407717,8.505514144897461,10.61988639831543,12.734259605407717,16.253637313842773,11.187682151794434,-0.3311176300048828,-1.82932198047638,0.4195382018849824,0.4802086796447018,0.7048667073249817,3727,13.415987014770508,8.047361373901367,563,27.609601974487305,18.10336685180664,4391,11.37033748626709,6.41082763671875,0.0,1.0,0.2546821599453178,0.4801093643198906,0.6660287081339713,0.382365003417635,0.6773752563226247,0.848257006151743,0.7049543261528015,N200_O2_I200_TRAIN_004_ea1cf9350e,NESTED_INNER_SCREEN,adaptive_resnet,multiview_zscore,10.0,none,multitask,multitask,compound_morphology,none,271830,705721,705721,29234,7315,21.486166954040527,2,I200_TRAIN_004_ea1cf9350e,ok,164
3,0.6313727022775637,13.047148704528809,8.481212615966797,10.76418113708496,13.047148704528809,16.7087459564209,11.067232131958008,-3.29771375656128,-1.1487969160079956,0.4195645524504623,0.4832430163023909,0.7126384973526001,3727,12.860923767089844,8.413175582885742,563,29.416973114013672,17.676759719848633,4391,11.062946319580078,6.714396953582764,0.0,1.0,0.24688995215311,0.4742310321257689,0.6501708817498291,0.3738892686261107,0.6768284347231716,0.855228981544771,0.7106380462646484,N200_O2_I200_TRAIN_005_40f0734fee,NESTED_INNER_SCREEN,adaptive_resnet,multiview_zscore,10.0,none,multitask,multitask,none,none,271830,705721,705721,29234,7315,21.488468170166016,2,I200_TRAIN_005_40f0734fee,ok,165
3,0.6333715039141038,12.913447380065918,8.480984687805176,10.697216033935549,12.913447380065918,16.4858455657959,11.048380851745604,-1.4452292919158936,-0.8575575351715088,0.4177575036781862,0.4836728275993953,0.7088832259178162,3727,13.181388854980469,8.508768081665039,563,27.75607681274414,17.15791893005371,4391,11.309460639953612,6.885225772857666,0.0,1.0,0.2497607655502392,0.4719070403280929,0.6587833219412167,0.3764866712235133,0.678879015721121,0.8545454545454545,0.711044192314148,N200_O2_I200_TRAIN_006_aae6ff34ee,NESTED_INNER_SCREEN,adaptive_resnet,multiview_zscore,10.0,none,multitask,multitask,mask,none,271830,705721,705721,29234,7315,21.469183921813965,2,I200_TRAIN_006_aae6ff34ee,ok,166
3,0.6337103298286987,12.92947483062744,8.490862846374512,10.710168838500977,12.92947483062744,16.53827476501465,11.017412185668944,-2.244426250457764,-0.61729496717453,0.4190157193902291,0.4846323074902811,0.7097365260124207,3727,13.009827613830566,8.667404174804688,563,28.59079933166504,17.123336791992188,4391,11.151870727539062,6.999516010284424,0.0,1.0,0.2556390977443609,0.4742310321257689,0.6571428571428571,0.3727956254272044,0.6776486671223513,0.8572795625427204,0.7121055722236633,N200_O2_I200_TRAIN_007_cf4e7cbc89,NESTED_INNER_SCREEN,adaptive_resnet,multiview_zscore,10.0,none,multitask,multitask,amplitude_warp,none,271830,705721,705721,29234,7315,21.418259859085083,2,I200_TRAIN_007_cf4e7cbc89,ok,167
4,0.6162001595777624,12.843411445617676,8.458868026733398,10.651140213012695,12.843411445617676,16.46061134338379,11.020452499389648,-0.7989940643310547,-0.7296633124351501,0.4065824204685744,0.4859578270437813,0.7060158848762512,3727,13.441930770874023,8.605598449707031,563,28.063617706298828,16.97464370727539,4391,11.383899688720703,6.979362964630127,0.0,1.0,0.2530416951469583,0.4773752563226247,0.6576896787423103,0.3819548872180451,0.676555023923445,0.8522214627477785,0.7117093801498413,N200_O2_I200_TRAIN_008_943f584d06,NESTED_INNER_SCREEN,adaptive_resnet,multiview_zscore,10.0,none,multitask,multitask,compound_morphology,none,271830,705721,705721,29234,7315,21.10402274131775,2,I200_TRAIN_008_943f584d06,ok,168
4,0.5963362763130587,12.846860885620115,8.517823219299316,10.682342529296877,12.846860885620115,16.40007209777832,11.046937942504885,-0.7336494326591492,-0.556106448173523,0.4126019723069226,0.4800469463497867,0.7085253000259399,3727,13.36265468597412,8.777831077575684,563,27.688838958740234,16.962858200073242,4391,11.406012535095217,7.0694684982299805,0.0,1.0,0.2511278195488722,0.4780587833219412,0.6571428571428571,0.3722488038277512,0.6697197539302803,0.8503075871496925,0.7147983312606812,N200_O2_I200_TRAIN_009_527a78f50d,NESTED_INNER_SCREEN,adaptive_resnet,multiview_zscore,10.0,none,multitask,multitask,none,none,271830,705721,705721,29234,7315,21.379056692123413,2,I200_TRAIN_009_527a78f50d,ok,169
4,0.6007981103619718,12.860291481018066,8.513707160949707,10.686999320983888,12.860291481018066,16.43929672241211,11.050482749938965,0.2791167497634887,-0.432848185300827,0.4073200920578845,0.4788681439576161,0.708733081817627,3727,13.668316841125488,8.851749420166016,563,27.00327682495117,16.929914474487305,4391,11.656285285949709,7.1383376121521,0.0,1.0,0.2501708817498291,0.4796992481203007,0.6613807245386193,0.3781271360218728,0.6757347915242652,0.8512645249487355,0.7178513407707214,N200_O2_I200_TRAIN_010_fa743a5848,NESTED_INNER_SCREEN,adaptive_resnet,multiview_zscore,10.0,none,multitask,multitask,mask,none,271830,705721,705721,29234,7315,21.39238286018372,2,I200_TRAIN_010_fa743a5848,ok,170
4,0.6020460960522197,12.80141258239746,8.532763481140137,10.66708755493164,12.80141258239746,16.352216720581055,11.077003479003906,-0.015125679783523,-0.6224549412727356,0.4131156734768783,0.4760936304069433,0.7078633308410645,3727,13.54713535308838,8.764049530029297,563,27.32733726501465,17.191158294677734,4391,11.497776985168455,7.042553424835205,0.0,1.0,0.2511278195488722,0.4813397129186603,0.6646616541353384,0.3718386876281613,0.674231032125769,0.8507177033492823,0.7154529690742493,N200_O2_I200_TRAIN_011_48709fa5af,NESTED_INNER_SCREEN,adaptive_resnet,multiview_zscore,10.0,none,multitask,multitask,amplitude_warp,none,271830,705721,705721,29234,7315,21.457266807556152,2,I200_TRAIN_011_48709fa5af,ok,171
1,0.7055436684415232,12.990962028503418,8.575326919555664,10.783143997192385,12.990962028503418,16.440149307250977,11.303277969360352,0.3721192181110382,-2.023416519165039,0.3860325773642573,0.4667830332345619,0.7149158716201782,3727,13.988656044006348,8.063665390014648,563,28.8810977935791,19.276870727539062,4391,11.78256893157959,6.255207061767578,0.0,1.0,0.2412850307587149,0.457552973342447,0.6522214627477786,0.3762132604237867,0.6730006835269993,0.8455228981544771,0.7166692018508911,N200_O2_I200_TRAIN_012_8d7ec3f701,NESTED_INNER_SCREEN,adaptive_resnet,multiview_zscore,10.0,none,multitask,multitask,compound_morphology,none,271830,705721,705721,29234,7315,12.84350848197937,2,I200_TRAIN_012_8d7ec3f701,ok,172
4,0.6001117638513154,12.835699081420898,8.47774600982666,10.656723022460938,12.835699081420898,16.42568016052246,11.029038429260254,-0.904883623123169,-0.7504363656044006,0.4103149941960106,0.4836109918323608,0.7065723538398743,3727,13.330138206481934,8.7083101272583,563,27.94791603088379,17.283273696899414,4391,11.34502124786377,6.938006401062012,0.0,1.0,0.2522214627477785,0.4794258373205741,0.6613807245386193,0.3803144224196856,0.6721804511278195,0.8548188653451811,0.7123945355415344,N200_O2_I200_TRAIN_013_06fc2d91b6,NESTED_INNER_SCREEN,adaptive_resnet,multiview_zscore,10.0,none,multitask,multitask,none,none,271830,705721,705721,29234,7315,21.49778461456299,2,I200_TRAIN_013_06fc2d91b6,ok,173
4,0.6024163665335163,12.880739212036133,8.469281196594238,10.675010681152344,12.880739212036133,16.41988182067871,11.015039443969728,0.32947838306427,-0.374001145362854,0.4101525603311464,0.4843691972640992,0.7074878215789795,3727,13.672744750976562,8.824259757995605,563,26.687725067138672,16.674606323242188,4391,11.685540199279783,7.14410400390625,0.0,1.0,0.2493506493506493,0.4735475051264525,0.6590567327409432,0.3759398496240601,0.6764183185235817,0.8533151059466849,0.7166671752929688,N200_O2_I200_TRAIN_014_ed4d0bc107,NESTED_INNER_SCREEN,adaptive_resnet,multiview_zscore,10.0,none,multitask,multitask,mask,none,271830,705721,705721,29234,7315,21.47402620315552,2,I200_TRAIN_014_ed4d0bc107,ok,174
4,0.6008435216994067,12.833675384521484,8.476120948791504,10.654897689819336,12.833675384521484,16.4001407623291,11.000140190124512,-0.8032734990119934,-0.4255358278751373,0.4105897565909503,0.4852523435594034,0.7064491510391235,3727,13.325326919555664,8.873711585998535,563,27.73082160949707,16.99266815185547,4391,11.350379943847656,7.105803489685059,0.0,1.0,0.2516746411483254,0.4803827751196172,0.6572795625427205,0.3751196172248804,0.6747778537252221,0.8541353383458646,0.7139607071876526,N200_O2_I200_TRAIN_015_7a9222a663,NESTED_INNER_SCREEN,adaptive_resnet,multiview_zscore,10.0,none,multitask,multitask,amplitude_warp,none,271830,705721,705721,29234,7315,21.34440588951111,2,I200_TRAIN_015_7a9222a663,ok,175
4,0.6074683732456632,12.7843017578125,8.436756134033203,10.610528945922852,12.7843017578125,16.325899124145508,10.98204231262207,0.2345159649848938,-0.5864850282669067,0.4152416740213996,0.4891781922887963,0.703454852104187,3727,13.604543685913086,8.704339027404785,563,26.98076057434082,17.04094886779785,4391,11.551173210144045,6.990054607391357,0.0,1.0,0.2519480519480519,0.4791524265208475,0.6631578947368421,0.3778537252221463,0.6746411483253588,0.8548188653451811,0.7119377851486206,N200_O2_I200_TRAIN_016_86ff396d16,NESTED_INNER_SCREEN,adaptive_resnet,multiview_zscore,10.0,none,multitask,multitask,compound_morphology,none,271830,705721,705721,29234,7315,21.381478309631348,2,I200_TRAIN_016_86ff396d16,ok,176
4,0.610410175097534,12.982338905334473,8.449092864990234,10.715715408325195,12.982338905334473,16.629993438720703,11.007625579833984,-1.139102816581726,-0.6971608400344849,0.408774012367151,0.4903481815720052,0.7095081806182861,3727,13.34356689453125,8.568890571594238,563,26.96999931335449,16.524757385253906,4391,11.514005661010742,6.97847843170166,0.0,1.0,0.2553656869446343,0.4725905673274094,0.6545454545454545,0.3829118250170881,0.6773752563226247,0.8498974709501025,0.7132640480995178,N200_O2_I200_TRAIN_017_37bb96d33b,NESTED_INNER_SCREEN,adaptive_resnet,multiview_zscore,10.0,none,multitask,multitask,none,none,271830,705721,705721,29234,7315,21.06522536277771,2,I200_TRAIN_017_37bb96d33b,ok,177
5,0.5999641878152985,12.806507110595703,8.5016450881958,10.654075622558594,12.806507110595703,16.298006057739258,11.175873756408691,0.5681814551353455,-1.6860560178756714,0.4187215981798467,0.4898405524032405,0.7067325711250305,3727,13.688101768493652,8.024133682250977,563,26.066205978393555,17.222787857055664,4391,11.702394485473633,6.568372249603272,0.0035523978685612,1.0,0.2494873547505126,0.4735475051264525,0.6626110731373889,0.3835953520164046,0.6773752563226247,0.8467532467532467,0.7080220580101013,N200_O2_I200_TRAIN_018_cf39a9f7d6,NESTED_INNER_SCREEN,adaptive_resnet,multiview_zscore,10.0,none,multitask,multitask,mask,none,271830,705721,705721,29234,7315,21.385942459106445,2,I200_TRAIN_018_cf39a9f7d6,ok,178
3,0.6359694093660592,12.940994262695312,8.43701457977295,10.689004898071287,12.940994262695312,16.52818489074707,11.044351577758787,-1.7373744249343872,-1.2684634923934937,0.4124162165727715,0.4884079092870328,0.7078555822372437,3727,13.143991470336914,8.329625129699707,563,28.09268379211425,17.780315399169922,4391,11.279979705810549,6.641120433807373,0.0,1.0,0.2498974709501025,0.4721804511278195,0.6519480519480519,0.3794941900205058,0.6824333561175666,0.8549555707450445,0.708178699016571,N200_O2_I200_TRAIN_019_6221633710,NESTED_INNER_SCREEN,adaptive_resnet,multiview_zscore,10.0,none,multitask,multitask,amplitude_warp,none,271830,705721,705721,29234,7315,21.4218065738678,2,I200_TRAIN_019_6221633710,ok,179
5,0.6038589263273999,12.754836082458496,8.468066215515137,10.611451148986816,12.754836082458496,16.232376098632812,11.047239303588867,0.2428683042526245,-0.8383672833442688,0.4186376451806196,0.4928761916180674,0.7039106488227844,3727,13.591559410095217,8.455989837646484,563,26.990476608276367,16.621938705444336,4391,11.57973861694336,6.977784156799316,0.0,1.0,0.2498974709501025,0.4716336295283663,0.6617908407382092,0.37634996582365,0.6783321941216678,0.8507177033492823,0.7096477746963501,N200_O2_I200_TRAIN_020_79f182bed4,NESTED_INNER_SCREEN,adaptive_resnet,multiview_zscore,10.0,none,multitask,multitask,compound_morphology,none,271830,705721,705721,29234,7315,21.469024419784542,2,I200_TRAIN_020_79f182bed4,ok,180
4,0.628282461680618,12.789953231811523,8.492745399475098,10.641349792480469,12.789953231811523,16.368940353393555,11.016417503356934,-0.6949807405471802,-0.3150398731231689,0.4139080256452561,0.4854596692233657,0.7059045433998108,3727,13.366277694702148,8.781400680541992,563,27.72002410888672,16.486896514892578,4391,11.377264022827148,7.213332176208496,0.0,1.0,0.2559125085440875,0.4750512645249487,0.6632946001367054,0.3756664388243335,0.6749145591250855,0.8531784005468216,0.7128946185112,N200_O2_I200_TRAIN_021_a4bcb0138f,NESTED_INNER_SCREEN,adaptive_resnet,multiview_zscore,10.0,none,multitask,multitask,none,none,271830,705721,705721,29234,7315,21.58345556259156,2,I200_TRAIN_021_a4bcb0138f,ok,181
4,0.6293164896809198,12.871112823486328,8.495656967163086,10.683384895324709,12.871112823486328,16.468149185180664,11.05362319946289,-0.1682675033807754,-0.5778189301490784,0.3994494499037421,0.4799712114079362,0.708297610282898,3727,13.628826141357422,8.676448822021484,563,27.680307388305664,16.997224807739258,4391,11.58908748626709,7.042870044708252,0.0,1.0,0.2560492139439508,0.4740943267259057,0.6593301435406699,0.3782638414217361,0.6725905673274094,0.8524948735475051,0.7154545783996582,N200_O2_I200_TRAIN_022_55c81c0027,NESTED_INNER_SCREEN,adaptive_resnet,multiview_zscore,10.0,none,multitask,multitask,mask,none,271830,705721,705721,29234,7315,21.535653114318848,2,I200_TRAIN_022_55c81c0027,ok,182
4,0.6301868776090784,12.84391975402832,8.47757625579834,10.660747528076172,12.84391975402832,16.469186782836914,11.042672157287598,-1.5802128314971924,-0.7231553196907043,0.4068193937382194,0.4819352727018577,0.7067957520484924,3727,13.23500633239746,8.611347198486328,563,28.99200820922852,17.191919326782227,4391,11.198866844177246,6.936483860015869,0.0,1.0,0.2531784005468216,0.4809295967190704,0.6601503759398496,0.3814080656185919,0.6766917293233082,0.8537252221462748,0.7109037041664124,N200_O2_I200_TRAIN_023_92f2c0f793,NESTED_INNER_SCREEN,adaptive_resnet,multiview_zscore,10.0,none,multitask,multitask,amplitude_warp,none,271830,705721,705721,29234,7315,21.61171007156372,2,I200_TRAIN_023_92f2c0f793,ok,183
4,0.6336623632829953,12.822680473327637,8.514920234680176,10.668800354003906,12.822680473327637,16.38102912902832,11.033406257629396,-0.6884965896606445,-0.4271917641162872,0.4057612890131949,0.4805695677657488,0.7077289819717407,3727,13.461100578308104,8.842126846313477,563,28.41536521911621,17.098217010498047,4391,11.375418663024902,7.137923240661621,0.0,1.0,0.2508544087491456,0.4769651401230348,0.6583732057416268,0.3741626794258373,0.6697197539302803,0.8534518113465482,0.7155483961105347,N200_O2_I200_TRAIN_024_118fc735bf,NESTED_INNER_SCREEN,adaptive_resnet,multiview_zscore,10.0,none,multitask,multitask,compound_morphology,none,271830,705721,705721,29234,7315,21.723819255828857,2,I200_TRAIN_024_118fc735bf,ok,184
4,0.6161483011993707,12.786426544189451,8.505481719970703,10.645954132080078,12.786426544189451,16.316160202026367,11.054183959960938,-0.7074846029281616,-0.6820552945137024,0.4124572810515072,0.4793619475954387,0.706326961517334,3727,13.379085540771484,8.699378967285156,563,28.34263801574707,17.409984588623047,4391,11.316219329833984,6.965103626251221,0.0,1.0,0.2534518113465482,0.479835953520164,0.6615174299384826,0.3781271360218728,0.671907040328093,0.8555023923444977,0.7124619483947754,N200_O2_I200_TRAIN_025_5e9c83d41d,NESTED_INNER_SCREEN,adaptive_resnet,multiview_zscore,10.0,none,multitask,multitask,none,none,271830,705721,705721,29234,7315,21.621599435806274,2,I200_TRAIN_025_5e9c83d41d,ok,185
4,0.6183192632556741,12.795476913452148,8.500162124633789,10.647819519042969,12.795476913452148,16.317407608032227,11.03647804260254,0.3524965643882751,-0.6125327348709106,0.4121400135812432,0.4813846794070048,0.7063628435134888,3727,13.685612678527832,8.746037483215332,563,27.45982360839844,17.29659652709961,4391,11.578455924987791,7.024804592132568,0.0,1.0,0.2557758031442242,0.4735475051264525,0.6615174299384826,0.3727956254272044,0.6755980861244019,0.8549555707450445,0.7151132822036743,N200_O2_I200_TRAIN_026_2e90055abd,NESTED_INNER_SCREEN,adaptive_resnet,multiview_zscore,10.0,none,multitask,multitask,mask,none,271830,705721,705721,29234,7315,21.26797318458557,2,I200_TRAIN_026_2e90055abd,ok,186
4,0.6174922936102923,12.781978607177734,8.517515182495117,10.649746894836426,12.781978607177734,16.343608856201172,11.032397270202637,-0.1276999711990356,-0.4631267488002777,0.4095281615114155,0.4807664551299351,0.7066948413848877,3727,13.557424545288086,8.85267448425293,563,27.79248237609864,17.23271942138672,4391,11.452336311340332,7.094843864440918,0.0,1.0,0.2548188653451811,0.4810663021189337,0.6632946001367054,0.3751196172248804,0.6691729323308271,0.8548188653451811,0.7155554294586182,N200_O2_I200_TRAIN_027_6e03009c45,NESTED_INNER_SCREEN,adaptive_resnet,multiview_zscore,10.0,none,multitask,multitask,amplitude_warp,none,271830,705721,705721,29234,7315,21.537028551101685,2,I200_TRAIN_027_6e03009c45,ok,187
4,0.6229031043115005,12.760416984558104,8.507332801818848,10.633874893188477,12.760416984558104,16.25701141357422,11.05289077758789,0.0758126527070999,-0.8132818937301636,0.4153636046349223,0.4807795978964596,0.7056739926338196,3727,13.577980041503906,8.681708335876465,563,27.70560646057129,17.67570686340332,4391,11.454602241516112,6.88877534866333,0.0,1.0,0.2511278195488722,0.4764183185235817,0.6631578947368421,0.3748462064251538,0.6702665755297335,0.854272043745728,0.7131845951080322,N200_O2_I200_TRAIN_028_924119312a,NESTED_INNER_SCREEN,adaptive_resnet,multiview_zscore,10.0,none,multitask,multitask,compound_morphology,none,271830,705721,705721,29234,7315,21.59894585609436,2,I200_TRAIN_028_924119312a,ok,188
5,0.6062992176199271,12.905320167541504,8.513565063476562,10.709442138671877,12.905320167541504,16.337923049926758,11.152177810668944,0.1133330017328262,-1.2551125288009644,0.4047906467550438,0.4732816868695271,0.7099888324737549,3727,13.750035285949709,8.39624309539795,563,27.47550392150879,17.87920379638672,4391,11.67198371887207,6.631146430969238,0.0,1.0,0.2444292549555707,0.4671223513328776,0.6537252221462748,0.3799043062200957,0.6687628161312372,0.8507177033492823,0.7147051692008972,N200_O2_I200_TRAIN_029_f57f4b8831,NESTED_INNER_SCREEN,adaptive_resnet,multiview_zscore,10.0,none,multitask,multitask,none,none,271830,705721,705721,29234,7315,21.71482801437378,2,I200_TRAIN_029_f57f4b8831,ok,189
5,0.610019451652477,12.8942232131958,8.53735065460205,10.715786933898926,12.8942232131958,16.301637649536133,11.126809120178224,0.4709595739841461,-0.938347339630127,0.40541305038796,0.4713325879139518,0.7106513977050781,3727,13.907488822937012,8.658488273620605,563,27.74167823791504,17.839946746826172,4391,11.806389808654783,6.831665515899658,0.0,1.0,0.2403280929596719,0.4680792891319207,0.6550922761449077,0.3771701982228298,0.6663021189336978,0.8494873547505126,0.7189880609512329,N200_O2_I200_TRAIN_030_c5259795ea,NESTED_INNER_SCREEN,adaptive_resnet,multiview_zscore,10.0,none,multitask,multitask,mask,none,271830,705721,705721,29234,7315,21.93603730201721,2,I200_TRAIN_030_c5259795ea,ok,190
5,0.6085184442451577,12.953668594360352,8.52364730834961,10.73865795135498,12.953668594360352,16.38617706298828,11.161986351013184,1.1036229133605957,-0.9348453879356384,0.4084411228260101,0.4711009283434511,0.7117560505867004,3727,14.061504364013672,8.52862548828125,563,26.29851150512696,17.32537841796875,4391,12.000901222229004,6.866551399230957,0.0,1.0,0.2393711551606288,0.4679425837320574,0.6509911141490089,0.3838687628161312,0.6702665755297335,0.8462064251537936,0.7195667028427124,N200_O2_I200_TRAIN_031_237e931217,NESTED_INNER_SCREEN,adaptive_resnet,multiview_zscore,10.0,none,multitask,multitask,amplitude_warp,none,271830,705721,705721,29234,7315,21.901451587677,2,I200_TRAIN_031_237e931217,ok,191
5,0.6142612684006784,12.945638656616213,8.505560874938965,10.72559928894043,12.945638656616213,16.401065826416016,11.155757904052734,0.94660884141922,-1.3664600849151611,0.4042278538844989,0.476874183552366,0.7107908725738525,3727,14.013106346130373,8.267659187316895,563,26.39588737487793,17.579090118408203,4391,11.972430229187012,6.62197208404541,0.0,1.0,0.2423786739576213,0.4714969241285031,0.6508544087491456,0.3894736842105263,0.6740943267259056,0.8477101845522899,0.7158337831497192,N200_O2_I200_TRAIN_032_c2b96ae0ad,NESTED_INNER_SCREEN,adaptive_resnet,multiview_zscore,10.0,none,multitask,multitask,compound_morphology,none,271830,705721,705721,29234,7315,22.033214807510376,2,I200_TRAIN_032_c2b96ae0ad,ok,192
4,0.6065765944571276,12.965158462524414,8.548578262329102,10.756868362426758,12.965158462524414,16.509920120239258,11.069427490234377,1.1726888418197632,-0.0272727943956851,0.4067749141065274,0.4776524797152202,0.7130982875823975,3727,14.028130531311035,9.031089782714844,563,26.068321228027344,16.308128356933594,4391,11.999094009399414,7.399658203125,0.0,1.0,0.250580997949419,0.4686261107313739,0.656596035543404,0.3726589200273411,0.6725905673274094,0.8486671223513329,0.7254803776741028,N200_O2_I200_TRAIN_033_dfb37edfd0,NESTED_INNER_SCREEN,adaptive_resnet,multiview_zscore,10.0,none,multitask,multitask,none,none,271830,705721,705721,29234,7315,21.838103532791138,2,I200_TRAIN_033_dfb37edfd0,ok,193
5,0.579694818437489,13.05487060546875,8.557665824890137,10.806268692016602,13.05487060546875,16.579368591308594,11.239007949829102,0.3801409304141998,-0.992798924446106,0.4017329684464872,0.4769518007025916,0.7159836888313293,3727,13.907211303710938,8.388654708862305,563,26.050012588500977,16.584396362304688,4391,11.974648475646973,6.931869029998779,0.0,1.0,0.2437457279562542,0.4676691729323308,0.6518113465481886,0.3803144224196856,0.6701298701298701,0.843609022556391,0.7202246189117432,N200_O2_I200_TRAIN_034_9fd5d868a1,NESTED_INNER_SCREEN,adaptive_resnet,multiview_zscore,10.0,none,multitask,multitask,mask,none,271830,705721,705721,29234,7315,21.91596221923828,2,I200_TRAIN_034_9fd5d868a1,ok,194
4,0.6090839049395393,12.941986083984377,8.619339942932129,10.780662536621094,12.941986083984377,16.489988327026367,11.093620300292969,1.2632174491882324,0.5973572731018066,0.4092294008438165,0.4772942218769154,0.7153449058532715,3727,14.020452499389648,9.419243812561035,563,25.84026527404785,15.77187156677246,4391,11.995233535766602,7.810259819030762,0.0,1.0,0.252904989747095,0.4679425837320574,0.6568694463431306,0.368010936431989,0.6676691729323309,0.8423786739576213,0.7310827970504761,N200_O2_I200_TRAIN_035_944f8ae4a2,NESTED_INNER_SCREEN,adaptive_resnet,multiview_zscore,10.0,none,multitask,multitask,amplitude_warp,none,271830,705721,705721,29234,7315,21.55433750152588,2,I200_TRAIN_035_944f8ae4a2,ok,195
5,0.5906708690465665,12.948752403259276,8.519573211669922,10.734163284301758,12.948752403259276,16.435434341430664,11.154742240905762,0.7211222648620605,-1.1219429969787598,0.4105822562259199,0.4839021538825894,0.7114516496658325,3727,13.876997947692873,8.322344779968262,563,25.8237361907959,16.708833694458008,4391,11.918514251708984,6.870358467102051,0.0,1.0,0.2473000683526999,0.4647983595352016,0.6557758031442242,0.3825017088174983,0.6725905673274094,0.8448393711551606,0.7159355282783508,N200_O2_I200_TRAIN_036_60f2ee9398,NESTED_INNER_SCREEN,adaptive_resnet,multiview_zscore,10.0,none,multitask,multitask,compound_morphology,none,271830,705721,705721,29234,7315,21.84378218650818,2,I200_TRAIN_036_60f2ee9398,ok,196
5,0.6223628156714969,12.911173820495604,8.425217628479004,10.668195724487305,12.911173820495604,16.314786911010742,11.02066135406494,1.2955788373947144,-0.6725871562957764,0.4117296904375866,0.4865164908935323,0.7065372467041016,3727,14.109925270080566,8.550601959228516,563,26.350971221923828,16.912324905395508,4391,12.033076286315918,6.928494930267334,0.0,1.0,0.2453861927546138,0.4638414217361585,0.6544087491455912,0.3811346548188653,0.6827067669172933,0.8527682843472317,0.7162165641784668,N200_O2_I200_TRAIN_037_beadba97be,NESTED_INNER_SCREEN,adaptive_resnet,multiview_zscore,10.0,none,multitask,multitask,none,none,271830,705721,705721,29234,7315,21.255698919296265,2,I200_TRAIN_037_beadba97be,ok,197
4,0.6373482646505817,12.85511302947998,8.410611152648926,10.632862091064451,12.85511302947998,16.311542510986328,11.00132942199707,0.474650114774704,-0.8293622732162476,0.4088068154685449,0.488365224674986,0.7043688297271729,3727,13.791570663452148,8.541993141174316,563,27.396514892578125,17.39859962463379,4391,11.69752311706543,6.822430610656738,0.0,1.0,0.244565960355434,0.4597402597402597,0.6598769651401231,0.3792207792207792,0.6865345181134654,0.8548188653451811,0.7122722864151001,N200_O2_I200_TRAIN_038_d0d1faca7f,NESTED_INNER_SCREEN,adaptive_resnet,multiview_zscore,10.0,none,multitask,multitask,mask,none,271830,705721,705721,29234,7315,21.26971912384033,2,I200_TRAIN_038_d0d1faca7f,ok,198
4,0.6370545976302203,12.812777519226074,8.480560302734375,10.646669387817385,12.812777519226074,16.28514289855957,11.018128395080566,0.1944702118635177,-0.2730830907821655,0.4112324133851186,0.4819908920119882,0.7060453295707703,3727,13.684531211853027,8.917427062988281,563,27.54763603210449,17.00521469116211,4391,11.592259407043455,7.169497013092041,0.0,1.0,0.2462064251537935,0.4654818865345181,0.663568010936432,0.3758031442241968,0.6757347915242652,0.8549555707450445,0.7166210412979126,N200_O2_I200_TRAIN_039_a244018309,NESTED_INNER_SCREEN,adaptive_resnet,multiview_zscore,10.0,none,multitask,multitask,amplitude_warp,none,271830,705721,705721,29234,7315,21.27934169769287,2,I200_TRAIN_039_a244018309,ok,199
4,0.6400807121999903,12.82728099822998,8.445152282714844,10.63621711730957,12.82728099822998,16.25674057006836,11.019549369812012,0.5252496004104614,-0.5723540186882019,0.413071033979378,0.4834988069442095,0.7050026059150696,3727,13.81085968017578,8.70055103302002,563,27.51766014099121,17.291057586669922,4391,11.692075729370115,6.971184253692627,0.0,1.0,0.2478468899521531,0.462200956937799,0.6617908407382092,0.3801777170198223,0.6780587833219412,0.8534518113465482,0.7145049571990967,N200_O2_I200_TRAIN_040_8f6701e758,NESTED_INNER_SCREEN,adaptive_resnet,multiview_zscore,10.0,none,multitask,multitask,compound_morphology,none,271830,705721,705721,29234,7315,21.389477729797363,2,I200_TRAIN_040_8f6701e758,ok,200
4,0.62293640207621,12.87661075592041,8.497314453125,10.686962127685549,12.87661075592041,16.50554656982422,11.039446830749512,-0.6848349571228027,-0.21199332177639,0.4138273205808799,0.4853374015897642,0.708519458770752,3727,13.239456176757812,8.742449760437012,563,26.79271507263184,16.322906494140625,4391,11.370573043823242,7.224803924560547,0.0,1.0,0.2605604921394395,0.4750512645249487,0.6570061517429938,0.3760765550239234,0.6723171565276829,0.8481203007518797,0.7135689854621887,N200_O2_PRIOR_WINNER_FIXED,NESTED_INNER_SCREEN,resnet,multiview,10.0,none,multitask,multitask,jitter_scale,none,271830,1146884,1146884,29234,7315,18.40413808822632,2,PRIOR_WINNER_FIXED,ok,201
3,0.6277303789176193,12.88556671142578,8.304814338684082,10.595190048217772,12.88556671142578,16.035398483276367,10.80721664428711,-0.8306624889373779,-1.3868941068649292,0.4177223857384217,0.5125250213174,0.7030001878738403,3682,13.835033416748049,8.353405952453613,574,27.704776763916016,17.86004066467285,4351,11.902828216552734,6.4577178955078125,0.0087108013937282,1.0,0.2330601092896174,0.446448087431694,0.6461748633879781,0.371448087431694,0.6826502732240437,0.8706284153005465,0.7101448774337769,N200_O3_I200_ARCH_001_0070ac94e2,NESTED_INNER_SCREEN,adaptive_resnet,multiview_zscore,10.0,none,multitask,multitask,jitter_scale,none,271831,251592,251592,29220,7320,14.728816747665403,3,I200_ARCH_001_0070ac94e2,ok,1
3,0.6317006034009597,12.822338104248049,8.314338684082031,10.56833839416504,12.822338104248049,15.998905181884766,10.655813217163086,0.7736453413963318,0.0281723272055387,0.4220682910609743,0.513316032739247,0.7016229629516602,3682,14.235583305358888,9.052266120910645,574,25.326229095458984,15.960840225219728,4351,12.296710968017578,7.291737079620361,0.0034843205574912,1.0,0.2400273224043715,0.4547814207650273,0.6465846994535519,0.3628415300546448,0.6739071038251366,0.8663934426229508,0.7191166877746582,N200_O3_I200_ARCH_002_60c8d80ebf,NESTED_INNER_SCREEN,adaptive_resnet,multiview_zscore,10.0,none,multitask,multitask,jitter_scale,none,271831,251612,251612,29220,7320,15.456688642501833,3,I200_ARCH_002_60c8d80ebf,ok,2
3,0.6314327081823661,12.877920150756836,8.305362701416016,10.591641426086426,12.877920150756836,16.035648345947266,10.74229907989502,-0.1487161219120025,-0.749701976776123,0.4146536384637249,0.5056423946862562,0.7028087377548218,3682,14.049570083618164,8.658367156982422,574,26.82780647277832,17.077312469482422,4351,12.07980251312256,6.8548688888549805,0.0,1.0,0.2349726775956284,0.4564207650273224,0.644808743169399,0.3687158469945355,0.6834699453551912,0.8688524590163934,0.7146451473236084,N200_O3_I200_ARCH_003_2e86f85560,NESTED_INNER_SCREEN,adaptive_resnet,multiview_zscore,10.0,none,multitask,multitask,jitter_scale,none,271831,255976,255976,29220,7320,15.618791103363035,3,I200_ARCH_003_2e86f85560,ok,3
3,0.6320833961168925,12.886837005615234,8.301718711853027,10.594278335571287,12.886837005615234,16.017732620239258,10.86986255645752,-0.2456971853971481,-1.89001727104187,0.4171412164174962,0.5059226561544248,0.7029081583023071,3682,14.020936965942385,7.941473007202148,574,26.791650772094727,17.961515426635742,4351,12.098576545715332,6.255978107452393,0.0,1.0,0.2360655737704918,0.4495901639344262,0.6449453551912568,0.3747267759562842,0.6886612021857923,0.8674863387978142,0.7071317434310913,N200_O3_I200_ARCH_004_3b8a4c1910,NESTED_INNER_SCREEN,adaptive_resnet,multiview_zscore,10.0,none,multitask,multitask,jitter_scale,none,271831,334026,334026,29220,7320,19.753026485443115,3,I200_ARCH_004_3b8a4c1910,ok,4
2,0.6516758998235067,12.925565719604492,8.375822067260742,10.650693893432615,12.925565719604492,16.1649112701416,10.863279342651367,0.9769221544265748,-1.186662673950195,0.4108079800417969,0.4918391107990619,0.7070467472076416,3682,14.37208366394043,8.29935359954834,574,25.17914390563965,16.59906768798828,4351,12.423152923583984,6.803199768066406,0.0,1.0,0.2394808743169399,0.4525956284153005,0.6442622950819672,0.3721311475409836,0.6822404371584699,0.8592896174863388,0.7163808345794678,N200_O3_I200_ARCH_005_6e92f23031,NESTED_INNER_SCREEN,adaptive_resnet,multiview_zscore,10.0,none,multitask,multitask,jitter_scale,none,271831,334056,334056,29220,7320,16.621684789657593,3,I200_ARCH_005_6e92f23031,ok,5
3,0.6344346887145946,12.944965362548828,8.31242847442627,10.62869644165039,12.944965362548828,16.053293228149414,10.77013111114502,0.9883755445480348,-0.8048877716064453,0.4161285763498871,0.4996149765823277,0.7049766182899475,3682,14.431962013244627,8.548420906066895,574,25.715316772460938,16.841772079467773,4351,12.429079055786133,6.856808662414551,0.0034843205574912,1.0,0.2322404371584699,0.444535519125683,0.6405737704918033,0.3726775956284153,0.6851092896174863,0.8674863387978142,0.7178139686584473,N200_O3_I200_ARCH_006_4f28a7253b,NESTED_INNER_SCREEN,adaptive_resnet,multiview_zscore,10.0,none,multitask,multitask,jitter_scale,none,271831,340602,340602,29220,7320,20.928510665893555,3,I200_ARCH_006_4f28a7253b,ok,6
4,0.6091149274040671,13.012247085571287,8.360106468200684,10.686176300048828,13.012247085571287,16.210739135742188,10.926103591918944,-0.8131396174430847,-1.925397515296936,0.3959582940904111,0.4995383067616448,0.7088251709938049,3682,14.01443576812744,8.121333122253418,574,27.76182174682617,18.03387451171875,4351,12.049409866333008,6.369389057159424,0.0034843205574912,0.9997035280166024,0.2329234972677595,0.4460382513661202,0.6401639344262295,0.3808743169398907,0.6886612021857923,0.8648907103825136,0.7133774757385254,N200_O3_I200_ARCH_007_9404ad5336,NESTED_INNER_SCREEN,adaptive_resnet,multiview_zscore,10.0,none,multitask,multitask,jitter_scale,none,271831,416460,416460,29220,7320,23.380269289016724,3,I200_ARCH_007_9404ad5336,ok,7
3,0.6284225053257413,13.06479549407959,8.341853141784668,10.703324317932127,13.06479549407959,16.125398635864258,10.750367164611816,1.0319230556488037,-0.617139458656311,0.4087423766649974,0.5070285133460659,0.7095435857772827,3682,14.653507232666016,8.850156784057617,574,26.39847183227539,17.113557815551758,4351,12.58815097808838,6.958937644958496,0.0,1.0,0.2273224043715847,0.4357923497267759,0.6370218579234973,0.3683060109289617,0.6790983606557377,0.8655737704918033,0.7258988618850708,N200_O3_I200_ARCH_008_73f727150e,NESTED_INNER_SCREEN,adaptive_resnet,multiview_zscore,10.0,none,multitask,multitask,jitter_scale,none,271831,416500,416500,29220,7320,24.48484206199646,3,I200_ARCH_008_73f727150e,ok,8
3,0.6274879715021919,13.01999855041504,8.363260269165039,10.69162940979004,13.01999855041504,16.115535736083984,10.804203033447266,0.1692403554916381,-1.004746675491333,0.4050682155686768,0.5065360883740017,0.7091721296310425,3682,14.330955505371094,8.653331756591797,574,27.11377143859864,17.626062393188477,4351,12.321146965026855,6.721778869628906,0.0,1.0,0.2290983606557377,0.4401639344262295,0.6366120218579235,0.3666666666666666,0.6777322404371585,0.8661202185792349,0.7213348150253296,N200_O3_I200_ARCH_009_a64321f369,NESTED_INNER_SCREEN,adaptive_resnet,multiview_zscore,10.0,none,multitask,multitask,jitter_scale,none,271831,425228,425228,29220,7320,25.305554628372192,3,I200_ARCH_009_a64321f369,ok,9
3,0.630653987133425,12.947214126586914,8.337408065795898,10.642311096191406,12.947214126586914,16.097261428833008,10.848325729370115,-0.5736772418022156,-1.5588383674621582,0.4081773463438334,0.503306016006122,0.7060692310333252,3682,14.047758102416992,8.259537696838379,574,27.468727111816406,17.948768615722656,4351,12.099443435668944,6.474053859710693,0.0,1.0,0.2307377049180327,0.4524590163934426,0.6460382513661203,0.369672131147541,0.6857923497267759,0.8662568306010929,0.7129678726196289,N200_O3_I200_ARCH_010_ec241a5c84,NESTED_INNER_SCREEN,adaptive_resnet,multiview_zscore,10.0,none,multitask,multitask,jitter_scale,none,271831,518248,518248,29220,7320,15.074610471725464,3,I200_ARCH_010_ec241a5c84,ok,10
3,0.6332208919369318,12.984413146972656,8.343672752380371,10.664043426513672,12.984413146972656,16.0699405670166,10.87967300415039,1.1191303730010986,-1.6220293045043943,0.415832632183458,0.4994187662404429,0.7073686718940735,3682,14.609251976013184,8.220730781555176,574,26.01050567626953,18.104297637939453,4351,12.540445327758787,6.43703031539917,0.0,1.0,0.2331967213114754,0.44275956284153,0.6394808743169399,0.3700819672131147,0.6863387978142077,0.865983606557377,0.7174716591835022,N200_O3_I200_ARCH_011_b8134a8a09,NESTED_INNER_SCREEN,adaptive_resnet,multiview_zscore,10.0,none,multitask,multitask,jitter_scale,none,271831,518268,518268,29220,7320,15.76560664176941,3,I200_ARCH_011_b8134a8a09,ok,11
3,0.631234200172175,12.87191677093506,8.330710411071777,10.601313591003418,12.87191677093506,16.015657424926758,10.887681007385254,0.3872886896133423,-1.825996279716492,0.4176313251638471,0.5018262857129134,0.7036855816841125,3682,14.223751068115234,8.04008674621582,574,26.30433464050293,18.030696868896484,4351,12.238654136657717,6.322742938995361,0.0,1.0,0.233879781420765,0.4515027322404371,0.6501366120218579,0.369535519125683,0.6862021857923497,0.8646174863387979,0.7101502418518066,N200_O3_I200_ARCH_012_3bebdfe95f,NESTED_INNER_SCREEN,adaptive_resnet,multiview_zscore,10.0,none,multitask,multitask,jitter_scale,none,271831,527896,527896,29220,7320,17.045676469802856,3,I200_ARCH_012_3bebdfe95f,ok,12
2,0.6517294302485348,12.918482780456545,8.327068328857422,10.62277603149414,12.918482780456545,16.17436981201172,10.896490097045898,-0.0568195283412933,-2.095304250717163,0.4064146395455964,0.5071480606500772,0.7048388719558716,3682,14.02259635925293,7.756117343902588,574,26.0916805267334,17.029664993286133,4351,12.133852005004885,6.377480030059815,0.0,1.0,0.2386612021857923,0.4542349726775956,0.644808743169399,0.3743169398907104,0.6892076502732241,0.8635245901639345,0.7066812515258789,N200_O3_I200_ARCH_013_0fd718994c,NESTED_INNER_SCREEN,adaptive_resnet,multiview_zscore,10.0,none,multitask,multitask,jitter_scale,none,271831,703338,703338,29220,7320,15.262147903442385,3,I200_ARCH_013_0fd718994c,ok,13
2,0.6513682857058407,12.98405933380127,8.325386047363281,10.654722213745115,12.98405933380127,16.22931480407715,10.740157127380373,1.0482279062271118,-0.3789445459842682,0.4054954094022873,0.5017068594136072,0.7066049575805664,3682,14.452991485595703,8.654963493347168,574,25.04969024658203,15.536287307739258,4351,12.502578735351562,7.203885078430176,0.0,1.0,0.2377049180327868,0.451775956284153,0.6355191256830601,0.3711748633879781,0.676775956284153,0.8629781420765027,0.7202802896499634,N200_O3_I200_ARCH_014_c183826645,NESTED_INNER_SCREEN,adaptive_resnet,multiview_zscore,10.0,none,multitask,multitask,jitter_scale,none,271831,703368,703368,29220,7320,17.02881360054016,3,I200_ARCH_014_c183826645,ok,14
3,0.6305364062583524,12.93861484527588,8.36185073852539,10.650232315063477,12.93861484527588,16.07107162475586,10.819133758544922,-1.1117491722106934,-0.8829882740974426,0.415655677230148,0.5029689697832477,0.7068361043930054,3682,13.907681465148926,8.713949203491211,574,28.0146541595459,17.525896072387695,4351,11.95827579498291,6.787792682647705,0.0,1.0,0.2306010928961748,0.446311475409836,0.6407103825136612,0.3658469945355191,0.6792349726775956,0.8665300546448087,0.7172455787658691,N200_O3_I200_ARCH_015_ca1ee0e1e3,NESTED_INNER_SCREEN,adaptive_resnet,multiview_zscore,10.0,none,multitask,multitask,jitter_scale,none,271831,717810,717810,29220,7320,21.635661602020264,3,I200_ARCH_015_ca1ee0e1e3,ok,15
2,0.6507191552835352,12.98549747467041,8.357454299926758,10.671476364135742,12.98549747467041,16.228004455566406,10.820290565490724,1.061088800430298,-0.9726958870887756,0.402443861849853,0.4955630437194474,0.7079671621322632,3682,14.422789573669434,8.437786102294922,574,25.49301528930664,16.3812198638916,4351,12.454734802246094,6.965245723724365,0.0,1.0,0.2360655737704918,0.4525956284153005,0.6420765027322405,0.3703551912568306,0.6823770491803278,0.8616120218579235,0.7188525199890137,N200_O3_I200_ARCH_016_ccec4f77dd,NESTED_INNER_SCREEN,adaptive_resnet,multiview_zscore,10.0,none,multitask,multitask,jitter_scale,none,271831,888428,888428,29220,7320,18.02542471885681,3,I200_ARCH_016_ccec4f77dd,ok,16
2,0.6488258032237783,12.932445526123049,8.37562370300293,10.654034614562988,12.932445526123049,16.162900924682617,10.800132751464844,1.13047194480896,-0.5388739705085754,0.4107847377643162,0.4936179065546136,0.7072311639785767,3682,14.409459114074709,8.684468269348145,574,25.20828437805176,16.08293342590332,4351,12.455977439880373,7.1649017333984375,0.0,1.0,0.2415300546448087,0.4515027322404371,0.6408469945355191,0.365983606557377,0.6801912568306011,0.8581967213114754,0.7207493782043457,N200_O3_I200_ARCH_017_be9af9faa0,NESTED_INNER_SCREEN,adaptive_resnet,multiview_zscore,10.0,none,multitask,multitask,jitter_scale,none,271831,888468,888468,29220,7320,20.02333068847656,3,I200_ARCH_017_be9af9faa0,ok,17
2,0.64881737910065,12.974516868591309,8.320521354675293,10.6475191116333,12.974516868591309,16.23090362548828,10.792841911315918,-0.3260132372379303,-1.088201642036438,0.3983479570068888,0.4992858001185163,0.7061374187469482,3682,13.99164581298828,8.395315170288086,574,26.92686462402344,16.81816291809082,4351,12.078852653503418,6.812908172607422,0.0,1.0,0.2349726775956284,0.457103825136612,0.6433060109289618,0.3688524590163934,0.6868852459016394,0.8620218579234973,0.714025616645813,N200_O3_I200_ARCH_018_57fb09dad6,NESTED_INNER_SCREEN,adaptive_resnet,multiview_zscore,10.0,none,multitask,multitask,jitter_scale,none,271831,907724,907724,29220,7320,20.325242280960083,3,I200_ARCH_018_57fb09dad6,ok,18
3,0.6314120775733898,12.918451309204102,8.260969161987305,10.589710235595703,12.918451309204102,16.03254508972168,10.783116340637209,-0.1163643598556518,-1.4175370931625366,0.4151036664403571,0.5096310526379566,0.7021132707595825,3682,14.105413436889648,8.25202465057373,574,27.08228302001953,17.72930908203125,4351,12.127846717834473,6.470993518829346,0.0,1.0,0.228551912568306,0.4487704918032787,0.6461748633879781,0.3795081967213115,0.6930327868852459,0.8663934426229508,0.7103269696235657,N200_O3_I200_ARCH_019_8bfe0b6689,NESTED_INNER_SCREEN,adaptive_resnet,multiview_zscore,10.0,none,multitask,multitask,jitter_scale,none,271831,883208,883208,29220,7320,20.637729167938232,3,I200_ARCH_019_8bfe0b6689,ok,19
2,0.6511720387764226,12.96174430847168,8.26699447631836,10.61436939239502,12.96174430847168,16.251253128051758,10.7289400100708,-1.099520564079285,-1.0533065795898438,0.406063009354075,0.5076794544382142,0.70357346534729,3682,13.706915855407717,8.336616516113281,574,26.88578224182129,16.525632858276367,4351,11.93181037902832,6.764820098876953,0.0,1.0,0.2381147540983606,0.4596994535519125,0.6456284153005465,0.3743169398907104,0.6852459016393443,0.8666666666666667,0.7095053195953369,N200_O3_I200_ARCH_020_1dc145a265,NESTED_INNER_SCREEN,adaptive_resnet,multiview_zscore,10.0,none,multitask,multitask,jitter_scale,none,271831,883228,883228,29220,7320,17.185752153396606,3,I200_ARCH_020_1dc145a265,ok,20
3,0.6332307753999249,12.906042098999023,8.316434860229492,10.611238479614258,12.906042098999023,16.012195587158203,10.852473258972168,0.1954581886529922,-1.716810703277588,0.4187114459693946,0.508741607877683,0.7040523290634155,3682,14.248011589050291,8.144110679626465,574,27.06327247619629,18.240703582763672,4351,12.210461616516112,6.329484939575195,0.0,1.0,0.2304644808743169,0.4487704918032787,0.6422131147540984,0.3702185792349727,0.6912568306010929,0.8650273224043716,0.7116669416427612,N200_O3_I200_ARCH_021_9ba9f6d45c,NESTED_INNER_SCREEN,adaptive_resnet,multiview_zscore,10.0,none,multitask,multitask,jitter_scale,none,271831,900168,900168,29220,7320,21.282841205596924,3,I200_ARCH_021_9ba9f6d45c,ok,21
3,0.6329853784025105,12.96268367767334,8.325550079345703,10.64411735534668,12.96268367767334,16.115087509155273,10.86252498626709,-0.8465525507926941,-1.573652744293213,0.407757285599205,0.5010472132758684,0.7060134410858154,3682,13.89462661743164,8.209124565124512,574,27.49672508239746,17.88762855529785,4351,11.98200511932373,6.43826961517334,0.0,1.0,0.2282786885245901,0.4493169398907103,0.6430327868852459,0.3741803278688524,0.6848360655737705,0.8665300546448087,0.7113350033760071,N200_O3_I200_ARCH_022_cf87aa3138,NESTED_INNER_SCREEN,adaptive_resnet,multiview_zscore,10.0,none,multitask,multitask,jitter_scale,none,271831,1211914,1211914,29220,7320,24.940083742141724,3,I200_ARCH_022_cf87aa3138,ok,22
2,0.6512140327808904,12.930061340332031,8.309297561645508,10.61967945098877,12.930061340332031,16.16535186767578,10.784502029418944,0.6702384948730469,-1.1003047227859497,0.4093584505487946,0.5019903249155314,0.7044304013252258,3682,14.26324462890625,8.292529106140137,574,25.517820358276367,16.35121726989746,4351,12.331586837768556,6.838181018829346,0.0,1.0,0.239207650273224,0.4546448087431694,0.6405737704918033,0.3725409836065573,0.6848360655737705,0.8631147540983607,0.713586688041687,N200_O3_I200_ARCH_023_6f19995429,NESTED_INNER_SCREEN,adaptive_resnet,multiview_zscore,10.0,none,multitask,multitask,jitter_scale,none,271831,1211944,1211944,29220,7320,23.27556824684143,3,I200_ARCH_023_6f19995429,ok,23
2,0.6510044059722252,12.966482162475586,8.337607383728027,10.652044296264648,12.966482162475586,16.185209274291992,10.81799602508545,0.7947719097137451,-1.2537665367126465,0.406169212537333,0.4990631061186174,0.7066167593002319,3682,14.363882064819336,8.270783424377441,574,25.57654190063477,16.552356719970703,4351,12.401999473571776,6.789294242858887,0.0,1.0,0.2379781420765027,0.451775956284153,0.6387978142076502,0.3673497267759563,0.6849726775956284,0.8631147540983607,0.715706467628479,N200_O3_I200_ARCH_024_8737cc351a,NESTED_INNER_SCREEN,adaptive_resnet,multiview_zscore,10.0,none,multitask,multitask,jitter_scale,none,271831,1237354,1237354,29220,7320,23.50671434402465,3,I200_ARCH_024_8737cc351a,ok,24
2,0.6509701231725855,12.962507247924805,8.366734504699707,10.664621353149414,12.962507247924805,16.227781295776367,10.847518920898438,-0.6962500214576721,-0.9853777885437012,0.4050625279312416,0.4905752241177823,0.7077061533927917,3682,13.80469036102295,8.461268424987793,574,26.699678421020508,16.60816764831543,4351,11.987529754638672,6.905874729156494,0.0,1.0,0.237431693989071,0.4565573770491803,0.6459016393442623,0.3676229508196721,0.6846994535519125,0.8627049180327869,0.7145735621452332,N200_O3_I200_ARCH_025_1acdf38880,NESTED_INNER_SCREEN,adaptive_resnet,multiview_zscore,10.0,none,multitask,multitask,jitter_scale,none,271831,1540620,1540620,29220,7320,25.291832447052,3,I200_ARCH_025_1acdf38880,ok,25
2,0.6503472593095567,12.928814888000488,8.352702140808105,10.640758514404297,12.928814888000488,16.135704040527344,10.832962989807127,1.0383281707763672,-1.1112428903579712,0.4123351962996734,0.4953093368648753,0.7061846852302551,3682,14.390710830688477,8.320608139038086,574,25.143430709838867,16.321792602539062,4351,12.4426851272583,6.858759880065918,0.0,1.0,0.2377049180327868,0.4547814207650273,0.6413934426229508,0.369535519125683,0.6849726775956284,0.8590163934426229,0.7160836458206177,N200_O3_I200_ARCH_026_c1eed577b0,NESTED_INNER_SCREEN,adaptive_resnet,multiview_zscore,10.0,none,multitask,multitask,jitter_scale,none,271831,1540660,1540660,29220,7320,28.258066177368164,3,I200_ARCH_026_c1eed577b0,ok,26
2,0.6489185270141152,12.916284561157228,8.326141357421875,10.62121295928955,12.916284561157228,16.19138526916504,10.793758392333984,-0.5670834183692932,-1.0043277740478516,0.4079494947666084,0.4981226846721406,0.7047390937805176,3682,13.820380210876465,8.39793872833252,574,26.431188583374023,16.445871353149414,4351,12.001511573791504,6.8560004234313965,0.0,1.0,0.2372950819672131,0.4565573770491803,0.6468579234972678,0.3707650273224043,0.6867486338797815,0.8610655737704918,0.7118054628372192,N200_O3_I200_ARCH_027_7377792955,NESTED_INNER_SCREEN,adaptive_resnet,multiview_zscore,10.0,none,multitask,multitask,jitter_scale,none,271831,1574540,1574540,29220,7320,28.50134348869324,3,I200_ARCH_027_7377792955,ok,27
3,0.635714753001344,12.900975227355955,8.303672790527344,10.602323532104492,12.900975227355955,16.03754425048828,10.80367946624756,-1.6772518157958984,-1.3406087160110474,0.4253009869096827,0.5067456017634001,0.7033843994140625,3682,13.60316276550293,8.339261054992676,574,28.1439208984375,17.68386459350586,4351,11.727103233337402,6.527618408203125,0.0,1.0,0.2300546448087431,0.4510928961748633,0.6434426229508197,0.371448087431694,0.6881147540983606,0.8681693989071039,0.7086647748947144,N200_O3_I200_ARCH_028_98a7a9be9a,NESTED_INNER_SCREEN,adaptive_resnet,multiview_zscore,10.0,none,multitask,multitask,jitter_scale,none,271831,1346472,1346472,29220,7320,26.04808521270752,3,I200_ARCH_028_98a7a9be9a,ok,28
3,0.6353796420533673,12.923418998718262,8.330743789672852,10.627080917358398,12.923418998718262,16.05143928527832,10.76888370513916,-1.129019021987915,-0.8473331332206726,0.4180465764669599,0.5088512327415722,0.70512855052948,3682,13.832725524902344,8.726926803588867,574,27.96766471862793,17.438188552856445,4351,11.879801750183104,6.818469047546387,0.0,1.0,0.2299180327868852,0.4465846994535519,0.6415300546448087,0.3688524590163934,0.6823770491803278,0.8666666666666667,0.7155741453170776,N200_O3_I200_ARCH_029_74d3352457,NESTED_INNER_SCREEN,adaptive_resnet,multiview_zscore,10.0,none,multitask,multitask,jitter_scale,none,271831,1346492,1346492,29220,7320,29.55961942672729,3,I200_ARCH_029_74d3352457,ok,29
3,0.6360395527353474,12.89040470123291,8.300536155700684,10.595470428466797,12.89040470123291,16.01125717163086,10.746914863586426,-1.162016749382019,-1.0319607257843018,0.4235306034876762,0.5123426293814896,0.7029592394828796,3682,13.7970609664917,8.558592796325684,574,27.919084548950195,17.383893966674805,4351,11.86064910888672,6.704823017120361,0.0,1.0,0.2342896174863388,0.4491803278688525,0.6438524590163934,0.3704918032786885,0.6859289617486338,0.8661202185792349,0.7119629383087158,N200_O3_I200_ARCH_030_d854d1468d,NESTED_INNER_SCREEN,adaptive_resnet,multiview_zscore,10.0,none,multitask,multitask,jitter_scale,none,271831,1372792,1372792,29220,7320,30.00675106048584,3,I200_ARCH_030_d854d1468d,ok,30
2,0.6507688978918238,12.9232177734375,8.368515968322754,10.645866394042969,12.9232177734375,16.162466049194336,10.890054702758787,-0.1014841198921203,-1.5949211120605469,0.4107190798746592,0.4959484667878423,0.7066798806190491,3682,13.92524528503418,8.109302520751953,574,25.923940658569336,16.836902618408203,4351,12.09066104888916,6.6474289894104,0.0,1.0,0.2379781420765027,0.4558743169398907,0.644672131147541,0.3699453551912568,0.6868852459016394,0.8627049180327869,0.7110204100608826,N200_O3_I200_ARCH_031_9b812a99a0,NESTED_INNER_SCREEN,adaptive_resnet,multiview_zscore,10.0,none,multitask,multitask,jitter_scale,none,271831,1859754,1859754,29220,7320,29.191612482070923,3,I200_ARCH_031_9b812a99a0,ok,31
3,0.6293370560103771,12.962942123413086,8.363343238830566,10.663143157958984,12.962942123413086,16.097352981567383,10.907318115234377,0.2063655406236648,-1.5239070653915403,0.4073549701628701,0.4941825680204684,0.7075785398483276,3682,14.310630798339844,8.317675590515137,574,27.13719749450684,18.035964965820312,4351,12.23668384552002,6.486836910247803,0.0,1.0,0.2293715846994535,0.4467213114754098,0.639207650273224,0.3722677595628415,0.6856557377049181,0.8625683060109289,0.7165384292602539,N200_O3_I200_ARCH_032_254a5f429f,NESTED_INNER_SCREEN,adaptive_resnet,multiview_zscore,10.0,none,multitask,multitask,jitter_scale,none,271831,1859784,1859784,29220,7320,40.88454675674439,3,I200_ARCH_032_254a5f429f,ok,32
3,0.6299551152715496,12.95245361328125,8.365534782409668,10.658994674682615,12.95245361328125,16.123348236083984,10.917160987854004,-1.1186532974243164,-1.5909929275512695,0.4099195376526962,0.4960863955785014,0.7073752880096436,3682,13.9319429397583,8.288985252380371,574,28.675737380981445,18.25697326660156,4351,11.896636009216309,6.434817314147949,0.0,1.0,0.2319672131147541,0.4497267759562841,0.6443989071038252,0.3704918032786885,0.6849726775956284,0.865983606557377,0.713440477848053,N200_O3_I200_ARCH_033_0f34dac454,NESTED_INNER_SCREEN,adaptive_resnet,multiview_zscore,10.0,none,multitask,multitask,jitter_scale,none,271831,1899234,1899234,29220,7320,41.06773042678833,3,I200_ARCH_033_0f34dac454,ok,33
3,0.6276324652378855,13.03273105621338,8.344595909118652,10.688663482666016,13.03273105621338,16.162609100341797,10.910017013549805,-0.0631065517663955,-1.7809242010116575,0.398567052810504,0.4998858357527802,0.7087591886520386,3682,14.266901016235352,8.097046852111816,574,27.38805389404297,18.067846298217773,4351,12.237224578857422,6.296982765197754,0.0,1.0,0.2280054644808743,0.4443989071038251,0.6370218579234973,0.3722677595628415,0.6807377049180328,0.864344262295082,0.714844286441803,N200_O3_I200_ARCH_034_39d5865ade,NESTED_INNER_SCREEN,adaptive_resnet,multiview_zscore,10.0,none,multitask,multitask,jitter_scale,none,271831,2373036,2373036,29220,7320,46.19093346595764,3,I200_ARCH_034_39d5865ade,ok,34
3,0.6247487855113409,13.025720596313477,8.393512725830078,10.709616661071776,13.025720596313477,16.15229034423828,10.950843811035156,-0.149826630949974,-1.661258101463318,0.3998618725286166,0.4903385246054844,0.7105793356895447,3682,14.230998992919922,8.20646858215332,574,27.374691009521484,18.14927673339844,4351,12.245317459106444,6.399391174316406,0.0017421602787456,1.0,0.2277322404371584,0.4407103825136612,0.639344262295082,0.3663934426229508,0.6823770491803278,0.8618852459016394,0.7170858383178711,N200_O3_I200_ARCH_035_853eef6ae1,NESTED_INNER_SCREEN,adaptive_resnet,multiview_zscore,10.0,none,multitask,multitask,jitter_scale,none,271831,2373076,2373076,29220,7320,49.43116188049317,3,I200_ARCH_035_853eef6ae1,ok,35
3,0.6253911852836609,13.076139450073242,8.438084602355957,10.757112503051758,13.076139450073242,16.24660873413086,10.99192714691162,-1.287140965461731,-1.4962496757507324,0.3942363426658985,0.4819172357301516,0.7138278484344482,3682,13.951699256896973,8.388214111328125,574,28.807308197021484,18.3169002532959,4351,11.977519035339355,6.499095439910889,0.0,1.0,0.2290983606557377,0.4495901639344262,0.6344262295081967,0.3640710382513661,0.6769125683060109,0.8590163934426229,0.7194406986236572,N200_O3_I200_ARCH_036_2fdc7f862b,NESTED_INNER_SCREEN,adaptive_resnet,multiview_zscore,10.0,none,multitask,multitask,jitter_scale,none,271831,2425676,2425676,29220,7320,51.25085973739624,3,I200_ARCH_036_2fdc7f862b,ok,36
2,0.6506581314248976,12.984848976135254,8.327108383178711,10.65597915649414,12.984848976135254,16.200809478759766,10.810650825500488,1.3791154623031616,-0.9710545539855956,0.4083743418968627,0.4981420837480669,0.7066980600357056,3682,14.57655906677246,8.405437469482422,574,25.132476806640625,16.2564754486084,4351,12.552160263061523,6.964361667633057,0.0,1.0,0.2383879781420765,0.4487704918032787,0.6394808743169399,0.3719945355191257,0.6837431693989071,0.8613387978142076,0.7186433672904968,N200_O3_I200_ARCH_037_dd8572626e,NESTED_INNER_SCREEN,adaptive_resnet,multiview_zscore,10.0,none,multitask,multitask,jitter_scale,none,271831,705721,705721,29220,7320,17.25301456451416,3,I200_ARCH_037_dd8572626e,ok,37
2,0.6517883523616915,12.92467975616455,8.29806137084961,10.611370086669922,12.92467975616455,16.178316116333008,10.867257118225098,-1.2253258228302002,-1.9903817176818848,0.4092846744418926,0.5068916300791005,0.7038165926933289,3682,13.679282188415527,7.8050432205200195,574,27.30622673034668,17.270282745361328,4351,11.862079620361328,6.328335762023926,0.0,1.0,0.2367486338797814,0.455327868852459,0.644672131147541,0.3777322404371585,0.6889344262295082,0.864207650273224,0.7040163278579712,N200_O3_I200_ARCH_038_ced99ae8f1,NESTED_INNER_SCREEN,adaptive_resnet,multiview_zscore,10.0,none,multitask,multitask,jitter_scale,none,271831,703369,703369,29220,7320,17.305989980697632,3,I200_ARCH_038_ced99ae8f1,ok,38
2,0.6490889994147556,12.949342727661133,8.306384086608887,10.627862930297852,12.949342727661133,16.213359832763672,10.862743377685549,-0.3542212247848511,-1.676556944847107,0.4013546347241196,0.5014364565782672,0.7048499584197998,3682,13.991490364074709,8.025572776794434,574,26.828622817993164,17.022884368896484,4351,12.05246639251709,6.555296421051025,0.0,1.0,0.2370218579234972,0.4575136612021858,0.6424863387978142,0.3777322404371585,0.6889344262295082,0.8640710382513661,0.7092486619949341,N200_O3_I200_ARCH_039_705132b1ca,NESTED_INNER_SCREEN,adaptive_resnet,multiview_zscore,10.0,none,multitask,multitask,jitter_scale,none,271831,720163,720163,29220,7320,17.533809185028076,3,I200_ARCH_039_705132b1ca,ok,39
2,0.6501006538571875,12.941567420959473,8.326604843139648,10.63408660888672,12.941567420959473,16.193063735961914,10.919451713562012,-0.6241495609283447,-2.08981990814209,0.4043349862525299,0.5024305469648913,0.7054659128189087,3682,13.89816665649414,7.809403896331787,574,26.732891082763672,17.37836265563965,4351,12.033190727233888,6.326710224151611,0.0,1.0,0.2349726775956284,0.4579234972677595,0.6459016393442623,0.3778688524590164,0.687431693989071,0.8627049180327869,0.7068299651145935,N200_O3_I200_ARCH_040_c6a47ec132,NESTED_INNER_SCREEN,adaptive_resnet,multiview_zscore,10.0,none,multitask,multitask,jitter_scale,none,271831,717811,717811,29220,7320,17.436742067337036,3,I200_ARCH_040_c6a47ec132,ok,40
1,0.6993507314351649,13.000439643859863,8.403358459472656,10.701898574829102,13.000439643859863,16.291278839111328,10.89535903930664,-0.2071019560098648,-1.5537068843841553,0.3893996170731537,0.494501500035035,0.7102775573730469,3682,14.116868019104004,8.269288063049316,574,26.64127349853516,17.31093978881836,4351,12.222481727600098,6.573483943939209,0.0,1.0,0.2381147540983606,0.4542349726775956,0.6377049180327868,0.3689890710382513,0.6734972677595629,0.8601092896174863,0.7167081832885742,N200_O3_I200_ARCH_041_5394787084,NESTED_INNER_SCREEN,adaptive_resnet,multiview_zscore,10.0,none,multitask,multitask,jitter_scale,none,271831,890821,890821,29220,7320,15.183418035507202,3,I200_ARCH_041_5394787084,ok,41
3,0.6291380754483291,13.05811595916748,8.314011573791504,10.686063766479492,13.05811595916748,16.271699905395508,10.802828788757324,-2.199272632598877,-1.2222226858139038,0.4043228564481625,0.5041526600661775,0.7082090377807617,3682,13.589204788208008,8.412692070007324,574,28.811128616333008,17.537790298461914,4351,11.777485847473145,6.604919910430908,0.0,1.0,0.2284153005464481,0.4468579234972678,0.6422131147540984,0.3689890710382513,0.6881147540983606,0.8655737704918033,0.7129422426223755,N200_O3_I200_ARCH_042_5f3d5eec56,NESTED_INNER_SCREEN,adaptive_resnet,multiview_zscore,10.0,none,multitask,multitask,jitter_scale,none,271831,888469,888469,29220,7320,25.31394124031067,3,I200_ARCH_042_5f3d5eec56,ok,42
2,0.6489566946341321,13.02523708343506,8.378645896911621,10.70194149017334,13.02523708343506,16.306106567382812,10.853228569030762,-0.7316122055053711,-1.126642823219299,0.3994783024173949,0.4913400423705705,0.7099529504776001,3682,13.853785514831545,8.41645336151123,574,26.64476203918457,16.72942543029785,4351,12.054726600646973,6.8408403396606445,0.0,1.0,0.2413934426229508,0.4515027322404371,0.6439890710382513,0.3676229508196721,0.6841530054644809,0.8605191256830601,0.7161403894424438,N200_O3_I200_ARCH_043_84f766b076,NESTED_INNER_SCREEN,adaptive_resnet,multiview_zscore,10.0,none,multitask,multitask,jitter_scale,none,271831,910077,910077,29220,7320,20.33102560043335,3,I200_ARCH_043_84f766b076,ok,43
2,0.6482909333472159,12.97973346710205,8.380181312561035,10.679957389831545,12.97973346710205,16.262435913085938,10.835247039794922,-0.4177899658679962,-0.7858971953392029,0.4013111451984151,0.4904540962691018,0.708742618560791,3682,13.925333976745604,8.56762409210205,574,26.575485229492188,16.443666458129883,4351,12.086522102355955,7.026173114776611,0.0,1.0,0.2352459016393442,0.4586065573770492,0.644672131147541,0.3647540983606557,0.6812841530054645,0.8594262295081967,0.7172911167144775,N200_O3_I200_ARCH_044_d639e0c279,NESTED_INNER_SCREEN,adaptive_resnet,multiview_zscore,10.0,none,multitask,multitask,jitter_scale,none,271831,907725,907725,29220,7320,20.68211269378662,3,I200_ARCH_044_d639e0c279,ok,44
3,0.6305603096687716,12.88451099395752,8.321541786193848,10.603026390075684,12.88451099395752,16.04384994506836,10.806727409362791,-1.114434838294983,-1.1733746528625488,0.4187090275431253,0.5031652317098925,0.7036601305007935,3682,13.776558876037598,8.448348045349121,574,27.434877395629883,17.543834686279297,4351,11.90424633026123,6.629162311553955,0.0,1.0,0.2304644808743169,0.4534153005464481,0.648360655737705,0.3698087431693989,0.6859289617486338,0.8668032786885246,0.7112090587615967,N200_O3_I200_ARCH_045_732c66f764,NESTED_INNER_SCREEN,adaptive_resnet,multiview_zscore,10.0,none,multitask,multitask,jitter_scale,none,271831,1216105,1216105,29220,7320,29.44462418556213,3,I200_ARCH_045_732c66f764,ok,45
2,0.6513965161018123,12.930201530456545,8.332666397094727,10.631433486938477,12.930201530456545,16.154417037963867,10.82254123687744,0.8911028504371643,-1.3391339778900146,0.4101571755102803,0.499833354031313,0.7053976058959961,3682,14.33535385131836,8.206650733947754,574,25.35524177551269,16.609434127807617,4351,12.380873680114746,6.71606969833374,0.0,1.0,0.2390710382513661,0.4534153005464481,0.6401639344262295,0.3719945355191257,0.6867486338797815,0.8628415300546448,0.7139316201210022,N200_O3_I200_ARCH_046_56cfb6ad83,NESTED_INNER_SCREEN,adaptive_resnet,multiview_zscore,10.0,none,multitask,multitask,jitter_scale,none,271831,1211945,1211945,29220,7320,23.54321885108948,3,I200_ARCH_046_56cfb6ad83,ok,46
3,0.6304538218803655,12.892966270446776,8.310225486755371,10.601595878601074,12.892966270446776,16.02342414855957,10.799365997314451,-0.2163087278604507,-1.1555641889572144,0.416216436057201,0.5035732931248813,0.7034303545951843,3682,14.084185600280762,8.441898345947266,574,26.87999153137207,17.387662887573242,4351,12.113410949707031,6.637475967407227,0.0,1.0,0.2289617486338797,0.4519125683060109,0.6469945355191257,0.3722677595628415,0.6864754098360656,0.8657103825136612,0.7131228446960449,N200_O3_I200_ARCH_047_8d0da52d33,NESTED_INNER_SCREEN,adaptive_resnet,multiview_zscore,10.0,none,multitask,multitask,jitter_scale,none,271831,1241515,1241515,29220,7320,29.74687099456787,3,I200_ARCH_047_8d0da52d33,ok,47
2,0.6520766666512084,12.940409660339355,8.343157768249512,10.641783714294434,12.940409660339355,16.157726287841797,10.812163352966309,0.6836357116699219,-1.217964768409729,0.4075703110063453,0.499070251094264,0.7061157822608948,3682,14.300386428833008,8.272706985473633,574,25.608736038208008,16.506681442260742,4351,12.35268211364746,6.783533096313477,0.0,1.0,0.2394808743169399,0.4513661202185792,0.6394808743169399,0.3670765027322404,0.6864754098360656,0.8613387978142076,0.7149063348770142,N200_O3_I200_ARCH_048_53423d5b33,NESTED_INNER_SCREEN,adaptive_resnet,multiview_zscore,10.0,none,multitask,multitask,jitter_scale,none,271831,1237355,1237355,29220,7320,23.7369647026062,3,I200_ARCH_048_53423d5b33,ok,48
3,0.6302152190333098,13.062739372253418,8.370274543762207,10.716506958007812,13.062739372253418,16.162044525146484,10.759071350097656,1.5161287784576416,-0.2568449079990387,0.4086558469294095,0.5042098802971728,0.7106575965881348,3682,14.882495880126951,9.13841152191162,574,25.93367958068848,16.74010467529297,4351,12.759550094604492,7.224394798278809,0.0,1.0,0.2282786885245901,0.4415300546448087,0.635792349726776,0.3658469945355191,0.6756830601092896,0.8613387978142076,0.7313072681427002,N200_O3_I200_ARCH_049_3c908901b6,NESTED_INNER_SCREEN,morphology_resnet,multiview_zscore,10.0,none,multitask,multitask,jitter_scale,none,271831,333376,333376,29220,7320,20.86768126487732,3,I200_ARCH_049_3c908901b6,ok,49
3,0.6302206960378909,12.924803733825684,8.402579307556152,10.663691520690918,12.924803733825684,16.077299118041992,10.7886381149292,0.6018106341362,-0.3445737957954407,0.4111664123572355,0.4971743937842192,0.7081283330917358,3682,14.390607833862305,9.054759979248049,574,25.83917617797852,16.580312728881836,4351,12.402214050292969,7.188273906707764,0.0,1.0,0.2345628415300546,0.4493169398907103,0.6465846994535519,0.3605191256830601,0.6724043715846995,0.8612021857923498,0.7251062393188477,N200_O3_I200_ARCH_050_c781a39749,NESTED_INNER_SCREEN,morphology_resnet,multiview_zscore,10.0,none,multitask,multitask,jitter_scale,none,271831,339922,339922,29220,7320,21.229065418243408,3,I200_ARCH_050_c781a39749,ok,50
3,0.6304766781189862,12.88279151916504,8.470314025878906,10.676552772521973,12.88279151916504,15.990781784057615,10.807781219482422,0.9215950965881348,0.4645039439201355,0.4233149288089648,0.4975947493100214,0.7097445130348206,3682,14.43064785003662,9.665315628051758,574,25.635066986083984,15.998038291931152,4351,12.407896995544434,7.727531909942627,0.0069686411149825,1.0,0.2355191256830601,0.4472677595628415,0.6379781420765027,0.3560109289617486,0.6700819672131147,0.8598360655737705,0.7328904271125793,N200_O3_I200_ARCH_051_79a6655a84,NESTED_INNER_SCREEN,morphology_resnet,multiview_zscore,10.0,none,multitask,multitask,jitter_scale,none,271831,334433,334433,29220,7320,20.954036712646484,3,I200_ARCH_051_79a6655a84,ok,51
3,0.630627834718991,12.864543914794922,8.330185890197754,10.59736442565918,12.864543914794922,15.998709678649902,10.708885192871094,0.9113263487815856,-0.0211681928485631,0.4223287680660326,0.5062768991686374,0.7034575939178467,3682,14.355646133422852,9.12425708770752,574,25.587799072265625,16.104305267333984,4351,12.366840362548828,7.314349174499512,0.0,1.0,0.2363387978142076,0.45,0.6422131147540984,0.3648907103825136,0.6801912568306011,0.8681693989071039,0.7220747470855713,N200_O3_I200_ARCH_052_5044c85b97,NESTED_INNER_SCREEN,morphology_resnet,multiview_zscore,10.0,none,multitask,multitask,jitter_scale,none,271831,340979,340979,29220,7320,21.032463550567627,3,I200_ARCH_052_5044c85b97,ok,52
2,0.6484123374901566,12.910395622253418,8.395696640014648,10.653045654296877,12.910395622253418,16.174402236938477,10.884778022766112,-0.0597967095673084,-1.289339303970337,0.4081667159434845,0.4910105834933709,0.7074413299560547,3682,14.044523239135742,8.309309959411621,574,26.10234642028809,16.485666275024414,4351,12.156719207763672,6.850634574890137,0.0,1.0,0.2407103825136612,0.4550546448087432,0.6431693989071038,0.3689890710382513,0.6801912568306011,0.8627049180327869,0.7144872546195984,N200_O3_I200_ARCH_053_ccf610cb46,NESTED_INNER_SCREEN,morphology_resnet,multiview_zscore,10.0,none,multitask,multitask,jitter_scale,none,271831,702208,702208,29220,7320,17.258548974990845,3,I200_ARCH_053_ccf610cb46,ok,53
5,0.5769687881267148,13.003016471862791,8.366789817810059,10.684903144836426,13.003016471862791,16.22496223449707,10.86044979095459,-0.3224475979804992,-1.0777947902679443,0.3932333256464551,0.4959952394402526,0.7088422775268555,3682,14.165858268737791,8.694036483764648,574,27.31439971923828,17.55487060546875,4351,12.227838516235352,6.794104099273682,0.0087108013937282,0.9997035280166024,0.2342896174863388,0.4456284153005464,0.6433060109289618,0.3693989071038251,0.6825136612021858,0.8661202185792349,0.7203516960144043,N200_O3_I200_ARCH_054_11a301aeaa,NESTED_INNER_SCREEN,morphology_resnet,multiview_zscore,10.0,none,multitask,multitask,jitter_scale,none,271831,716650,716650,29220,7320,21.823650598526,3,I200_ARCH_054_11a301aeaa,ok,54
3,0.6308018572969374,12.916112899780272,8.3134183883667,10.614765167236328,12.916112899780272,16.040714263916016,10.726932525634766,1.3244165182113647,-0.5017619132995605,0.4217009011393921,0.5028409832616481,0.7042098045349121,3682,14.505621910095217,8.727641105651855,574,24.62890243530273,16.06402015686035,4351,12.540887832641602,7.053462505340576,0.0348432055749128,0.9994070560332048,0.2337431693989071,0.4479508196721311,0.639207650273224,0.3706284153005464,0.6806010928961749,0.8668032786885246,0.7196011543273926,N200_O3_I200_ARCH_055_27730cb7fa,NESTED_INNER_SCREEN,morphology_resnet,multiview_zscore,10.0,none,multitask,multitask,jitter_scale,none,271831,704561,704561,29220,7320,21.600916147232056,3,I200_ARCH_055_27730cb7fa,ok,55
3,0.6298956999591753,12.973589897155762,8.310159683227539,10.641874313354492,12.973589897155762,16.060354232788086,10.701470375061035,1.1554477214813232,-0.271505057811737,0.4168489995308062,0.5089939646522992,0.7056843042373657,3682,14.62231159210205,8.984859466552734,574,25.65191078186035,16.47359275817871,4351,12.576082229614258,7.176674842834473,0.0069686411149825,0.9998517640083012,0.2311475409836065,0.4453551912568306,0.639207650273224,0.3654371584699453,0.6837431693989071,0.8689890710382514,0.7241742610931396,N200_O3_I200_ARCH_056_338e357fc6,NESTED_INNER_SCREEN,morphology_resnet,multiview_zscore,10.0,none,multitask,multitask,jitter_scale,none,271831,719003,719003,29220,7320,22.0038845539093,3,I200_ARCH_056_338e357fc6,ok,56
3,0.6304743102952546,12.943926811218262,8.412952423095703,10.67844009399414,12.943926811218262,16.07875633239746,10.807225227355955,0.2557523846626282,-0.0992508381605148,0.4096681635484637,0.4919499995436003,0.7090911865234375,3682,14.293212890625,9.170591354370115,574,26.323448181152344,16.45063591003418,4351,12.286432266235352,7.3443074226379395,0.0,1.0,0.2289617486338797,0.4493169398907103,0.6422131147540984,0.360655737704918,0.6778688524590164,0.8631147540983607,0.7263405323028564,N200_O3_I200_ARCH_057_ee9c02f433,NESTED_INNER_SCREEN,morphology_resnet,multiview_zscore,10.0,none,multitask,multitask,jitter_scale,none,271831,1210304,1210304,29220,7320,29.13877844810486,3,I200_ARCH_057_ee9c02f433,ok,57
3,0.6292581830928529,12.94850254058838,8.405458450317383,10.67698097229004,12.94850254058838,16.112882614135742,10.81987190246582,0.4320092499256134,-0.3619365990161896,0.4075884833374007,0.4890087571151723,0.708910346031189,3682,14.27932834625244,8.9631929397583,574,25.9066162109375,16.474613189697266,4351,12.315396308898926,7.204079627990723,0.0,1.0,0.2297814207650273,0.4497267759562841,0.6435792349726775,0.3628415300546448,0.6782786885245902,0.8639344262295082,0.7239704132080078,N200_O3_I200_ARCH_058_3835373060,NESTED_INNER_SCREEN,morphology_resnet,multiview_zscore,10.0,none,multitask,multitask,jitter_scale,none,271831,1235714,1235714,29220,7320,29.44986653327942,3,I200_ARCH_058_3835373060,ok,58
3,0.6326170104001861,12.952109336853027,8.362783432006836,10.657445907592772,12.952109336853027,16.109472274780273,10.846912384033203,0.1710034310817718,-1.0229642391204834,0.4072091293156011,0.4913190542473037,0.7072522640228271,3682,14.233602523803713,8.552735328674316,574,26.2032413482666,17.15360450744629,4351,12.25294017791748,6.806909084320068,0.0,1.0,0.2318306010928962,0.451775956284153,0.6423497267759563,0.371311475409836,0.6816939890710383,0.8637978142076502,0.718177080154419,N200_O3_I200_ARCH_059_54930088fe,NESTED_INNER_SCREEN,morphology_resnet,multiview_zscore,10.0,none,multitask,multitask,jitter_scale,none,271831,1214465,1214465,29220,7320,29.470414400100708,3,I200_ARCH_059_54930088fe,ok,59
3,0.6309713413512784,12.89779567718506,8.37246036529541,10.635128021240234,12.89779567718506,16.06652069091797,10.831324577331545,-0.0004325158079154,-0.7484500408172607,0.4134221075713714,0.4909657628498224,0.706130862236023,3682,14.089751243591309,8.725232124328613,574,25.89528465270996,16.922821044921875,4351,12.177274703979492,6.937472343444824,0.0,1.0,0.2344262295081967,0.4504098360655738,0.646448087431694,0.3673497267759563,0.6815573770491803,0.8628415300546448,0.7181069850921631,N200_O3_I200_ARCH_060_0d813cd0a4,NESTED_INNER_SCREEN,morphology_resnet,multiview_zscore,10.0,none,multitask,multitask,jitter_scale,none,271831,1239875,1239875,29220,7320,29.45985102653504,3,I200_ARCH_060_0d813cd0a4,ok,60
3,0.6316626878345714,12.922286033630373,8.375603675842285,10.648944854736328,12.922286033630373,16.067493438720703,10.790806770324709,-0.4793087542057037,-0.5503599643707275,0.4115171041829547,0.5012991200146107,0.7069459557533264,3682,14.027069091796877,8.953051567077637,574,27.38452911376953,17.114877700805664,4351,12.024616241455078,7.036983013153076,0.0,1.0,0.2300546448087431,0.4509562841530055,0.6434426229508197,0.3666666666666666,0.6793715846994536,0.8639344262295082,0.7206274271011353,N200_O3_I200_ARCH_061_da08e0da96,NESTED_INNER_SCREEN,morphology_resnet,multiview_zscore,10.0,none,multitask,multitask,jitter_scale,none,271831,1857664,1857664,29220,7320,40.86691379547119,3,I200_ARCH_061_da08e0da96,ok,61
2,0.6527729661636104,13.010841369628906,8.333086013793945,10.671963691711426,13.010841369628906,16.291698455810547,10.856038093566896,-0.6563013792037964,-1.234623670578003,0.4009147781692612,0.4934666313824262,0.7076719999313354,3682,13.868800163269045,8.288329124450684,574,26.578039169311523,16.764102935791016,4351,12.032276153564451,6.760353088378906,0.0,1.0,0.2377049180327868,0.4510928961748633,0.6439890710382513,0.3771857923497267,0.6819672131147541,0.8662568306010929,0.7132143974304199,N200_O3_I200_ARCH_062_144e74c5b2,NESTED_INNER_SCREEN,morphology_resnet,multiview_zscore,10.0,none,multitask,multitask,jitter_scale,none,271831,1897114,1897114,29220,7320,33.04963445663452,3,I200_ARCH_062_144e74c5b2,ok,62
2,0.6514201659003115,12.98823356628418,8.354671478271484,10.671452522277832,12.98823356628418,16.24559783935547,10.879778861999512,0.2423990219831466,-1.3688323497772217,0.4021241222953536,0.4943716781897943,0.7079290151596069,3682,14.201787948608398,8.148504257202148,574,25.8347282409668,16.53530502319336,4351,12.284987449645996,6.730292797088623,0.0,1.0,0.2382513661202185,0.4523224043715847,0.6409836065573771,0.3707650273224043,0.6829234972677596,0.8628415300546448,0.7142963409423828,N200_O3_I200_ARCH_063_1975c0590c,NESTED_INNER_SCREEN,morphology_resnet,multiview_zscore,10.0,none,multitask,multitask,jitter_scale,none,271831,1864145,1864145,29220,7320,32.974711656570435,3,I200_ARCH_063_1975c0590c,ok,63
2,0.650318106794669,12.959444999694824,8.340433120727539,10.649938583374023,12.959444999694824,16.191715240478516,10.864373207092283,0.2977471053600311,-1.491374373435974,0.4045913054879154,0.4972685304224101,0.7065362930297852,3682,14.210740089416504,8.095149040222168,574,25.83942604064941,16.702173233032227,4351,12.284085273742676,6.639163017272949,0.0,1.0,0.2364754098360655,0.4519125683060109,0.6435792349726775,0.3745901639344262,0.6825136612021858,0.8648907103825136,0.7127646207809448,N200_O3_I200_ARCH_064_6008f5a3b1,NESTED_INNER_SCREEN,morphology_resnet,multiview_zscore,10.0,none,multitask,multitask,jitter_scale,none,271831,1903595,1903595,29220,7320,33.072009563446045,3,I200_ARCH_064_6008f5a3b1,ok,64
4,0.6316171311864666,12.909368515014648,8.257497787475586,10.583433151245115,12.909368515014648,16.10956382751465,10.717580795288086,-0.2120050489902496,-1.3343400955200195,0.4076928886470251,0.517414224873708,0.7017160058021545,3682,14.089882850646973,8.300626754760742,574,26.74189758300781,17.21733856201172,4351,12.144304275512695,6.564487934112549,0.019163763066202,1.0,0.240983606557377,0.4493169398907103,0.6405737704918033,0.3706284153005464,0.6890710382513662,0.8680327868852459,0.7104212045669556,N200_O3_I200_ARCH_065_a8d7af58eb,NESTED_INNER_SCREEN,longconv,multiview_zscore,10.0,none,multitask,multitask,jitter_scale,none,271831,100713,100713,29220,7320,11.58075499534607,3,I200_ARCH_065_a8d7af58eb,ok,65
3,0.6410241306217668,12.972161293029783,8.324823379516602,10.648492813110352,12.972161293029783,16.1652889251709,10.6871337890625,1.462435960769653,0.2117157578468322,0.4082183319749263,0.5079061104234107,0.7062487602233887,3682,14.681354522705078,9.233161926269531,574,25.089479446411133,15.80765438079834,4351,12.622180938720703,7.47471809387207,0.0121951219512195,1.0,0.2352459016393442,0.4515027322404371,0.6407103825136612,0.3668032786885246,0.6758196721311476,0.8618852459016394,0.7275695204734802,N200_O3_I200_ARCH_066_734bb3ccfc,NESTED_INNER_SCREEN,longconv,multiview_zscore,10.0,none,multitask,multitask,jitter_scale,none,271831,108905,108905,29220,7320,12.630493879318236,3,I200_ARCH_066_734bb3ccfc,ok,66
3,0.6412640794429904,12.89519500732422,8.278375625610352,10.586785316467283,12.89519500732422,16.061622619628906,10.63433837890625,0.0184774436056613,-0.3701124489307403,0.4125215979964158,0.5208557160663464,0.7021798491477966,3682,14.149106979370115,8.891581535339355,574,26.242431640625,16.5537166595459,4351,12.19995403289795,7.065475463867188,0.0139372822299651,1.0,0.2351092896174863,0.4547814207650273,0.6453551912568306,0.3674863387978142,0.6801912568306011,0.8658469945355192,0.7172733545303345,N200_O3_I200_ARCH_067_5a41f58e2b,NESTED_INNER_SCREEN,longconv,multiview_zscore,10.0,none,multitask,multitask,jitter_scale,none,271831,113387,113387,29220,7320,12.869925022125244,3,I200_ARCH_067_5a41f58e2b,ok,67
3,0.6399294835290098,12.845548629760742,8.352372169494629,10.598960876464844,12.845548629760742,16.00499725341797,10.669130325317385,0.716667890548706,0.5783349275588989,0.4216693229734608,0.5111084202151653,0.703840434551239,3682,14.25851058959961,9.37582015991211,574,25.48053932189941,15.226178169250488,4351,12.289396286010742,7.69379997253418,0.0017421602787456,1.0,0.2372950819672131,0.4591530054644809,0.648360655737705,0.3637978142076503,0.6743169398907104,0.8618852459016394,0.7242745161056519,N200_O3_I200_ARCH_068_3777a7beba,NESTED_INNER_SCREEN,longconv,multiview_zscore,10.0,none,multitask,multitask,jitter_scale,none,271831,125675,125675,29220,7320,17.44079327583313,3,I200_ARCH_068_3777a7beba,ok,68
3,0.6408581048055412,12.89369297027588,8.242305755615234,10.567998886108398,12.89369297027588,16.066862106323242,10.607826232910156,1.236729383468628,-0.1016769632697105,0.4182049841577236,0.5174240341198435,0.7006509900093079,3682,14.474002838134766,8.866911888122559,574,25.153488159179688,15.728752136230469,4351,12.489322662353516,7.228148937225342,0.0,1.0,0.2366120218579235,0.4516393442622951,0.6413934426229508,0.369672131147541,0.6822404371584699,0.8670765027322405,0.7181459665298462,N200_O3_I200_ARCH_069_03f2b1dbc2,NESTED_INNER_SCREEN,longconv,multiview_zscore,10.0,none,multitask,multitask,jitter_scale,none,271831,172889,172889,29220,7320,12.941563606262209,3,I200_ARCH_069_03f2b1dbc2,ok,69
3,0.6372053257000991,12.978862762451172,8.298919677734375,10.638891220092772,12.978862762451172,16.15534210205078,10.693413734436035,1.5595848560333252,-0.25367072224617,0.4096717717257265,0.5063690630322198,0.7053686380386353,3682,14.749807357788086,8.931388854980469,574,25.29052734375,16.316553115844727,4351,12.67505931854248,7.208908557891846,0.0139372822299651,1.0,0.2364754098360655,0.4502732240437158,0.6389344262295082,0.3665300546448087,0.6810109289617486,0.8653005464480874,0.7242786884307861,N200_O3_I200_ARCH_070_d12e3e397d,NESTED_INNER_SCREEN,longconv,multiview_zscore,10.0,none,multitask,multitask,jitter_scale,none,271831,185177,185177,29220,7320,16.45431137084961,3,I200_ARCH_070_d12e3e397d,ok,70
1,0.7083387335920646,12.843944549560549,8.384047508239746,10.613996505737305,12.843944549560549,16.106496810913086,10.81153392791748,-0.7774216532707214,-0.8221015930175781,0.4084825864519332,0.500190532899195,0.7051012516021729,3682,13.838774681091309,8.75729751586914,574,27.245405197143555,17.224321365356445,4351,11.861542701721191,6.887222766876221,0.0,1.0,0.2439890710382513,0.4579234972677595,0.6509562841530054,0.3689890710382513,0.6756830601092896,0.8640710382513661,0.7159090042114258,N200_O3_I200_ARCH_071_6880a324e2,NESTED_INNER_SCREEN,longconv,multiview_zscore,10.0,none,multitask,multitask,jitter_scale,none,271831,198043,198043,29220,7320,11.154972791671751,3,I200_ARCH_071_6880a324e2,ok,71
3,0.6350834361867967,12.880026817321776,8.319263458251953,10.599645614624023,12.880026817321776,16.097139358520508,10.68466567993164,1.4694511890411377,0.4473848640918731,0.4212451360831041,0.5091006237567336,0.7034407258033752,3682,14.46351432800293,9.149003028869627,574,24.102413177490234,14.848736763000488,4351,12.548617362976074,7.604132175445557,0.0313588850174216,0.9995552920249036,0.2390710382513661,0.4603825136612022,0.6456284153005465,0.3647540983606557,0.6796448087431693,0.8637978142076502,0.7230719327926636,N200_O3_I200_ARCH_072_6d2d0fb6ea,NESTED_INNER_SCREEN,longconv,multiview_zscore,10.0,none,multitask,multitask,jitter_scale,none,271831,216475,216475,29220,7320,21.844534397125244,3,I200_ARCH_072_6d2d0fb6ea,ok,72
4,0.6309078440946692,12.894009590148926,8.33879280090332,10.61640167236328,12.894009590148926,16.099939346313477,10.845511436462402,-0.0529094077646732,-1.2674870491027832,0.4098379017811281,0.4973974336920614,0.7046371698379517,3682,14.210835456848145,8.444602012634277,574,26.41802406311035,17.417264938354492,4351,12.212187767028809,6.679271697998047,0.0034843205574912,1.0,0.2371584699453552,0.4596994535519125,0.644808743169399,0.3703551912568306,0.6836065573770492,0.8636612021857923,0.7149420976638794,N200_O3_I200_ARCH_073_f3d457acb9,NESTED_INNER_SCREEN,conv_transformer_lite,multiview_zscore,10.0,none,multitask,multitask,jitter_scale,none,271831,148804,148804,29220,7320,7.95337176322937,3,I200_ARCH_073_f3d457acb9,ok,73
3,0.6449180299939673,12.675748825073242,8.327634811401367,10.501691818237305,12.675748825073242,15.782356262207031,10.683479309082031,0.6891934871673584,0.1830443292856216,0.446488051288858,0.5139486472282023,0.6980680227279663,3682,14.11329460144043,9.278275489807127,574,25.33064842224121,16.238725662231445,4351,12.134556770324709,7.449775695800781,0.0,1.0,0.2424863387978142,0.4575136612021858,0.6542349726775957,0.360655737704918,0.674863387978142,0.8662568306010929,0.7179238200187683,N200_O3_I200_ARCH_074_4c2652ec21,NESTED_INNER_SCREEN,conv_transformer_lite,multiview_zscore,10.0,none,multitask,multitask,jitter_scale,none,271831,182276,182276,29220,7320,8.376010656356812,3,I200_ARCH_074_4c2652ec21,ok,74
3,0.6445471461302315,12.923222541809082,8.382614135742188,10.652917861938477,12.923222541809082,16.116647720336914,10.74746799468994,1.1196677684783936,0.0740969628095626,0.4116746692108329,0.5004463657112123,0.7072610855102539,3682,14.423894882202148,9.190153121948242,574,25.76181602478028,16.354536056518555,4351,12.388837814331056,7.417572021484375,0.0,1.0,0.2337431693989071,0.4566939890710382,0.6418032786885246,0.3591530054644808,0.6725409836065573,0.864207650273224,0.7260839939117432,N200_O3_I200_ARCH_075_efb5ec9ba5,NESTED_INNER_SCREEN,conv_transformer_lite,multiview_zscore,10.0,none,multitask,multitask,jitter_scale,none,271831,189764,189764,29220,7320,7.911530256271362,3,I200_ARCH_075_efb5ec9ba5,ok,75
3,0.6465129322475858,12.88719654083252,8.411385536193848,10.649291038513184,12.88719654083252,16.090152740478516,10.757827758789062,0.6103487014770508,0.2214803695678711,0.4120216474936427,0.5011607930404663,0.7074387073516846,3682,14.225936889648438,9.350923538208008,574,26.088823318481445,16.248106002807617,4351,12.244424819946287,7.515750408172607,0.0,1.0,0.2349726775956284,0.4562841530054645,0.6452185792349727,0.3650273224043716,0.66775956284153,0.8605191256830601,0.7264887094497681,N200_O3_I200_ARCH_076_7c82063b42,NESTED_INNER_SCREEN,conv_transformer_lite,multiview_zscore,10.0,none,multitask,multitask,jitter_scale,none,271831,223236,223236,29220,7320,8.192585945129395,3,I200_ARCH_076_7c82063b42,ok,76
3,0.6456746883641661,12.806511878967283,8.28364086151123,10.545076370239258,12.806511878967283,15.883766174316406,10.791498184204102,-0.2768722176551819,-1.4769294261932373,0.4378830455589338,0.5175535465030786,0.6999146342277527,3682,14.00471019744873,8.266925811767578,574,27.36669540405273,18.208271026611328,4351,11.975852966308594,6.421167373657227,0.0,1.0,0.2330601092896174,0.4547814207650273,0.6467213114754098,0.3774590163934426,0.6851092896174863,0.8691256830601093,0.7081268429756165,N200_O3_I200_ARCH_077_be22171213,NESTED_INNER_SCREEN,conv_transformer_lite,multiview_zscore,10.0,none,multitask,multitask,jitter_scale,none,271831,287268,287268,29220,7320,8.164440631866455,3,I200_ARCH_077_be22171213,ok,77
3,0.6453894591019824,12.779528617858888,8.361756324768066,10.570642471313477,12.779528617858888,15.861597061157228,10.69923496246338,1.1619635820388794,0.3047158420085907,0.4411565338715287,0.5133383130564768,0.7023793458938599,3682,14.384641647338867,9.405068397521973,574,25.48620986938477,16.275815963745117,4351,12.310301780700684,7.54544734954834,0.0,1.0,0.2375683060109289,0.4532786885245902,0.6484972677595628,0.3647540983606557,0.6728142076502732,0.8665300546448087,0.7243627309799194,N200_O3_I200_ARCH_078_11203ead88,NESTED_INNER_SCREEN,conv_transformer_lite,multiview_zscore,10.0,none,multitask,multitask,jitter_scale,none,271831,362052,362052,29220,7320,8.604830026626587,3,I200_ARCH_078_11203ead88,ok,78
3,0.6440290800886217,12.864066123962402,8.306571006774902,10.585318565368652,12.864066123962402,16.07632064819336,10.668462753295898,0.9384027123451232,0.0386945866048336,0.417444971972132,0.5093264041665496,0.7024707794189453,3682,14.331917762756348,9.014484405517578,574,25.399545669555664,15.780855178833008,4351,12.375237464904783,7.352476596832275,0.0,1.0,0.2396174863387978,0.4562841530054645,0.6422131147540984,0.3706284153005464,0.6703551912568306,0.8663934426229508,0.7200373411178589,N200_O3_I200_ARCH_079_6c3ed2e316,NESTED_INNER_SCREEN,conv_transformer_lite,multiview_zscore,10.0,none,multitask,multitask,jitter_scale,none,271831,379428,379428,29220,7320,8.004083395004272,3,I200_ARCH_079_6c3ed2e316,ok,79
3,0.6468727713316874,12.93943214416504,8.331756591796875,10.635594367980955,12.93943214416504,16.112815856933594,10.707953453063965,1.604745626449585,-0.2095199823379516,0.4152078917109209,0.5051864431528794,0.7056185007095337,3682,14.739873886108398,8.951473236083984,574,25.557945251464844,16.352418899536133,4351,12.654619216918944,7.2483954429626465,0.0,1.0,0.2360655737704918,0.451775956284153,0.6419398907103825,0.3719945355191257,0.6758196721311476,0.8631147540983607,0.724603533744812,N200_O3_I200_ARCH_080_6cf6891d58,NESTED_INNER_SCREEN,conv_transformer_lite,multiview_zscore,10.0,none,multitask,multitask,jitter_scale,none,271831,454212,454212,29220,7320,8.467212915420532,3,I200_ARCH_080_6cf6891d58,ok,80
3,0.6605053867389953,12.937070846557615,8.41828727722168,10.677679061889648,12.937070846557615,16.162073135375977,10.946496963500977,-0.1028443053364753,-1.277218222618103,0.3984486770301367,0.4844245743063967,0.7091192007064819,3682,14.142936706542969,8.570245742797852,574,27.76986122131348,18.38283348083496,4351,12.065314292907717,6.681407451629639,0.0,1.0,0.2378415300546448,0.4493169398907103,0.6398907103825137,0.3725409836065573,0.6763661202185792,0.8592896174863388,0.7191232442855835,N200_O3_I200_INPUT_001_5a0a67ff05,NESTED_INNER_SCREEN,adaptive_resnet,ppg,5.0,none,multitask,multitask,jitter_scale,none,271831,794047,794047,29220,7320,15.279563903808594,3,I200_INPUT_001_5a0a67ff05,ok,81
3,0.6591600358875749,12.907769203186035,8.385449409484863,10.64660930633545,12.907769203186035,16.13694190979004,10.87426471710205,0.3515577018260956,-0.878567099571228,0.4036141998462246,0.4850013534443549,0.7069454789161682,3682,14.201699256896973,8.654648780822754,574,26.750871658325195,17.380271911621094,4351,12.177014350891112,6.943182468414307,0.0,1.0,0.2396174863387978,0.453551912568306,0.6435792349726775,0.3706284153005464,0.6736338797814208,0.8620218579234973,0.7187739610671997,N200_O3_I200_INPUT_002_ac74cecb2b,NESTED_INNER_SCREEN,adaptive_resnet,ppg,10.0,none,multitask,multitask,jitter_scale,none,271831,794047,794047,29220,7320,22.2835476398468,3,I200_INPUT_002_ac74cecb2b,ok,82
3,0.6568302913428912,13.00163745880127,8.4381685256958,10.719902992248535,13.00163745880127,16.242542266845703,11.025288581848145,-1.1562881469726562,-2.00976300239563,0.3936337583822527,0.4881220049250158,0.7117459774017334,3682,13.81620979309082,8.101292610168457,574,28.586849212646484,18.98565673828125,4351,11.852575302124023,6.297074794769287,0.0,1.0,0.2329234972677595,0.4468579234972678,0.6415300546448087,0.3706284153005464,0.6851092896174863,0.8616120218579235,0.7139744162559509,N200_O3_I200_INPUT_003_2b0fb1a8ff,NESTED_INNER_SCREEN,adaptive_resnet,ppg,15.0,none,multitask,multitask,jitter_scale,none,271831,794047,794047,29220,7320,35.78785943984985,3,I200_INPUT_003_2b0fb1a8ff,ok,83
3,0.6558477859091915,12.944791793823242,8.452280044555664,10.698535919189451,12.944791793823242,16.053604125976562,10.910929679870604,1.7879338264465332,0.0120757892727851,0.4253646788980051,0.47777610783899,0.7107365131378174,3682,14.761700630187988,9.375982284545898,574,24.834917068481445,17.157367706298828,4351,12.682129859924316,7.433172702789307,0.0052264808362369,0.9997035280166024,0.2401639344262295,0.442896174863388,0.6371584699453552,0.3662568306010929,0.6718579234972678,0.8525956284153006,0.732969343662262,N200_O3_I200_INPUT_004_520f82a220,NESTED_INNER_SCREEN,adaptive_resnet,ppg,10.0,raw__fusion+scale,multitask,multitask,jitter_scale,none,271831,810175,810175,29220,7320,22.60387086868286,3,I200_INPUT_004_520f82a220,ok,84
3,0.6552723026743122,13.04787254333496,8.378255844116211,10.713064193725586,13.04787254333496,16.322551727294922,11.022783279418944,-0.2552957832813263,-1.398542404174805,0.3790332490766752,0.4709319891886661,0.7105704545974731,3682,14.172739028930664,8.304268836975098,574,27.98179244995117,18.360815048217773,4351,12.140121459960938,6.579022407531738,0.0313588850174216,0.9998517640083012,0.2397540983606557,0.4479508196721311,0.6383879781420765,0.3788251366120219,0.6846994535519125,0.8580601092896175,0.7176793813705444,N200_O3_I200_INPUT_005_cbd8675b74,NESTED_INNER_SCREEN,adaptive_resnet,ppg,10.0,bandpass_robust__fusion,multitask,multitask,jitter_scale,none,271831,809791,809791,29220,7320,22.683666229248047,3,I200_INPUT_005_cbd8675b74,ok,85
3,0.6604731577673769,12.950838088989258,8.461423873901367,10.706130981445312,12.950838088989258,16.284992218017578,10.909018516540527,-0.4872322976589203,-0.1873058229684829,0.3917623089679058,0.47537148320133,0.7112827301025391,3682,13.92908763885498,9.168832778930664,574,27.260072708129883,16.992006301879883,4351,11.98247528076172,7.352967739105225,0.0,1.0,0.25,0.4545081967213115,0.6416666666666667,0.3668032786885246,0.6683060109289618,0.8558743169398907,0.7254180908203125,N200_O3_I200_INPUT_006_7d7ae74fb0,NESTED_INNER_SCREEN,adaptive_resnet,ppg_zscore,5.0,none,multitask,multitask,jitter_scale,none,271831,794047,794047,29220,7320,15.208253860473633,3,I200_INPUT_006_7d7ae74fb0,ok,86
3,0.6569362835946426,12.97813606262207,8.464298248291016,10.721217155456545,12.97813606262207,16.215442657470703,10.912657737731934,1.2761167287826538,-0.3298673331737518,0.3998282817447074,0.4748050048185616,0.7121652364730835,3682,14.52491569519043,9.048240661621094,574,25.967960357666016,17.12250518798828,4351,12.436688423156738,7.2585530281066895,0.0,1.0,0.2434426229508196,0.4491803278688525,0.641120218579235,0.3637978142076503,0.6681693989071038,0.8587431693989072,0.7290065288543701,N200_O3_I200_INPUT_007_3d0037dee3,NESTED_INNER_SCREEN,adaptive_resnet,ppg_zscore,10.0,none,multitask,multitask,jitter_scale,none,271831,794047,794047,29220,7320,22.586162328720093,3,I200_INPUT_007_3d0037dee3,ok,87
3,0.6545522450621611,12.88918399810791,8.46256160736084,10.675872802734377,12.88918399810791,16.143692016601562,11.056110382080078,-0.9138344526290894,-1.970820665359497,0.4061863728987712,0.4791806875608027,0.7096039056777954,3682,13.739988327026367,8.08532428741455,574,27.79407119750977,18.473920822143555,4351,11.820874214172363,6.402305603027344,0.0,1.0,0.2401639344262295,0.4549180327868852,0.6439890710382513,0.3683060109289617,0.6812841530054645,0.8603825136612022,0.7116699814796448,N200_O3_I200_INPUT_008_9f0d2de734,NESTED_INNER_SCREEN,adaptive_resnet,ppg_zscore,15.0,none,multitask,multitask,jitter_scale,none,271831,794047,794047,29220,7320,35.89679193496704,3,I200_INPUT_008_9f0d2de734,ok,88
3,0.6529399927924661,12.903721809387209,8.450398445129395,10.6770601272583,12.903721809387209,16.047931671142578,10.924453735351562,1.2446088790893557,0.0108712948858737,0.4192805802891242,0.4723490395630487,0.7095093727111816,3682,14.48365592956543,9.227542877197266,574,24.96245765686035,16.8177490234375,4351,12.45240879058838,7.412529468536377,0.0052264808362369,0.9998517640083012,0.2418032786885245,0.4486338797814208,0.6385245901639345,0.364344262295082,0.6711748633879782,0.8557377049180328,0.7285736799240112,N200_O3_I200_INPUT_009_c7601107b8,NESTED_INNER_SCREEN,adaptive_resnet,ppg_zscore,10.0,raw__fusion+scale,multitask,multitask,jitter_scale,none,271831,810175,810175,29220,7320,22.76875400543213,3,I200_INPUT_009_c7601107b8,ok,89
3,0.6556006467420291,13.030159950256348,8.362342834472656,10.696250915527344,13.030159950256348,16.299724578857422,10.98745346069336,-0.197933942079544,-1.368586540222168,0.3810677880257531,0.4755855669175485,0.709418773651123,3682,14.23752498626709,8.314233779907227,574,28.02423667907715,18.28300666809082,4351,12.150858879089355,6.574164867401123,0.0278745644599303,1.0,0.2383879781420765,0.4489071038251366,0.6370218579234973,0.382103825136612,0.6866120218579235,0.858879781420765,0.7173715829849243,N200_O3_I200_INPUT_010_231d30bd00,NESTED_INNER_SCREEN,adaptive_resnet,ppg_zscore,10.0,bandpass_robust__fusion,multitask,multitask,jitter_scale,none,271831,809791,809791,29220,7320,22.274449825286865,3,I200_INPUT_010_231d30bd00,ok,90
3,0.6638662199568904,13.0716552734375,8.499109268188477,10.785382270812988,13.0716552734375,16.329368591308594,10.943196296691896,0.9531754851341248,-0.1519156098365783,0.3814655473320008,0.471538748533436,0.7162178158760071,3682,14.543041229248049,9.300825119018556,574,26.9360466003418,17.385231018066406,4351,12.465655326843262,7.393181324005127,0.0,1.0,0.2327868852459016,0.4513661202185792,0.6367486338797814,0.364207650273224,0.6699453551912569,0.8539617486338797,0.7347757816314697,N200_O3_I200_INPUT_011_adc5468579,NESTED_INNER_SCREEN,adaptive_resnet,ppg_bandpass,5.0,none,multitask,multitask,jitter_scale,none,271831,794047,794047,29220,7320,15.193073511123655,3,I200_INPUT_011_adc5468579,ok,91
3,0.6601953950582766,13.143712997436523,8.451581954956055,10.797647476196287,13.143712997436523,16.347286224365234,10.959271430969238,1.1666078567504885,-0.9685541987419128,0.3792851802959669,0.4760386593065703,0.7162755727767944,3682,14.745612144470217,8.750360488891602,574,26.91619873046875,18.139209747314453,4351,12.601974487304688,6.868006229400635,0.0,1.0,0.2311475409836065,0.4426229508196721,0.6326502732240438,0.3663934426229508,0.6752732240437158,0.8591530054644809,0.7305638790130615,N200_O3_I200_INPUT_012_69e7b3b71a,NESTED_INNER_SCREEN,adaptive_resnet,ppg_bandpass,10.0,none,multitask,multitask,jitter_scale,none,271831,794047,794047,29220,7320,22.571451902389526,3,I200_INPUT_012_69e7b3b71a,ok,92
3,0.6583407606953889,13.008905410766602,8.455933570861816,10.732419967651367,13.008905410766602,16.256759643554688,10.975492477416992,0.0237851664423942,-1.18715500831604,0.3871654478169427,0.4748138217127541,0.7126816511154175,3682,14.2027006149292,8.543802261352539,574,27.551006317138672,18.01668739318848,4351,12.173198699951172,6.775692939758301,0.0,1.0,0.239207650273224,0.4524590163934426,0.6364754098360655,0.3668032786885246,0.6751366120218579,0.8581967213114754,0.7219407558441162,N200_O3_I200_INPUT_013_8621741f8c,NESTED_INNER_SCREEN,adaptive_resnet,ppg_bandpass,15.0,none,multitask,multitask,jitter_scale,none,271831,794047,794047,29220,7320,35.93173360824585,3,I200_INPUT_013_8621741f8c,ok,93
3,0.6545630946658016,12.951824188232422,8.481678009033203,10.716751098632812,12.951824188232422,16.079742431640625,10.966776847839355,1.690384864807129,-0.2221638858318328,0.4200778736655544,0.4673319435819019,0.712145209312439,3682,14.712972640991213,9.197149276733398,574,24.65680885314941,17.16909408569336,4351,12.65058422088623,7.308016777038574,0.0069686411149825,0.9995552920249036,0.2364754098360655,0.4448087431693989,0.6370218579234973,0.3639344262295082,0.6715846994535519,0.8545081967213115,0.7318419814109802,N200_O3_I200_INPUT_014_cfcb3bf74d,NESTED_INNER_SCREEN,adaptive_resnet,ppg_bandpass,10.0,raw__fusion+scale,multitask,multitask,jitter_scale,none,271831,810175,810175,29220,7320,22.59383201599121,3,I200_INPUT_014_cfcb3bf74d,ok,94
3,0.6560737085498236,13.04118537902832,8.379631996154785,10.710409164428713,13.04118537902832,16.308185577392578,10.989432334899902,0.0420366115868091,-1.136825442314148,0.380206423142312,0.4712683215761019,0.7104400396347046,3682,14.312867164611816,8.505558013916016,574,27.796539306640625,18.206117630004883,4351,12.23559284210205,6.716569900512695,0.0296167247386759,0.9998517640083012,0.2394808743169399,0.4509562841530055,0.6379781420765027,0.3756830601092896,0.6846994535519125,0.8591530054644809,0.7206363677978516,N200_O3_I200_INPUT_015_ba8c801495,NESTED_INNER_SCREEN,adaptive_resnet,ppg_bandpass,10.0,bandpass_robust__fusion,multitask,multitask,jitter_scale,none,271831,809791,809791,29220,7320,22.55458307266236,3,I200_INPUT_015_ba8c801495,ok,95
1,0.7025780066166049,12.9603271484375,8.420957565307617,10.69064235687256,12.9603271484375,16.176671981811523,10.889037132263184,0.6777235865592957,-1.428655982017517,0.3990124350549335,0.4937937468293872,0.7098802328109741,3682,14.378667831420898,8.366978645324707,574,26.348791122436523,17.37447738647461,4351,12.34378719329834,6.64279317855835,0.0,1.0,0.235655737704918,0.4547814207650273,0.6364754098360655,0.364344262295082,0.6769125683060109,0.8613387978142076,0.71924889087677,N200_O3_I200_INPUT_016_7380fb2f5d,NESTED_INNER_SCREEN,adaptive_resnet,derivatives,5.0,none,multitask,multitask,jitter_scale,none,271831,796159,796159,29220,7320,9.088627338409424,3,I200_INPUT_016_7380fb2f5d,ok,96
3,0.6255015738649305,13.07960319519043,8.340522766113281,10.710062980651855,13.07960319519043,16.237287521362305,10.819037437438965,0.3361659049987793,-0.982040524482727,0.3889409519543804,0.4980469395229335,0.7099032402038574,3682,14.372254371643066,8.63412094116211,574,27.41698837280273,17.473220825195312,4351,12.29942226409912,6.783648490905762,0.0,1.0,0.2259562841530054,0.4454918032786885,0.6404371584699453,0.3691256830601093,0.6886612021857923,0.8657103825136612,0.72197425365448,N200_O3_I200_INPUT_017_279ffe5338,NESTED_INNER_SCREEN,adaptive_resnet,derivatives,10.0,none,multitask,multitask,jitter_scale,none,271831,796159,796159,29220,7320,22.586143016815186,3,I200_INPUT_017_279ffe5338,ok,97
3,0.6241091937800638,12.878506660461426,8.273443222045898,10.57597541809082,12.878506660461426,16.04022979736328,10.708913803100586,0.8930022120475769,-1.0355292558670044,0.4177836297424498,0.5121566476242513,0.701509416103363,3682,14.283282279968262,8.439567565917969,574,25.48009490966797,16.718982696533203,4351,12.334264755249023,6.752636909484863,0.0,1.0,0.2362021857923497,0.453551912568306,0.6431693989071038,0.3740437158469945,0.6901639344262295,0.8674863387978142,0.7130513191223145,N200_O3_I200_INPUT_018_062ba085b7,NESTED_INNER_SCREEN,adaptive_resnet,derivatives,15.0,none,multitask,multitask,jitter_scale,none,271831,796159,796159,29220,7320,35.98286485671997,3,I200_INPUT_018_062ba085b7,ok,98
3,0.6203381571115232,12.87322998046875,8.217275619506836,10.545252799987791,12.87322998046875,16.014402389526367,10.786849975585938,0.0096914488822221,-1.2185341119766235,0.4171567438411301,0.5024851108325394,0.6990464925765991,3682,14.055071830749512,8.241133689880371,574,26.978147506713867,17.7304744720459,4351,12.06051254272461,6.524552822113037,0.0034843205574912,1.0,0.2314207650273224,0.4516393442622951,0.6450819672131147,0.3823770491803279,0.690983606557377,0.8696721311475409,0.7075623273849487,N200_O3_I200_INPUT_019_a4fd9a28a2,NESTED_INNER_SCREEN,adaptive_resnet,derivatives,10.0,raw__fusion+scale,multitask,multitask,jitter_scale,none,271831,812287,812287,29220,7320,22.35372519493103,3,I200_INPUT_019_a4fd9a28a2,ok,99
3,0.6278869178560045,12.927473068237305,8.252616882324219,10.590044975280762,12.927473068237305,16.08809471130371,10.68212890625,-0.5883921384811401,-0.2475702613592147,0.4105527472601409,0.5099173481815236,0.7020215392112732,3682,13.853154182434082,8.898016929626465,574,27.398550033569336,16.65326690673828,4351,11.93854522705078,7.118471622467041,0.0087108013937282,0.9998517640083012,0.2345628415300546,0.4489071038251366,0.6453551912568306,0.3717213114754098,0.6872950819672131,0.8668032786885246,0.715149998664856,N200_O3_I200_INPUT_020_1f340aac23,NESTED_INNER_SCREEN,adaptive_resnet,derivatives,10.0,bandpass_robust__fusion,multitask,multitask,jitter_scale,none,271831,811903,811903,29220,7320,22.61807084083557,3,I200_INPUT_020_1f340aac23,ok,100
3,0.6337688756144904,12.908594131469728,8.29918384552002,10.603889465332031,12.908594131469728,16.012422561645508,10.70907974243164,1.001046895980835,-0.3010377883911133,0.4215040645179509,0.5080184666961233,0.703412652015686,3682,14.470370292663574,8.912209510803223,574,25.71192169189453,16.448999404907227,4351,12.431633949279783,7.115492820739746,0.0,1.0,0.2315573770491803,0.4478142076502732,0.6408469945355191,0.3709016393442623,0.6800546448087431,0.8684426229508196,0.7206586599349976,N200_O3_I200_INPUT_021_338dce3019,NESTED_INNER_SCREEN,adaptive_resnet,derivatives_zscore,5.0,none,multitask,multitask,jitter_scale,none,271831,796159,796159,29220,7320,15.2251455783844,3,I200_INPUT_021_338dce3019,ok,101
2,0.648822706119687,12.919946670532228,8.353739738464355,10.636842727661133,12.919946670532228,16.185150146484375,10.88431167602539,0.1087250933051109,-1.5498570203781128,0.4051372305562412,0.4954910547806987,0.7059792280197144,3682,14.107950210571287,8.085115432739258,574,26.10644721984864,16.741825103759766,4351,12.203205108642578,6.651322364807129,0.0,1.0,0.2413934426229508,0.4538251366120218,0.6431693989071038,0.3710382513661202,0.6855191256830601,0.8603825136612022,0.7115241289138794,N200_O3_I200_INPUT_022_8b92050fae,NESTED_INNER_SCREEN,adaptive_resnet,derivatives_zscore,10.0,none,multitask,multitask,jitter_scale,none,271831,796159,796159,29220,7320,18.1560127735138,3,I200_INPUT_022_8b92050fae,ok,102
3,0.6246399154850081,12.939047813415527,8.24815559387207,10.59360122680664,12.939047813415527,16.10363006591797,10.827136039733888,-1.4689462184906006,-1.7956711053848269,0.4144610769887679,0.5130638907664674,0.7021616101264954,3682,13.744035720825195,8.011070251464844,574,28.261207580566406,17.89054298400879,4351,11.826031684875488,6.239747047424316,0.0087108013937282,1.0,0.2315573770491803,0.4461748633879781,0.6453551912568306,0.380327868852459,0.6930327868852459,0.8700819672131147,0.7053513526916504,N200_O3_I200_INPUT_023_c865cfb797,NESTED_INNER_SCREEN,adaptive_resnet,derivatives_zscore,15.0,none,multitask,multitask,jitter_scale,none,271831,796159,796159,29220,7320,35.877055644989014,3,I200_INPUT_023_c865cfb797,ok,103
3,0.6234112623470282,12.774593353271484,8.23293399810791,10.50376319885254,12.774593353271484,15.930391311645508,10.76552963256836,-0.5624130964279175,-1.1204899549484253,0.4286063175736825,0.5060782816869848,0.696931004524231,3682,13.8444185256958,8.358281135559082,574,26.927824020385746,17.41621208190918,4351,11.888699531555176,6.594560146331787,0.0087108013937282,1.0,0.239207650273224,0.4569672131147541,0.655464480874317,0.3788251366120219,0.6856557377049181,0.8672131147540983,0.7057089805603027,N200_O3_I200_INPUT_024_29fd0c2123,NESTED_INNER_SCREEN,adaptive_resnet,derivatives_zscore,10.0,raw__fusion+scale,multitask,multitask,jitter_scale,none,271831,812287,812287,29220,7320,22.811688899993896,3,I200_INPUT_024_29fd0c2123,ok,104
3,0.6306997490864173,12.81971549987793,8.2642183303833,10.541967391967772,12.81971549987793,15.908130645751951,10.60825252532959,0.8499146699905396,0.3122124075889587,0.4331490356062679,0.5183964804296697,0.6994836330413818,3682,14.192977905273438,9.047198295593262,574,25.180328369140625,15.52407932281494,4351,12.27993106842041,7.39402961730957,0.0087108013937282,0.9998517640083012,0.239207650273224,0.4527322404371585,0.6475409836065574,0.3699453551912568,0.6808743169398908,0.8680327868852459,0.7171618342399597,N200_O3_I200_INPUT_025_53d946abe9,NESTED_INNER_SCREEN,adaptive_resnet,derivatives_zscore,10.0,bandpass_robust__fusion,multitask,multitask,jitter_scale,none,271831,811903,811903,29220,7320,22.614659309387207,3,I200_INPUT_025_53d946abe9,ok,105
1,0.7039568054130654,12.991795539855955,8.375279426574707,10.683537483215332,12.991795539855955,16.272443771362305,10.771567344665527,-0.65640789270401,-0.6888294816017151,0.3979917621816639,0.4990186497185838,0.7088781595230103,3682,13.858616828918455,8.696794509887695,574,26.41720962524414,16.400156021118164,4351,12.087937355041504,6.997359275817871,0.0,1.0,0.2381147540983606,0.4564207650273224,0.6412568306010928,0.3687158469945355,0.6726775956284153,0.864344262295082,0.7182570695877075,N200_O3_I200_INPUT_026_9498731ddb,NESTED_INNER_SCREEN,adaptive_resnet,multiview,5.0,none,multitask,multitask,jitter_scale,none,271831,798271,798271,29220,7320,9.189673662185667,3,I200_INPUT_026_9498731ddb,ok,106
1,0.7017098887293947,12.914907455444336,8.38053035736084,10.64771842956543,12.914907455444336,16.193262100219727,10.754907608032228,-0.53369140625,-0.5386967062950134,0.4014752580235292,0.5033174994411443,0.7069424986839294,3682,13.924189567565918,8.923808097839355,574,26.84911346435547,16.48960304260254,4351,12.020951271057127,7.150533199310303,0.0,1.0,0.2342896174863388,0.4603825136612022,0.6457650273224044,0.367896174863388,0.6754098360655738,0.8576502732240437,0.7196035385131836,N200_O3_I200_INPUT_027_7c2f1494bf,NESTED_INNER_SCREEN,adaptive_resnet,multiview,10.0,none,multitask,multitask,jitter_scale,none,271831,798271,798271,29220,7320,13.666352987289429,3,I200_INPUT_027_7c2f1494bf,ok,107
1,0.7023950764556336,12.989840507507324,8.370165824890137,10.68000316619873,12.989840507507324,16.287471771240234,10.74863052368164,-0.3036308884620666,-0.1441370248794555,0.4000413762105614,0.4981959695786597,0.7086126804351807,3682,13.903878211975098,8.980853080749512,574,25.865095138549805,15.695280075073242,4351,12.117605209350586,7.331111431121826,0.0,1.0,0.2387978142076502,0.4580601092896175,0.6431693989071038,0.3693989071038251,0.6711748633879782,0.8601092896174863,0.7213019132614136,N200_O3_I200_INPUT_028_b8f71c13b6,NESTED_INNER_SCREEN,adaptive_resnet,multiview,15.0,none,multitask,multitask,jitter_scale,none,271831,798271,798271,29220,7320,21.530203342437744,3,I200_INPUT_028_b8f71c13b6,ok,108
1,0.6953440378693974,12.832663536071776,8.305198669433594,10.568931579589844,12.832663536071776,16.007579803466797,10.792861938476562,0.1673470586538314,-1.3888593912124634,0.4187387717714964,0.5080760035847006,0.7015352249145508,3682,14.094794273376465,8.292624473571777,574,26.022417068481445,17.307294845581055,4351,12.145286560058594,6.571471691131592,0.0,1.0,0.2396174863387978,0.453551912568306,0.6474043715846994,0.3771857923497267,0.6806010928961749,0.8655737704918033,0.7102375030517578,N200_O3_I200_INPUT_029_742823fdbc,NESTED_INNER_SCREEN,adaptive_resnet,multiview,10.0,raw__fusion+scale,multitask,multitask,jitter_scale,none,271831,814399,814399,29220,7320,13.48606276512146,3,I200_INPUT_029_742823fdbc,ok,109
3,0.6249250204734553,12.900626182556152,8.311150550842285,10.60588836669922,12.900626182556152,16.005287170410156,10.653813362121582,1.3023914098739624,0.4008554220199585,0.4267362215788288,0.5122620784752998,0.7036828994750977,3682,14.463892936706545,9.203152656555176,574,24.810380935668945,15.498031616210938,4351,12.528594970703123,7.565124988555908,0.024390243902439,0.9997035280166024,0.2336065573770492,0.4471311475409836,0.6408469945355191,0.3628415300546448,0.6826502732240437,0.8647540983606558,0.7238141894340515,N200_O3_I200_INPUT_030_149402bc2e,NESTED_INNER_SCREEN,adaptive_resnet,multiview,10.0,bandpass_robust__fusion,multitask,multitask,jitter_scale,none,271831,814015,814015,29220,7320,22.836364030838013,3,I200_INPUT_030_149402bc2e,ok,110
2,0.6583771456300823,13.067684173583984,8.39843463897705,10.73305892944336,13.067684173583984,16.43207550048828,10.834725379943848,-1.5203192234039309,-0.7497519254684448,0.3966567381612663,0.4892214853445304,0.7119567394256592,3682,13.628159523010254,8.630569458007812,574,27.24980354309082,16.50070571899414,4351,11.9188814163208,7.016134262084961,0.0,1.0,0.2389344262295082,0.4560109289617486,0.639344262295082,0.364207650273224,0.6754098360655738,0.8616120218579235,0.7182708978652954,N200_O3_I200_INPUT_031_5ea2002166,NESTED_INNER_SCREEN,adaptive_resnet,multiview_zscore,5.0,none,multitask,multitask,jitter_scale,none,271831,798271,798271,29220,7320,12.195228815078735,3,I200_INPUT_031_5ea2002166,ok,111
2,0.6519016280672909,12.878876686096191,8.39476490020752,10.636820793151855,12.878876686096191,16.115848541259766,10.95790195465088,0.0460202395915985,-2.221390008926392,0.4138965431044473,0.501502310627455,0.7065207958221436,3682,13.960962295532228,7.78891134262085,574,25.914907455444336,17.341110229492188,4351,12.09295654296875,6.375274181365967,0.0,1.0,0.2387978142076502,0.4586065573770492,0.6471311475409836,0.3709016393442623,0.6897540983606557,0.8598360655737705,0.7078493237495422,N200_O3_I200_INPUT_032_40fabb3eb3,NESTED_INNER_SCREEN,adaptive_resnet,multiview_zscore,10.0,none,multitask,multitask,jitter_scale,none,271831,798271,798271,29220,7320,18.1871280670166,3,I200_INPUT_032_40fabb3eb3,ok,112
2,0.6502343073389889,12.964120864868164,8.317331314086914,10.64072608947754,12.964120864868164,16.242795944213867,10.805874824523926,-1.167328953742981,-1.266547441482544,0.4037043283480928,0.5002426708110069,0.7057148814201355,3682,13.691636085510254,8.259786605834961,574,27.330610275268555,16.744979858398438,4351,11.846599578857422,6.692538738250732,0.0,1.0,0.235655737704918,0.4560109289617486,0.6454918032786885,0.371311475409836,0.6871584699453552,0.8644808743169399,0.7102127075195312,N200_O3_I200_INPUT_033_d25c2b353f,NESTED_INNER_SCREEN,adaptive_resnet,multiview_zscore,15.0,none,multitask,multitask,jitter_scale,none,271831,798271,798271,29220,7320,29.01134371757508,3,I200_INPUT_033_d25c2b353f,ok,113
4,0.6086650444012062,12.985824584960938,8.345544815063477,10.665684700012209,12.985824584960938,16.187623977661133,10.835687637329102,1.4015487432479858,-0.7095955014228821,0.409300206398438,0.4886788517653604,0.7074853777885437,3682,14.658761024475098,8.770712852478027,574,24.79157066345215,16.47426986694336,4351,12.702526092529297,7.074304103851318,0.0226480836236933,0.9988141120664096,0.2370218579234972,0.4542349726775956,0.6367486338797814,0.3747267759562842,0.6797814207650273,0.8605191256830601,0.7235732674598694,N200_O3_I200_INPUT_034_2d526e3812,NESTED_INNER_SCREEN,adaptive_resnet,multiview_zscore,10.0,raw__fusion+scale,multitask,multitask,jitter_scale,none,271831,814399,814399,29220,7320,12.816287517547607,3,I200_INPUT_034_2d526e3812,ok,114
3,0.6327564786462223,12.936848640441896,8.30289363861084,10.619871139526367,12.936848640441896,16.13944435119629,10.752056121826172,-1.1710529327392578,-0.5475145578384399,0.4074841093711014,0.5027009132582759,0.7043564319610596,3682,13.789876937866213,8.775629997253418,574,27.856245040893555,17.017831802368164,4351,11.880666732788086,6.971317768096924,0.0104529616724738,1.0,0.2333333333333333,0.4528688524590163,0.64275956284153,0.3707650273224043,0.6827868852459016,0.8651639344262295,0.7151972055435181,N200_O3_I200_INPUT_035_9c2e6f8e53,NESTED_INNER_SCREEN,adaptive_resnet,multiview_zscore,10.0,bandpass_robust__fusion,multitask,multitask,jitter_scale,none,271831,814015,814015,29220,7320,11.600475549697876,3,I200_INPUT_035_9c2e6f8e53,ok,115
3,0.6355807972110175,12.951685905456545,8.372896194458008,10.662290573120115,12.951685905456545,16.127986907958984,10.8699369430542,-1.0297764539718628,-1.134618639945984,0.4072943782465938,0.4968742748076724,0.7076572179794312,3682,13.915168762207031,8.608407974243164,574,28.24123954772949,17.937416076660156,4351,11.911384582519531,6.693811893463135,0.0,1.0,0.2311475409836065,0.4513661202185792,0.6476775956284153,0.3702185792349727,0.6810109289617486,0.8650273224043716,0.7168262004852295,N200_O3_I200_INPUT_036_fba8cae0d1,NESTED_INNER_SCREEN,adaptive_resnet,multiscale7,5.0,none,multitask,multitask,jitter_scale,none,271831,800383,800383,29220,7320,7.744406700134277,3,I200_INPUT_036_fba8cae0d1,ok,116
3,0.6322202460438597,13.011404991149902,8.2981538772583,10.654779434204102,13.011404991149902,16.098468780517578,10.748452186584473,0.6835811138153076,-0.8069433569908142,0.4089668714732722,0.5071715318778814,0.706247866153717,3682,14.425024032592772,8.663176536560059,574,26.68993759155273,17.282224655151367,4351,12.37311553955078,6.820019721984863,0.0,1.0,0.2262295081967213,0.4396174863387978,0.6336065573770492,0.36775956284153,0.6853825136612022,0.8651639344262295,0.7199013829231262,N200_O3_I200_INPUT_037_3faa50799a,NESTED_INNER_SCREEN,adaptive_resnet,multiscale7,10.0,none,multitask,multitask,jitter_scale,none,271831,800383,800383,29220,7320,11.818352222442629,3,I200_INPUT_037_3faa50799a,ok,117
2,0.6501413603234135,12.921947479248049,8.319214820861816,10.620580673217772,12.921947479248049,16.120054244995117,10.791019439697266,1.6044981479644775,-1.0394246578216553,0.4213613428772071,0.5015325430887246,0.704612135887146,3682,14.496068954467772,8.341355323791504,574,24.25934791564941,16.129562377929688,4351,12.536888122558594,6.906272411346436,0.0,1.0,0.2413934426229508,0.4531420765027322,0.635792349726776,0.3739071038251366,0.6834699453551912,0.8640710382513661,0.7158552408218384,N200_O3_I200_INPUT_038_a17876eb01,NESTED_INNER_SCREEN,adaptive_resnet,multiscale7,15.0,none,multitask,multitask,jitter_scale,none,271831,800383,800383,29220,7320,14.575599670410156,3,I200_INPUT_038_a17876eb01,ok,118
3,0.6309541962505166,12.899447441101074,8.321394920349121,10.610421180725098,12.899447441101074,16.036046981811523,10.695667266845703,2.2709147930145264,0.586842954158783,0.4347732290714684,0.5079939840795631,0.7040721774101257,3682,14.675609588623049,9.36987018585205,574,23.363306045532227,15.445409774780272,4351,12.72658920288086,7.658469200134277,0.019163763066202,1.0,0.2397540983606557,0.4478142076502732,0.6398907103825137,0.3703551912568306,0.6818306010928962,0.8602459016393442,0.7273056507110596,N200_O3_I200_INPUT_039_36ff63e07a,NESTED_INNER_SCREEN,adaptive_resnet,multiscale7,10.0,raw__fusion+scale,multitask,multitask,jitter_scale,none,271831,816511,816511,29220,7320,11.693509340286257,3,I200_INPUT_039_36ff63e07a,ok,119
3,0.6330609976076612,12.89503574371338,8.296125411987305,10.5955810546875,12.89503574371338,16.06169319152832,10.689833641052246,0.4897398948669433,0.011089988052845,0.4143441121838436,0.5066047275169494,0.7029070854187012,3682,14.152091979980469,8.977731704711914,574,25.83363151550293,16.16044807434082,4351,12.217926025390623,7.281896591186523,0.019163763066202,0.9997035280166024,0.2345628415300546,0.4524590163934426,0.6460382513661203,0.371448087431694,0.6814207650273224,0.8683060109289618,0.7187274694442749,N200_O3_I200_INPUT_040_ddb7bd5c56,NESTED_INNER_SCREEN,adaptive_resnet,multiscale7,10.0,bandpass_robust__fusion,multitask,multitask,jitter_scale,none,271831,816127,816127,29220,7320,11.677693843841553,3,I200_INPUT_040_ddb7bd5c56,ok,120
3,0.5739121094248654,12.967955589294434,8.370705604553223,10.669330596923828,12.967955589294434,16.107969284057617,10.7391939163208,1.7299655675888062,0.2778203785419464,0.4173559768000147,0.5009039721242182,0.7080223560333252,3682,14.787753105163574,9.244227409362791,574,25.308223724365234,15.699997901916504,4351,12.690688133239746,7.496264457702637,0.0,1.0,0.233879781420765,0.4504098360655738,0.6368852459016393,0.366120218579235,0.6687158469945356,0.8631147540983607,0.7297582626342773,N200_O3_I200_OBJECTIVE_001_8e3d08f02d,NESTED_INNER_SCREEN,adaptive_resnet,derivatives_zscore,5.0,none,direct,huber,jitter_scale,none,271831,924663,924663,29220,7320,7.6394431591033936,3,I200_OBJECTIVE_001_8e3d08f02d,ok,121
2,0.4896574460603053,13.098876953125,8.344428062438965,10.72165298461914,13.098876953125,16.440465927124023,10.80201530456543,-0.8467534780502319,-0.8107625842094421,0.3937502947177257,0.4945218807609656,0.7106037139892578,3682,13.828447341918944,8.568643569946289,574,26.310747146606445,16.4193115234375,4351,12.119232177734377,6.959307193756104,0.0,1.0,0.2378415300546448,0.4566939890710382,0.6379781420765027,0.3699453551912568,0.6792349726775956,0.8633879781420765,0.7180194854736328,N200_O3_I200_OBJECTIVE_002_b9d410edf4,NESTED_INNER_SCREEN,adaptive_resnet,derivatives_zscore,5.0,none,direct,huber,jitter_scale,none,271831,924663,924663,29220,7320,6.078707933425903,3,I200_OBJECTIVE_002_b9d410edf4,ok,122
3,0.3321609066592322,12.943096160888672,8.392377853393555,10.667737007141112,12.943096160888672,16.084190368652344,10.773000717163086,-0.5682210326194763,-0.1364264488220214,0.4110266076660432,0.5050357088465119,0.7082198858261108,3682,14.097262382507324,9.228565216064451,574,27.926239013671875,16.709142684936523,4351,12.04971694946289,7.274765014648437,0.0034843205574912,1.0,0.2288251366120218,0.4494535519125683,0.642896174863388,0.3658469945355191,0.678551912568306,0.8627049180327869,0.7249132394790649,N200_O3_I200_OBJECTIVE_003_5710b00acb,NESTED_INNER_SCREEN,adaptive_resnet,derivatives_zscore,5.0,none,direct,huber,jitter_scale,none,271831,924663,924663,29220,7320,7.629317045211792,3,I200_OBJECTIVE_003_5710b00acb,ok,123
4,0.6732358227368274,13.074888229370115,8.383255004882812,10.729071617126465,13.074888229370115,16.251907348632812,10.798362731933594,1.84320604801178,-0.0655084326863288,0.4013896625529038,0.4934779257401837,0.711532711982727,3682,14.99466323852539,9.242101669311523,574,24.877429962158203,16.157222747802734,4351,12.93816089630127,7.413069248199463,0.0261324041811846,0.9980729321079158,0.2319672131147541,0.4461748633879781,0.6372950819672131,0.3688524590163934,0.6797814207650273,0.860655737704918,0.7338170409202576,N200_O3_I200_OBJECTIVE_004_917d419812,NESTED_INNER_SCREEN,adaptive_resnet,derivatives_zscore,5.0,none,direct,l1,jitter_scale,none,271831,924663,924663,29220,7320,7.654650926589966,3,I200_OBJECTIVE_004_917d419812,ok,124
2,0.3069151174398808,12.946030616760254,8.400450706481934,10.673240661621094,12.946030616760254,16.180185317993164,10.835925102233888,-0.4542389810085296,-1.019074320793152,0.4038790881537789,0.4923330489779141,0.7086347937583923,3682,13.944384574890137,8.522233009338379,574,26.66680908203125,16.673978805541992,4351,12.081811904907228,6.883452892303467,0.0034843205574912,1.0,0.2387978142076502,0.457103825136612,0.6409836065573771,0.362431693989071,0.6771857923497268,0.8612021857923498,0.7168757915496826,N200_O3_I200_OBJECTIVE_005_454f97e50c,NESTED_INNER_SCREEN,adaptive_resnet,derivatives_zscore,5.0,none,direct,logcosh,jitter_scale,none,271831,924663,924663,29220,7320,6.086229085922241,3,I200_OBJECTIVE_005_454f97e50c,ok,125
3,0.4886667728424072,13.023489952087402,8.386286735534668,10.704888343811035,13.023489952087402,16.192584991455078,10.754555702209473,1.8105781078338623,0.3198514878749847,0.4081512115608628,0.4985762531318138,0.7102190256118774,3682,14.843897819519045,9.298686981201172,574,24.866832733154297,15.647575378417969,4351,12.78166675567627,7.554595947265625,0.0087108013937282,1.0,0.2289617486338797,0.4504098360655738,0.6346994535519126,0.3648907103825136,0.6684426229508197,0.8616120218579235,0.7323598861694336,N200_O3_I200_OBJECTIVE_006_dd07db37de,NESTED_INNER_SCREEN,adaptive_resnet,derivatives_zscore,5.0,none,direct,huber_ccc,jitter_scale,none,271831,924663,924663,29220,7320,7.56429123878479,3,I200_OBJECTIVE_006_dd07db37de,ok,126
3,0.5049898026425854,12.977457046508787,8.336742401123047,10.657099723815918,12.977457046508787,16.099119186401367,10.730478286743164,1.1959190368652344,-0.1888134330511093,0.4129509027321245,0.5022662990070365,0.7068883180618286,3682,14.67426872253418,8.980768203735352,574,25.924379348754883,16.17653465270996,4351,12.569372177124023,7.212775707244873,0.0069686411149825,1.0,0.2310109289617486,0.4510928961748633,0.6330601092896175,0.3691256830601093,0.6759562841530055,0.8636612021857923,0.7253986597061157,N200_O3_I200_OBJECTIVE_007_820ae3c4e9,NESTED_INNER_SCREEN,adaptive_resnet,derivatives_zscore,5.0,none,direct,huber_ccc,jitter_scale,none,271831,924663,924663,29220,7320,8.938631057739258,3,I200_OBJECTIVE_007_820ae3c4e9,ok,127
3,0.529990133117227,12.925625801086426,8.321357727050781,10.623491287231444,12.925625801086426,16.159751892089844,10.7662992477417,-1.282680869102478,-0.6971911787986755,0.4063354193630604,0.5017770995862254,0.7048034071922302,3682,13.73062229156494,8.716151237487793,574,27.547582626342773,16.721540451049805,4351,11.86017894744873,6.893288612365723,0.0313588850174216,0.9998517640083012,0.2353825136612022,0.4556010928961748,0.6442622950819672,0.3698087431693989,0.6812841530054645,0.865983606557377,0.7145048379898071,N200_O3_I200_OBJECTIVE_008_41b568d00c,NESTED_INNER_SCREEN,adaptive_resnet,derivatives_zscore,5.0,none,direct,huber_ccc,jitter_scale,none,271831,924663,924663,29220,7320,7.619312524795532,3,I200_OBJECTIVE_008_41b568d00c,ok,128
3,0.5871662423501607,12.869599342346191,8.293375015258789,10.581487655639648,12.869599342346191,16.088586807250977,10.729199409484863,-0.6211331486701965,-0.2973479330539703,0.4138557018410659,0.5012896760280049,0.7020817399024963,3682,13.796140670776367,8.701943397521973,574,26.038387298583984,15.738049507141112,4351,11.998841285705566,7.099511623382568,0.0609756097560975,0.9986658760747108,0.2370218579234972,0.4590163934426229,0.6480874316939891,0.3711748633879781,0.683879781420765,0.8662568306010929,0.7127756476402283,N200_O3_I200_OBJECTIVE_009_ec1770bdaa,NESTED_INNER_SCREEN,adaptive_resnet,derivatives_zscore,5.0,none,direct,huber_ccc,jitter_scale,none,271831,924663,924663,29220,7320,8.889280796051025,3,I200_OBJECTIVE_009_ec1770bdaa,ok,129
2,0.5146226097945295,12.957401275634766,8.407594680786133,10.68249797821045,12.957401275634766,16.250104904174805,10.867315292358398,-0.3472953736782074,-0.9709096550941468,0.405209333082363,0.4873001625905245,0.7092475295066833,3682,13.888300895690918,8.506692886352539,574,25.639989852905277,16.37259864807129,4351,12.128711700439451,6.932995796203613,0.0418118466898954,0.9988141120664096,0.2430327868852459,0.4587431693989071,0.6431693989071038,0.366120218579235,0.6740437158469945,0.8602459016393442,0.7167827486991882,N200_O3_I200_OBJECTIVE_010_dd4ad80620,NESTED_INNER_SCREEN,adaptive_resnet,derivatives_zscore,5.0,none,direct,asymmetric_high,jitter_scale,none,271831,924663,924663,29220,7320,6.135941743850708,3,I200_OBJECTIVE_010_dd4ad80620,ok,130
3,0.5187079744790893,12.93333625793457,8.376286506652832,10.65481185913086,12.93333625793457,16.08563995361328,10.81005859375,0.4166117012500763,-0.2639337182044983,0.4089483378680813,0.4941564170360897,0.7072833776473999,3682,14.281360626220703,9.041990280151367,574,26.02478408813477,16.569974899291992,4351,12.311049461364746,7.143711566925049,0.0557491289198606,0.9988141120664096,0.230327868852459,0.4489071038251366,0.6426229508196721,0.3658469945355191,0.6745901639344263,0.8625683060109289,0.7235764265060425,N200_O3_I200_OBJECTIVE_011_9b92c429e0,NESTED_INNER_SCREEN,adaptive_resnet,derivatives_zscore,5.0,none,direct,asymmetric_high,jitter_scale,none,271831,924663,924663,29220,7320,7.641880750656128,3,I200_OBJECTIVE_011_9b92c429e0,ok,131
2,0.6474124126964145,13.010878562927246,8.382890701293945,10.696884155273438,13.010878562927246,16.301530838012695,10.886929512023926,-1.066489338874817,-1.3590688705444336,0.3989975876920715,0.4904805681551513,0.709726095199585,3682,13.769433975219728,8.300496101379395,574,27.024185180664062,16.82546043395996,4351,11.982709884643556,6.752313613891602,0.0,1.0,0.2379781420765027,0.4562841530054645,0.6415300546448087,0.3698087431693989,0.6826502732240437,0.8622950819672132,0.7141849994659424,N200_O3_I200_OBJECTIVE_012_8d558f4669,NESTED_INNER_SCREEN,adaptive_resnet,derivatives_zscore,5.0,none,direct,focal_huber,jitter_scale,none,271831,924663,924663,29220,7320,6.121048927307129,3,I200_OBJECTIVE_012_8d558f4669,ok,132
2,0.8048657782716688,12.94408893585205,8.427658081054688,10.685873031616213,12.94408893585205,16.183683395385742,10.851883888244627,-0.2286431044340133,-0.7079843878746033,0.40451709085136,0.4865087781317933,0.7097018957138062,3682,14.011396408081056,8.71725845336914,574,26.394784927368164,16.34972381591797,4351,12.149806022644045,7.122067451477051,0.0,1.0,0.2393442622950819,0.4550546448087432,0.6408469945355191,0.3662568306010929,0.6692622950819672,0.8594262295081967,0.7201548218727112,N200_O3_I200_OBJECTIVE_013_4ed9c24758,NESTED_INNER_SCREEN,adaptive_resnet,derivatives_zscore,5.0,none,direct,focal_huber,jitter_scale,none,271831,924663,924663,29220,7320,6.140156507492065,3,I200_OBJECTIVE_013_4ed9c24758,ok,133
2,0.4896574460603053,13.098876953125,8.344428062438965,10.72165298461914,13.098876953125,16.440465927124023,10.80201530456543,-0.8467534780502319,-0.8107625842094421,0.3937502947177257,0.4945218807609656,0.7106037139892578,3682,13.828447341918944,8.568643569946289,574,26.310747146606445,16.4193115234375,4351,12.119232177734377,6.959307193756104,0.0,1.0,0.2378415300546448,0.4566939890710382,0.6379781420765027,0.3699453551912568,0.6792349726775956,0.8633879781420765,0.7180194854736328,N200_O3_I200_OBJECTIVE_014_3ef0b02db8,NESTED_INNER_SCREEN,adaptive_resnet,derivatives_zscore,5.0,none,direct,physiology_huber,jitter_scale,none,271831,924663,924663,29220,7320,6.105134010314941,3,I200_OBJECTIVE_014_3ef0b02db8,ok,134
2,0.4896574460603053,13.098876953125,8.344428062438965,10.72165298461914,13.098876953125,16.440465927124023,10.80201530456543,-0.8467534780502319,-0.8107625842094421,0.3937502947177257,0.4945218807609656,0.7106037139892578,3682,13.828447341918944,8.568643569946289,574,26.310747146606445,16.4193115234375,4351,12.119232177734377,6.959307193756104,0.0,1.0,0.2378415300546448,0.4566939890710382,0.6379781420765027,0.3699453551912568,0.6792349726775956,0.8633879781420765,0.7180194854736328,N200_O3_I200_OBJECTIVE_015_61d5d1a3f3,NESTED_INNER_SCREEN,adaptive_resnet,derivatives_zscore,5.0,none,direct,physiology_huber,jitter_scale,none,271831,924663,924663,29220,7320,6.110867023468018,3,I200_OBJECTIVE_015_61d5d1a3f3,ok,135
3,0.5657087435909346,12.962821006774902,8.38059139251709,10.671706199645996,12.962821006774902,16.086355209350586,10.742122650146484,1.7753865718841553,0.1497115343809127,0.4206937764508051,0.5002908830039912,0.7082861661911011,3682,14.77688217163086,9.200447082519531,574,25.027490615844727,15.722389221191406,4351,12.69362449645996,7.45880126953125,0.0052264808362369,1.0,0.2349726775956284,0.4491803278688525,0.6363387978142077,0.3637978142076503,0.6691256830601093,0.8621584699453552,0.7294288873672485,N200_O3_I200_OBJECTIVE_016_d841344ee2,NESTED_INNER_SCREEN,adaptive_resnet,derivatives_zscore,5.0,none,clinical,huber,jitter_scale,none,271831,925183,925183,29220,7320,7.749451875686645,3,I200_OBJECTIVE_016_d841344ee2,ok,136
3,0.5026337794618669,12.899344444274902,8.394937515258789,10.647140502929688,12.899344444274902,16.03810691833496,10.75184440612793,0.6149930357933044,0.186415284872055,0.4157136695733126,0.5047568902640289,0.7071007490158081,3682,14.35200309753418,9.352996826171877,574,26.12553596496582,16.2060546875,4351,12.321824073791504,7.456242084503174,0.0069686411149825,1.0,0.2327868852459016,0.4532786885245902,0.6416666666666667,0.3614754098360656,0.6717213114754098,0.860792349726776,0.7271387577056885,N200_O3_I200_OBJECTIVE_017_381a27617c,NESTED_INNER_SCREEN,adaptive_resnet,derivatives_zscore,5.0,none,ordinal,huber,jitter_scale,none,271831,925183,925183,29220,7320,9.076453924179075,3,I200_OBJECTIVE_017_381a27617c,ok,137
3,0.5660040413632113,12.926209449768066,8.282336235046387,10.604272842407228,12.926209449768066,16.094493865966797,10.673613548278809,-0.0189453121274709,-0.1235809475183487,0.4091014376748063,0.5109287959923531,0.7032111883163452,3682,14.09062671661377,8.969968795776367,574,26.187286376953125,16.073501586914062,4351,12.181839942932127,7.19525957107544,0.0052264808362369,1.0,0.2329234972677595,0.4525956284153005,0.642896174863388,0.3693989071038251,0.6799180327868852,0.8688524590163934,0.7184454202651978,N200_O3_I200_OBJECTIVE_018_5c36d0c5e8,NESTED_INNER_SCREEN,adaptive_resnet,derivatives_zscore,5.0,none,multitask,multitask,jitter_scale,none,271831,924793,924793,29220,7320,7.730180263519287,3,I200_OBJECTIVE_018_5c36d0c5e8,ok,138
3,0.6335911049562342,12.995145797729492,8.294395446777344,10.644770622253418,12.995145797729492,16.138916015625,10.692461013793944,1.1353527307510376,-0.2770225405693054,0.4065912326826864,0.5082078496265912,0.7056378126144409,3682,14.630358695983888,8.894586563110352,574,25.78812789916992,16.139514923095703,4351,12.568155288696287,7.153767108917236,0.0,1.0,0.232103825136612,0.4476775956284153,0.6349726775956284,0.367896174863388,0.6812841530054645,0.8677595628415301,0.7232653498649597,N200_O3_I200_OBJECTIVE_019_66d7a8f534,NESTED_INNER_SCREEN,adaptive_resnet,derivatives_zscore,5.0,none,multitask,multitask,jitter_scale,none,271831,924793,924793,29220,7320,7.685177803039551,3,I200_OBJECTIVE_019_66d7a8f534,ok,139
3,0.7042521199369742,12.941092491149902,8.288931846618652,10.615012168884276,12.941092491149902,16.1364688873291,10.681037902832031,0.6019840836524963,-0.3447364866733551,0.4092995194243729,0.5079245300093338,0.7038996815681458,3682,14.223817825317385,8.722450256347656,574,25.193998336791992,15.816356658935549,4351,12.355823516845703,7.117225170135498,0.0034843205574912,1.0,0.2342896174863388,0.4536885245901639,0.6416666666666667,0.3670765027322404,0.6796448087431693,0.8662568306010929,0.7173430919647217,N200_O3_I200_OBJECTIVE_020_34c60ebb0e,NESTED_INNER_SCREEN,adaptive_resnet,derivatives_zscore,5.0,none,multitask,multitask,jitter_scale,none,271831,924793,924793,29220,7320,7.691574573516846,3,I200_OBJECTIVE_020_34c60ebb0e,ok,140
3,0.572379178276249,12.877123832702637,8.342833518981934,10.609978675842283,12.877123832702637,16.041851043701172,10.76244068145752,-0.7437458634376526,-0.4064805209636688,0.416070242758666,0.5005399473946891,0.7043310403823853,3682,13.851214408874512,8.910576820373535,574,27.31309509277344,16.610013961791992,4351,11.941641807556152,7.074620246887207,0.0,1.0,0.2370218579234972,0.4487704918032787,0.642896174863388,0.3681693989071038,0.6769125683060109,0.8632513661202186,0.7169979810714722,N200_O3_I200_OBJECTIVE_021_82f0a5d7c2,NESTED_INNER_SCREEN,adaptive_resnet,multiview_zscore,10.0,none,direct,huber,jitter_scale,none,271831,926775,926775,29220,7320,10.55562138557434,3,I200_OBJECTIVE_021_82f0a5d7c2,ok,141
3,0.4764619979983062,12.924614906311035,8.329188346862793,10.626901626586914,12.924614906311035,16.065624237060547,10.751622200012209,0.5660306811332703,-0.4626463651657104,0.4124929214453111,0.499880798906903,0.7050978541374207,3682,14.293083190917969,8.804444313049316,574,25.85264778137207,16.47332000732422,4351,12.342248916625977,7.050084590911865,0.0,1.0,0.2351092896174863,0.448224043715847,0.6439890710382513,0.3715846994535519,0.6793715846994536,0.864207650273224,0.7195713520050049,N200_O3_I200_OBJECTIVE_022_e0b59285b3,NESTED_INNER_SCREEN,adaptive_resnet,multiview_zscore,10.0,none,direct,huber,jitter_scale,none,271831,926775,926775,29220,7320,10.518247365951538,3,I200_OBJECTIVE_022_e0b59285b3,ok,142
3,0.3313709604584314,12.981402397155762,8.363574028015137,10.67248821258545,12.981402397155762,16.10930824279785,10.901063919067385,-0.7495082020759583,-1.4681321382522583,0.4106085835793071,0.4933618474327684,0.7081047296524048,3682,14.100258827209473,8.315035820007324,574,28.334291458129883,17.816715240478516,4351,12.043457984924316,6.506692886352539,0.0,1.0,0.2281420765027322,0.446311475409836,0.6416666666666667,0.3674863387978142,0.6799180327868852,0.8625683060109289,0.7154338359832764,N200_O3_I200_OBJECTIVE_023_5fff5c4908,NESTED_INNER_SCREEN,adaptive_resnet,multiview_zscore,10.0,none,direct,huber,jitter_scale,none,271831,926775,926775,29220,7320,10.511845111846924,3,I200_OBJECTIVE_023_5fff5c4908,ok,143
3,0.6918044199351392,12.864973068237305,8.294966697692871,10.57996940612793,12.864973068237305,16.016035079956055,10.724154472351074,0.8643783926963806,-0.5978198647499084,0.4226554006987968,0.5034985194700251,0.7020178437232971,3682,14.167760848999023,8.570122718811035,574,24.84934425354004,16.138639450073242,4351,12.314568519592283,6.9428582191467285,0.0,1.0,0.2357923497267759,0.4524590163934426,0.6424863387978142,0.3717213114754098,0.6810109289617486,0.864207650273224,0.7139697074890137,N200_O3_I200_OBJECTIVE_024_ace6c807b9,NESTED_INNER_SCREEN,adaptive_resnet,multiview_zscore,10.0,none,direct,l1,jitter_scale,none,271831,926775,926775,29220,7320,10.053975582122805,3,I200_OBJECTIVE_024_ace6c807b9,ok,144
2,0.3053684889101514,12.960282325744627,8.444632530212402,10.702457427978516,12.960282325744627,16.183923721313477,10.885824203491213,0.2781635522842407,-0.603331983089447,0.4016662207770659,0.4806551219594409,0.7108548879623413,3682,14.237272262573242,8.829151153564453,574,26.30190658569336,16.45658302307129,4351,12.258000373840332,7.187902927398682,0.0,1.0,0.2316939890710382,0.4547814207650273,0.6407103825136612,0.3665300546448087,0.674863387978142,0.8602459016393442,0.7237532138824463,N200_O3_I200_OBJECTIVE_025_2b63330c7f,NESTED_INNER_SCREEN,adaptive_resnet,multiview_zscore,10.0,none,direct,logcosh,jitter_scale,none,271831,926775,926775,29220,7320,8.111623764038086,3,I200_OBJECTIVE_025_2b63330c7f,ok,145
3,0.487442471817428,12.938587188720703,8.352133750915527,10.645360946655272,12.938587188720703,16.087800979614258,10.780555725097656,0.4326503276824951,-0.4340282082557678,0.4090557903675375,0.4957685510384921,0.7064347863197327,3682,14.286789894104004,8.85012435913086,574,26.13608932495117,16.576753616333008,4351,12.324722290039062,7.065898895263672,0.0,1.0,0.2345628415300546,0.4478142076502732,0.6419398907103825,0.3692622950819672,0.6819672131147541,0.8633879781420765,0.7210007905960083,N200_O3_I200_OBJECTIVE_026_429b18c57c,NESTED_INNER_SCREEN,adaptive_resnet,multiview_zscore,10.0,none,direct,huber_ccc,jitter_scale,none,271831,926775,926775,29220,7320,10.18144679069519,3,I200_OBJECTIVE_026_429b18c57c,ok,146
3,0.5058238305687125,12.90488624572754,8.365551948547363,10.63521957397461,12.90488624572754,16.078908920288086,10.759178161621094,-0.2463643699884414,-0.226227730512619,0.4099784525940931,0.5016880791666554,0.7060445547103882,3682,14.052886962890623,9.076285362243652,574,26.679224014282227,16.56580352783203,4351,12.109301567077637,7.202544689178467,0.0034843205574912,1.0,0.235655737704918,0.4543715846994535,0.6439890710382513,0.3657103825136612,0.6778688524590164,0.8618852459016394,0.7214019298553467,N200_O3_I200_OBJECTIVE_027_492cab1d85,NESTED_INNER_SCREEN,adaptive_resnet,multiview_zscore,10.0,none,direct,huber_ccc,jitter_scale,none,271831,926775,926775,29220,7320,10.212011337280272,3,I200_OBJECTIVE_027_492cab1d85,ok,147
3,0.5313164067813774,13.044807434082031,8.350332260131836,10.697569847106934,13.044807434082031,16.29440689086914,10.900202751159668,-1.2296513319015503,-1.182156682014465,0.3941862444126914,0.4858369302956452,0.7093336582183838,3682,13.749686241149902,8.245613098144531,574,27.15517807006836,16.800315856933594,4351,11.963529586791992,6.634218692779541,0.0331010452961672,0.9995552920249036,0.2301912568306011,0.4557377049180328,0.6378415300546448,0.374863387978142,0.6853825136612022,0.8616120218579235,0.7131869196891785,N200_O3_I200_OBJECTIVE_028_2ead73d1c4,NESTED_INNER_SCREEN,adaptive_resnet,multiview_zscore,10.0,none,direct,huber_ccc,jitter_scale,none,271831,926775,926775,29220,7320,10.19598913192749,3,I200_OBJECTIVE_028_2ead73d1c4,ok,148
3,0.5854769148468192,13.048571586608888,8.344223022460938,10.69639778137207,13.048571586608888,16.355966567993164,10.920032501220703,-0.3009088635444641,-0.98616760969162,0.3980380718480527,0.4874746950883157,0.7091871500015259,3682,13.835785865783691,8.190536499023438,574,24.967029571533203,16.202646255493164,4351,12.19057559967041,6.729795455932617,0.0958188153310104,0.9937740883486512,0.2355191256830601,0.4592896174863388,0.641120218579235,0.3747267759562842,0.687431693989071,0.8605191256830601,0.7131119966506958,N200_O3_I200_OBJECTIVE_029_26d6c1ef0d,NESTED_INNER_SCREEN,adaptive_resnet,multiview_zscore,10.0,none,direct,huber_ccc,jitter_scale,none,271831,926775,926775,29220,7320,10.158936500549316,3,I200_OBJECTIVE_029_26d6c1ef0d,ok,149
3,0.4997968712663339,12.948118209838867,8.386634826660156,10.667376518249512,12.948118209838867,16.05345344543457,10.82236671447754,0.6043453812599182,-0.6900953650474548,0.4138650825986167,0.4941353752858397,0.7081236839294434,3682,14.374210357666016,8.789888381958008,574,26.00921058654785,17.005414962768555,4351,12.396300315856934,6.944253444671631,0.0226480836236933,1.0,0.2334699453551912,0.4449453551912568,0.6396174863387978,0.3666666666666666,0.6773224043715848,0.8620218579234973,0.722258448600769,N200_O3_I200_OBJECTIVE_030_c434aa0ee6,NESTED_INNER_SCREEN,adaptive_resnet,multiview_zscore,10.0,none,direct,asymmetric_high,jitter_scale,none,271831,926775,926775,29220,7320,10.02887225151062,3,I200_OBJECTIVE_030_c434aa0ee6,ok,150
3,0.5189011846882066,12.86438274383545,8.39545726776123,10.62992000579834,12.86438274383545,16.033649444580078,10.798932075500488,-0.184103712439537,-0.0830034613609314,0.4165701447655416,0.4933416052001391,0.7061436176300049,3682,13.966388702392578,9.12881565093994,574,25.6435546875,16.139888763427734,4351,12.14919662475586,7.292567253112793,0.0644599303135888,0.9982211680996146,0.2364754098360655,0.4524590163934426,0.6491803278688525,0.3669398907103825,0.6734972677595629,0.8594262295081967,0.7214123606681824,N200_O3_I200_OBJECTIVE_031_d40db3fa0f,NESTED_INNER_SCREEN,adaptive_resnet,multiview_zscore,10.0,none,direct,asymmetric_high,jitter_scale,none,271831,926775,926775,29220,7320,10.05350661277771,3,I200_OBJECTIVE_031_d40db3fa0f,ok,151
3,0.6264549197714313,12.947653770446776,8.325716972351074,10.636685371398926,12.947653770446776,16.083471298217773,10.773189544677734,1.2105727195739746,-0.9313443303108216,0.4142583477897445,0.5011150576405761,0.7055996656417847,3682,14.537116050720217,8.515995979309082,574,25.489591598510746,16.91107749938965,4351,12.522878646850586,6.7948198318481445,0.0,1.0,0.2344262295081967,0.4475409836065573,0.6403005464480874,0.3704918032786885,0.6837431693989071,0.8654371584699454,0.7186828851699829,N200_O3_I200_OBJECTIVE_032_702a3db04d,NESTED_INNER_SCREEN,adaptive_resnet,multiview_zscore,10.0,none,direct,focal_huber,jitter_scale,none,271831,926775,926775,29220,7320,10.072962284088137,3,I200_OBJECTIVE_032_702a3db04d,ok,152
2,0.8011354842996286,12.96707534790039,8.373197555541992,10.670136451721191,12.96707534790039,16.17550277709961,10.89088535308838,-0.3449029326438904,-1.5554943084716797,0.4005182530982852,0.4934366732265894,0.708100438117981,3682,14.063030242919922,8.247822761535645,574,27.077638626098636,17.254230499267578,4351,12.118206024169922,6.619205951690674,0.0,1.0,0.2341530054644808,0.4512295081967213,0.639207650273224,0.3692622950819672,0.6878415300546448,0.8612021857923498,0.7144774794578552,N200_O3_I200_OBJECTIVE_033_9e0e800ed9,NESTED_INNER_SCREEN,adaptive_resnet,multiview_zscore,10.0,none,direct,focal_huber,jitter_scale,none,271831,926775,926775,29220,7320,8.064184427261353,3,I200_OBJECTIVE_033_9e0e800ed9,ok,153
3,0.4764619979983062,12.924614906311035,8.329188346862793,10.626901626586914,12.924614906311035,16.065624237060547,10.751622200012209,0.5660306811332703,-0.4626463651657104,0.4124929214453111,0.499880798906903,0.7050978541374207,3682,14.293083190917969,8.804444313049316,574,25.85264778137207,16.47332000732422,4351,12.342248916625977,7.050084590911865,0.0,1.0,0.2351092896174863,0.448224043715847,0.6439890710382513,0.3715846994535519,0.6793715846994536,0.864207650273224,0.7195713520050049,N200_O3_I200_OBJECTIVE_034_ef476d7c92,NESTED_INNER_SCREEN,adaptive_resnet,multiview_zscore,10.0,none,direct,physiology_huber,jitter_scale,none,271831,926775,926775,29220,7320,10.14902400970459,3,I200_OBJECTIVE_034_ef476d7c92,ok,154
3,0.4764619979983062,12.924614906311035,8.329188346862793,10.626901626586914,12.924614906311035,16.065624237060547,10.751622200012209,0.5660306811332703,-0.4626463651657104,0.4124929214453111,0.499880798906903,0.7050978541374207,3682,14.293083190917969,8.804444313049316,574,25.85264778137207,16.47332000732422,4351,12.342248916625977,7.050084590911865,0.0,1.0,0.2351092896174863,0.448224043715847,0.6439890710382513,0.3715846994535519,0.6793715846994536,0.864207650273224,0.7195713520050049,N200_O3_I200_OBJECTIVE_035_aa574dddbd,NESTED_INNER_SCREEN,adaptive_resnet,multiview_zscore,10.0,none,direct,physiology_huber,jitter_scale,none,271831,926775,926775,29220,7320,10.135478973388672,3,I200_OBJECTIVE_035_aa574dddbd,ok,155
3,0.5631868264643974,12.931511878967283,8.31307315826416,10.622292518615724,12.931511878967283,16.104944229125977,10.872425079345703,-0.7226063013076782,-1.695504665374756,0.4081493980631773,0.5021532900481513,0.7046266794204712,3682,14.0220308303833,8.121668815612793,574,27.881044387817383,17.943443298339844,4351,12.011239051818848,6.357904434204102,0.0,1.0,0.2315573770491803,0.4475409836065573,0.644672131147541,0.3729508196721312,0.6915300546448088,0.8654371584699454,0.7102851867675781,N200_O3_I200_OBJECTIVE_036_26f9e5719b,NESTED_INNER_SCREEN,adaptive_resnet,multiview_zscore,10.0,none,clinical,huber,jitter_scale,none,271831,927295,927295,29220,7320,10.853120565414429,3,I200_OBJECTIVE_036_26f9e5719b,ok,156
3,0.500472291817073,12.9183349609375,8.2959566116333,10.607145309448242,12.9183349609375,16.122325897216797,10.814390182495115,-1.315226912498474,-1.369821548461914,0.4105944066313561,0.5026637652876889,0.70355224609375,3682,13.743943214416504,8.263863563537598,574,27.937110900878903,17.40254020690918,4351,11.845145225524902,6.532542705535889,0.0,1.0,0.2336065573770492,0.455327868852459,0.6439890710382513,0.3741803278688524,0.687568306010929,0.8673497267759562,0.7089987993240356,N200_O3_I200_OBJECTIVE_037_e063e94f84,NESTED_INNER_SCREEN,adaptive_resnet,multiview_zscore,10.0,none,ordinal,huber,jitter_scale,none,271831,927295,927295,29220,7320,10.682056427001951,3,I200_OBJECTIVE_037_e063e94f84,ok,157
3,0.5645845384379617,12.921056747436523,8.293018341064453,10.607037544250488,12.921056747436523,16.04525375366211,10.725859642028809,0.8764522075653076,-0.5837394595146179,0.4163119052344803,0.5056900094000483,0.7035073041915894,3682,14.413884162902832,8.720256805419922,574,25.95880699157715,16.652542114257812,4351,12.386189460754396,6.949853897094727,0.0,1.0,0.2340163934426229,0.4501366120218579,0.6435792349726775,0.3691256830601093,0.6830601092896175,0.8665300546448087,0.718356192111969,N200_O3_I200_OBJECTIVE_038_5c67535776,NESTED_INNER_SCREEN,adaptive_resnet,multiview_zscore,10.0,none,multitask,multitask,jitter_scale,none,271831,926905,926905,29220,7320,11.60316276550293,3,I200_OBJECTIVE_038_5c67535776,ok,158
3,0.6323861023958992,12.970977783203123,8.293066024780273,10.6320219039917,12.970977783203123,16.056133270263672,10.718571662902832,1.1398706436157229,-0.7352973818778992,0.4172986959482803,0.5093538779144896,0.7049065828323364,3682,14.516538619995115,8.671141624450684,574,25.734004974365234,16.9244327545166,4351,12.50046157836914,6.865086555480957,0.0,1.0,0.2314207650273224,0.4450819672131147,0.6397540983606558,0.3700819672131147,0.6871584699453552,0.8688524590163934,0.7196179032325745,N200_O3_I200_OBJECTIVE_039_658a4fb05c,NESTED_INNER_SCREEN,adaptive_resnet,multiview_zscore,10.0,none,multitask,multitask,jitter_scale,none,271831,926905,926905,29220,7320,10.897441148757936,3,I200_OBJECTIVE_039_658a4fb05c,ok,159
4,0.6817596114538853,13.037013053894045,8.358133316040039,10.697572708129885,13.037013053894045,16.255483627319336,10.899965286254885,-0.7902507781982422,-1.6937379837036133,0.394597593978341,0.4978450988237564,0.7094370126724243,3682,14.108572959899902,8.307101249694824,574,27.373729705810547,17.85127067565918,4351,12.165340423583984,6.523779392242432,0.0034843205574912,0.9997035280166024,0.2323770491803278,0.4472677595628415,0.6372950819672131,0.371448087431694,0.6870218579234972,0.8648907103825136,0.71640944480896,N200_O3_I200_OBJECTIVE_040_6935a67a67,NESTED_INNER_SCREEN,adaptive_resnet,multiview_zscore,10.0,none,multitask,multitask,jitter_scale,none,271831,926905,926905,29220,7320,10.864907026290894,3,I200_OBJECTIVE_040_6935a67a67,ok,160
3,0.6270245111066531,12.982044219970703,8.33793830871582,10.659991264343262,12.982044219970703,16.16929054260254,10.705409049987791,1.4326564073562622,0.3798042237758636,0.4136614478747824,0.5048207657808039,0.7070660591125488,3682,14.571768760681152,9.158998489379885,574,24.26424598693848,15.034400939941406,4351,12.645061492919922,7.58024263381958,0.0017421602787456,1.0,0.2379781420765027,0.4459016393442623,0.6408469945355191,0.3644808743169399,0.6756830601092896,0.8596994535519126,0.7266514301300049,N200_O3_I200_TRAIN_001_e869218e48,NESTED_INNER_SCREEN,adaptive_resnet,multiview_zscore,10.0,none,multitask,multitask,none,none,271831,705721,705721,29220,7320,10.402782440185549,3,I200_TRAIN_001_e869218e48,ok,161
3,0.6296524456123901,12.946443557739258,8.312256813049316,10.629350662231444,12.946443557739258,16.131107330322266,10.687694549560549,1.534146070480347,0.243486613035202,0.417934222825517,0.506616321083674,0.7050108909606934,3682,14.597940444946287,9.066078186035156,574,24.26520729064941,15.221783638000488,4351,12.635187149047852,7.476494312286377,0.0,1.0,0.2393442622950819,0.4476775956284153,0.6443989071038252,0.3670765027322404,0.6780054644808743,0.8622950819672132,0.7243356108665466,N200_O3_I200_TRAIN_002_f0d192a0e6,NESTED_INNER_SCREEN,adaptive_resnet,multiview_zscore,10.0,none,multitask,multitask,mask,none,271831,705721,705721,29220,7320,10.347484111785889,3,I200_TRAIN_002_f0d192a0e6,ok,162
3,0.6296126172433492,12.979482650756836,8.300695419311523,10.64008903503418,12.979482650756836,16.153217315673828,10.665162086486816,1.527655005455017,0.5063918828964233,0.4148820464986677,0.5109754362578173,0.7054591178894043,3682,14.621932983398438,9.170188903808594,574,24.38921356201172,14.880905151367188,4351,12.66595458984375,7.594492435455322,0.0,1.0,0.2371584699453552,0.4476775956284153,0.6438524590163934,0.3670765027322404,0.6778688524590164,0.8621584699453552,0.7259125709533691,N200_O3_I200_TRAIN_003_7a8882a0ec,NESTED_INNER_SCREEN,adaptive_resnet,multiview_zscore,10.0,none,multitask,multitask,amplitude_warp,none,271831,705721,705721,29220,7320,10.4363694190979,3,I200_TRAIN_003_7a8882a0ec,ok,163
4,0.6160896245171043,12.964485168457031,8.278749465942383,10.621617317199709,12.964485168457031,16.12458610534668,10.787126541137695,-0.0328008271753788,-1.6129608154296875,0.4101253452409231,0.5092424111700242,0.7041347026824951,3682,14.11557960510254,8.044561386108398,574,26.067533493041992,16.938447952270508,4351,12.227813720703123,6.501049518585205,0.0052264808362369,1.0,0.2315573770491803,0.4468579234972678,0.646448087431694,0.3692622950819672,0.6942622950819672,0.869535519125683,0.7097762227058411,N200_O3_I200_TRAIN_004_ea1cf9350e,NESTED_INNER_SCREEN,adaptive_resnet,multiview_zscore,10.0,none,multitask,multitask,compound_morphology,none,271831,705721,705721,29220,7320,10.46626043319702,3,I200_TRAIN_004_ea1cf9350e,ok,164
3,0.6297237093931709,12.9270601272583,8.303584098815918,10.61532211303711,12.9270601272583,16.081558227539062,10.753997802734377,-0.3916171789169311,-0.9385048747062684,0.4106334104394697,0.5064153244607063,0.704110860824585,3682,14.018226623535156,8.559222221374512,574,26.766450881958008,17.163806915283203,4351,12.080116271972656,6.763637542724609,0.0,1.0,0.2311475409836065,0.4501366120218579,0.6471311475409836,0.3718579234972677,0.687568306010929,0.8663934426229508,0.7143807411193848,N200_O3_I200_TRAIN_005_40f0734fee,NESTED_INNER_SCREEN,adaptive_resnet,multiview_zscore,10.0,none,multitask,multitask,none,none,271831,705721,705721,29220,7320,10.3438138961792,3,I200_TRAIN_005_40f0734fee,ok,165
3,0.6310677364760754,12.88157081604004,8.299813270568848,10.590692520141602,12.88157081604004,16.025327682495117,10.680407524108888,0.4997121691703796,-0.1663144677877426,0.4185037606277023,0.5097636537223207,0.7026821970939636,3682,14.242877006530762,8.96012020111084,574,25.5251522064209,16.143857955932617,4351,12.278555870056152,7.200122356414795,0.0,1.0,0.2337431693989071,0.4557377049180328,0.6486338797814207,0.3680327868852459,0.6816939890710383,0.8676229508196721,0.7190126180648804,N200_O3_I200_TRAIN_006_aae6ff34ee,NESTED_INNER_SCREEN,adaptive_resnet,multiview_zscore,10.0,none,multitask,multitask,mask,none,271831,705721,705721,29220,7320,10.301908254623411,3,I200_TRAIN_006_aae6ff34ee,ok,166
3,0.6295038820092195,12.921382904052734,8.280372619628906,10.60087776184082,12.921382904052734,16.064420700073242,10.673251152038574,0.1283842176198959,-0.2430170774459839,0.4116919011769175,0.5140272931747489,0.7029951810836792,3682,14.202240943908691,8.957595825195312,574,26.307167053222656,16.438392639160156,4351,12.229501724243164,7.130159854888916,0.0034843205574912,1.0,0.2308743169398907,0.448087431693989,0.644672131147541,0.3681693989071038,0.6822404371584699,0.8673497267759562,0.7189369201660156,N200_O3_I200_TRAIN_007_cf4e7cbc89,NESTED_INNER_SCREEN,adaptive_resnet,multiview_zscore,10.0,none,multitask,multitask,amplitude_warp,none,271831,705721,705721,29220,7320,10.386743783950806,3,I200_TRAIN_007_cf4e7cbc89,ok,167
3,0.6321123183942309,12.930339813232422,8.357616424560547,10.643978118896484,12.930339813232422,16.08472442626953,10.695844650268556,1.3778064250946045,0.4544507563114166,0.4190522615639946,0.5085055966155128,0.7064299583435059,3682,14.558281898498535,9.35801601409912,574,24.547119140625,15.550408363342283,4351,12.60502815246582,7.608694553375244,0.0,1.0,0.2341530054644808,0.4513661202185792,0.644808743169399,0.3627049180327868,0.6747267759562842,0.8631147540983607,0.7281308770179749,N200_O3_I200_TRAIN_008_943f584d06,NESTED_INNER_SCREEN,adaptive_resnet,multiview_zscore,10.0,none,multitask,multitask,compound_morphology,none,271831,705721,705721,29220,7320,10.460469484329224,3,I200_TRAIN_008_943f584d06,ok,168
2,0.6470741329629437,12.987892150878906,8.30729866027832,10.647595405578612,12.987892150878906,16.220422744750977,10.839666366577148,0.8554295897483826,-1.2865149974822998,0.407220190008913,0.4999042956484495,0.7059667110443115,3682,14.388124465942385,8.180678367614746,574,25.22414779663086,16.32651138305664,4351,12.44299602508545,6.792011737823486,0.0,1.0,0.2382513661202185,0.4489071038251366,0.6396174863387978,0.3743169398907104,0.6885245901639344,0.8586065573770492,0.7144600749015808,N200_O3_I200_TRAIN_009_527a78f50d,NESTED_INNER_SCREEN,adaptive_resnet,multiview_zscore,10.0,none,multitask,multitask,none,none,271831,705721,705721,29220,7320,8.282901525497437,3,I200_TRAIN_009_527a78f50d,ok,169
3,0.6263833719920489,12.910918235778809,8.250170707702637,10.580544471740724,12.910918235778809,16.0759334564209,10.625520706176758,1.3176403045654297,-0.0820023640990257,0.420814560780526,0.5147328560715289,0.7014573216438293,3682,14.481783866882324,8.807007789611816,574,24.27883529663086,15.328145027160645,4351,12.535307884216309,7.252881050109863,0.0017421602787456,1.0,0.2342896174863388,0.4531420765027322,0.6456284153005465,0.3706284153005464,0.684016393442623,0.8673497267759562,0.7181878685951233,N200_O3_I200_TRAIN_010_fa743a5848,NESTED_INNER_SCREEN,adaptive_resnet,multiview_zscore,10.0,none,multitask,multitask,mask,none,271831,705721,705721,29220,7320,10.424795627593994,3,I200_TRAIN_010_fa743a5848,ok,170
3,0.6248501765182595,12.95481300354004,8.27025318145752,10.612533569335938,12.95481300354004,16.1320858001709,10.629178047180176,1.3954198360443115,0.2205335795879364,0.4157417098341429,0.5144926635350479,0.7035137414932251,3682,14.503351211547852,8.971413612365723,574,24.20394897460937,15.18901252746582,4351,12.592537879943848,7.386714458465576,0.0121951219512195,0.9998517640083012,0.2363387978142076,0.4501366120218579,0.64275956284153,0.3683060109289617,0.6808743169398908,0.8665300546448087,0.7215753793716431,N200_O3_I200_TRAIN_011_48709fa5af,NESTED_INNER_SCREEN,adaptive_resnet,multiview_zscore,10.0,none,multitask,multitask,amplitude_warp,none,271831,705721,705721,29220,7320,14.700684309005736,3,I200_TRAIN_011_48709fa5af,ok,171
3,0.6271886213932162,12.935376167297363,8.279558181762695,10.607467651367188,12.935376167297363,16.08416175842285,10.63734531402588,1.35821270942688,0.2012527734041214,0.4185795485456665,0.5136814771122885,0.7033532857894897,3682,14.56279182434082,9.071343421936035,574,24.533477783203125,15.392949104309082,4351,12.608116149902344,7.429770469665527,0.0,1.0,0.2341530054644808,0.4491803278688525,0.64275956284153,0.3673497267759563,0.6799180327868852,0.8662568306010929,0.7229006886482239,N200_O3_I200_TRAIN_012_8d7ec3f701,NESTED_INNER_SCREEN,adaptive_resnet,multiview_zscore,10.0,none,multitask,multitask,compound_morphology,none,271831,705721,705721,29220,7320,21.365854501724243,3,I200_TRAIN_012_8d7ec3f701,ok,172
3,0.6249597345302308,12.899986267089844,8.298992156982422,10.599489212036133,12.899986267089844,16.050474166870117,10.7540864944458,-0.5249885320663452,-0.7705038189888,0.4147244739137067,0.5059670400870571,0.7031638026237488,3682,13.951587677001951,8.688644409179688,574,26.76518440246582,17.03488540649414,4351,12.04997730255127,6.843719959259033,0.0,1.0,0.2311475409836065,0.4536885245901639,0.646311475409836,0.3688524590163934,0.6881147540983606,0.8653005464480874,0.7145378589630127,N200_O3_I200_TRAIN_013_06fc2d91b6,NESTED_INNER_SCREEN,adaptive_resnet,multiview_zscore,10.0,none,multitask,multitask,none,none,271831,705721,705721,29220,7320,21.821784734725952,3,I200_TRAIN_013_06fc2d91b6,ok,173
3,0.6267443552515866,12.867396354675291,8.29855728149414,10.582977294921877,12.867396354675291,16.005321502685547,10.682258605957031,0.7578933238983154,-0.0261273998767137,0.4213834099962861,0.5110445190946138,0.7022336721420288,3682,14.31103801727295,9.085928916931152,574,25.40720558166504,16.146928787231445,4351,12.349421501159668,7.273893356323242,0.0017421602787456,1.0,0.2344262295081967,0.4528688524590163,0.6435792349726775,0.36775956284153,0.6818306010928962,0.8663934426229508,0.7204496264457703,N200_O3_I200_TRAIN_014_ed4d0bc107,NESTED_INNER_SCREEN,adaptive_resnet,multiview_zscore,10.0,none,multitask,multitask,mask,none,271831,705721,705721,29220,7320,22.29453992843628,3,I200_TRAIN_014_ed4d0bc107,ok,174
3,0.6260634017925636,12.876792907714844,8.32099723815918,10.598895072937012,12.876792907714844,16.026033401489258,10.66800594329834,0.8341354131698608,0.3143016695976257,0.4192184029491139,0.5140085064550868,0.7034217119216919,3682,14.317923545837402,9.2955904006958,574,25.41569709777832,15.81276035308838,4351,12.34316062927246,7.471803665161133,0.0069686411149825,1.0,0.2370218579234972,0.4543715846994535,0.6435792349726775,0.3628415300546448,0.6763661202185792,0.8650273224043716,0.723549485206604,N200_O3_I200_TRAIN_015_7a9222a663,NESTED_INNER_SCREEN,adaptive_resnet,multiview_zscore,10.0,none,multitask,multitask,amplitude_warp,none,271831,705721,705721,29220,7320,22.24663472175598,3,I200_TRAIN_015_7a9222a663,ok,175
4,0.6035395089317771,13.00462532043457,8.236917495727539,10.620771408081056,13.00462532043457,16.175222396850586,10.73235034942627,0.1304599493741989,-0.589158296585083,0.4021476720729295,0.5024734968034783,0.7035338878631592,3682,14.278691291809082,8.706961631774902,574,26.048978805541992,16.227294921875,4351,12.350923538208008,7.008155822753906,0.0226480836236933,0.9986658760747108,0.2325136612021857,0.4460382513661202,0.6398907103825137,0.3737704918032787,0.6934426229508197,0.865983606557377,0.7172931432723999,N200_O3_I200_TRAIN_016_86ff396d16,NESTED_INNER_SCREEN,adaptive_resnet,multiview_zscore,10.0,none,multitask,multitask,compound_morphology,none,271831,705721,705721,29220,7320,22.29244613647461,3,I200_TRAIN_016_86ff396d16,ok,176
2,0.6499093272327597,12.964825630187988,8.312657356262207,10.638741493225098,12.964825630187988,16.23354148864746,10.845958709716797,-0.3524989187717438,-1.5413525104522705,0.4024566216084876,0.5005009863958426,0.7055419683456421,3682,13.965929985046388,8.10639762878418,574,26.46702766418457,16.935213088989258,4351,12.076126098632812,6.621853351593018,0.0,1.0,0.2412568306010929,0.4561475409836065,0.6426229508196721,0.376775956284153,0.6882513661202185,0.8625683060109289,0.7104216814041138,N200_O3_I200_TRAIN_017_37bb96d33b,NESTED_INNER_SCREEN,adaptive_resnet,multiview_zscore,10.0,none,multitask,multitask,none,none,271831,705721,705721,29220,7320,11.217328310012816,3,I200_TRAIN_017_37bb96d33b,ok,177
5,0.59471595287323,12.932440757751465,8.397663116455078,10.66505241394043,12.932440757751465,16.066930770874023,10.974893569946287,0.4181145131587982,-2.084965705871582,0.4155564704546839,0.4945525371499099,0.7081394791603088,3682,14.215121269226074,7.977516174316406,574,25.33637046813965,17.72408676147461,4351,12.397331237792969,6.314401626586914,0.0418118466898954,0.9986658760747108,0.2330601092896174,0.4495901639344262,0.6413934426229508,0.3706284153005464,0.6834699453551912,0.864207650273224,0.7127854824066162,N200_O3_I200_TRAIN_018_cf39a9f7d6,NESTED_INNER_SCREEN,adaptive_resnet,multiview_zscore,10.0,none,multitask,multitask,mask,none,271831,705721,705721,29220,7320,10.372658967971802,3,I200_TRAIN_018_cf39a9f7d6,ok,178
3,0.630345509332769,12.90829372406006,8.323001861572266,10.61564826965332,12.90829372406006,16.042146682739258,10.788196563720703,-0.4307401180267334,-1.0110557079315186,0.4147421479902772,0.5126260842248593,0.7043859958648682,3682,14.042573928833008,8.635525703430176,574,27.35552406311035,17.712678909301758,4351,12.047499656677246,6.6797285079956055,0.0,1.0,0.2316939890710382,0.4523224043715847,0.6480874316939891,0.3657103825136612,0.6863387978142077,0.8650273224043716,0.715543806552887,N200_O3_I200_TRAIN_019_6221633710,NESTED_INNER_SCREEN,adaptive_resnet,multiview_zscore,10.0,none,multitask,multitask,amplitude_warp,none,271831,705721,705721,29220,7320,10.36224603652954,3,I200_TRAIN_019_6221633710,ok,179
3,0.6325235764185587,12.931037902832031,8.388628959655762,10.659833908081056,12.931037902832031,16.066360473632812,10.899025917053224,-0.9644389748573304,-1.2991799116134644,0.4153477215789776,0.5008850788295588,0.70772784948349,3682,13.946008682250977,8.571290016174316,574,28.254932403564453,18.215547561645508,4351,11.929173469543455,6.582181453704834,0.0,1.0,0.2271857923497267,0.449863387978142,0.648360655737705,0.3635245901639344,0.6812841530054645,0.864207650273224,0.716712474822998,N200_O3_I200_TRAIN_020_79f182bed4,NESTED_INNER_SCREEN,adaptive_resnet,multiview_zscore,10.0,none,multitask,multitask,compound_morphology,none,271831,705721,705721,29220,7320,13.075273752212524,3,I200_TRAIN_020_79f182bed4,ok,180
3,0.6447933810988283,12.894235610961914,8.3396635055542,10.616949081420898,12.894235610961914,16.067432403564453,10.66130256652832,1.4489786624908447,0.4196733236312866,0.4194085873557863,0.5133236426240747,0.7046793699264526,3682,14.607556343078612,9.310040473937988,574,25.18540573120117,15.52814483642578,4351,12.53649616241455,7.584106922149658,0.0,1.0,0.2378415300546448,0.4502732240437158,0.6396174863387978,0.3636612021857923,0.671311475409836,0.8646174863387979,0.7266682982444763,N200_O3_I200_TRAIN_021_a4bcb0138f,NESTED_INNER_SCREEN,adaptive_resnet,multiview_zscore,10.0,none,multitask,multitask,none,none,271831,705721,705721,29220,7320,21.35893201828003,3,I200_TRAIN_021_a4bcb0138f,ok,181
3,0.6467213685216467,12.958990097045898,8.293580055236816,10.626285552978516,12.958990097045898,16.13334083557129,10.64181137084961,2.162319660186768,0.1760723143815994,0.4209525364792151,0.5144101175576762,0.704592227935791,3682,14.892749786376951,9.09713077545166,574,24.520374298095703,15.65407371520996,4351,12.792573928833008,7.407406330108643,0.0,1.0,0.2401639344262295,0.4471311475409836,0.639344262295082,0.369672131147541,0.674863387978142,0.865983606557377,0.7264045476913452,N200_O3_I200_TRAIN_022_55c81c0027,NESTED_INNER_SCREEN,adaptive_resnet,multiview_zscore,10.0,none,multitask,multitask,mask,none,271831,705721,705721,29220,7320,21.4196195602417,3,I200_TRAIN_022_55c81c0027,ok,182
3,0.6466247984786438,12.94145965576172,8.254620552062988,10.598039627075195,12.94145965576172,16.09117317199707,10.614717483520508,2.0817253589630127,0.0119926575571298,0.424618537757889,0.5168987920620031,0.7024956345558167,3682,14.80265998840332,8.918235778808594,574,24.5264892578125,15.645456314086914,4351,12.730810165405272,7.281947135925293,0.0,1.0,0.239207650273224,0.446448087431694,0.6387978142076502,0.3665300546448087,0.6796448087431693,0.8685792349726776,0.7223581671714783,N200_O3_I200_TRAIN_023_92f2c0f793,NESTED_INNER_SCREEN,adaptive_resnet,multiview_zscore,10.0,none,multitask,multitask,amplitude_warp,none,271831,705721,705721,29220,7320,21.5852324962616,3,I200_TRAIN_023_92f2c0f793,ok,183
3,0.6479534444466136,12.920708656311035,8.303987503051758,10.612348556518556,12.920708656311035,16.089597702026367,10.651895523071287,1.913402080535889,0.0243260953575372,0.4220642401861055,0.5134182823745729,0.7039496898651123,3682,14.78786277770996,9.027589797973633,574,24.855321884155277,15.950162887573242,4351,12.694867134094238,7.309793472290039,0.0,1.0,0.240983606557377,0.4491803278688525,0.6385245901639345,0.3646174863387978,0.6741803278688525,0.8674863387978142,0.7244720458984375,N200_O3_I200_TRAIN_024_118fc735bf,NESTED_INNER_SCREEN,adaptive_resnet,multiview_zscore,10.0,none,multitask,multitask,compound_morphology,none,271831,705721,705721,29220,7320,21.544543743133545,3,I200_TRAIN_024_118fc735bf,ok,184
3,0.637539882675495,12.962756156921388,8.332347869873047,10.647552490234377,12.962756156921388,16.161861419677734,10.687748908996582,1.7163121700286863,0.398530900478363,0.4136042614996321,0.5078910166085849,0.7062956690788269,3682,14.704843521118164,9.2386474609375,574,24.693603515625,15.424644470214844,4351,12.67802619934082,7.557236194610596,0.0,1.0,0.2371584699453552,0.4506830601092896,0.6409836065573771,0.367896174863388,0.6698087431693989,0.8632513661202186,0.7278255820274353,N200_O3_I200_TRAIN_025_5e9c83d41d,NESTED_INNER_SCREEN,adaptive_resnet,multiview_zscore,10.0,none,multitask,multitask,none,none,271831,705721,705721,29220,7320,21.56175374984741,3,I200_TRAIN_025_5e9c83d41d,ok,185
4,0.6154800637874728,12.997596740722656,8.26397705078125,10.630786895751951,12.997596740722656,16.226791381835938,10.745351791381836,0.1469400376081466,-0.628612756729126,0.3987717816174634,0.50079794553658,0.7044525742530823,3682,14.237360000610352,8.657925605773926,574,26.271270751953125,16.260183334350586,4351,12.30191135406494,7.033340930938721,0.0052264808362369,0.9997035280166024,0.2352459016393442,0.4538251366120218,0.6437158469945355,0.3745901639344262,0.6907103825136612,0.8658469945355192,0.7171876430511475,N200_O3_I200_TRAIN_026_2e90055abd,NESTED_INNER_SCREEN,adaptive_resnet,multiview_zscore,10.0,none,multitask,multitask,mask,none,271831,705721,705721,29220,7320,21.473121404647827,3,I200_TRAIN_026_2e90055abd,ok,186
3,0.6395914258520587,12.86501693725586,8.295331001281738,10.58017349243164,12.86501693725586,16.03514289855957,10.65966796875,1.3600149154663086,0.0747188851237297,0.4242252609152319,0.5104101511965082,0.7020341157913208,3682,14.48020076751709,8.973920822143555,574,24.71284866333008,15.589509963989258,4351,12.499334335327148,7.353787422180176,0.0,1.0,0.2396174863387978,0.4510928961748633,0.6468579234972678,0.36775956284153,0.6774590163934426,0.8644808743169399,0.7203294634819031,N200_O3_I200_TRAIN_027_6e03009c45,NESTED_INNER_SCREEN,adaptive_resnet,multiview_zscore,10.0,none,multitask,multitask,amplitude_warp,none,271831,705721,705721,29220,7320,21.499595880508423,3,I200_TRAIN_027_6e03009c45,ok,187
4,0.6226435662095063,12.890512466430664,8.285006523132324,10.587759017944336,12.890512466430664,16.100622177124023,10.744608879089355,-0.4081960916519165,-0.6921197772026062,0.4107766335089344,0.5020363112796987,0.7023221254348755,3682,14.01024341583252,8.68215560913086,574,26.70219993591309,16.473176956176758,4351,12.088894844055176,6.991580009460449,0.0,1.0,0.2404371584699453,0.4543715846994535,0.642896174863388,0.3719945355191257,0.6915300546448088,0.8673497267759562,0.7142502069473267,N200_O3_I200_TRAIN_028_924119312a,NESTED_INNER_SCREEN,adaptive_resnet,multiview_zscore,10.0,none,multitask,multitask,compound_morphology,none,271831,705721,705721,29220,7320,21.615431785583496,3,I200_TRAIN_028_924119312a,ok,188
2,0.6570056260021684,13.146883964538574,8.326498985290527,10.73669147491455,13.146883964538574,16.502796173095703,10.86086654663086,-1.222311019897461,-1.3393843173980713,0.3825557615347643,0.4937314573550597,0.7112083435058594,3682,13.91726016998291,8.3521089553833,574,27.55481338500977,17.394432067871094,4351,12.084210395812988,6.690415382385254,0.0,1.0,0.2344262295081967,0.4540983606557377,0.6409836065573771,0.3762295081967213,0.6834699453551912,0.8661202185792349,0.7168630361557007,N200_O3_I200_TRAIN_029_f57f4b8831,NESTED_INNER_SCREEN,adaptive_resnet,multiview_zscore,10.0,none,multitask,multitask,none,none,271831,705721,705721,29220,7320,17.027507781982422,3,I200_TRAIN_029_f57f4b8831,ok,189
2,0.6579629299687404,13.103013038635254,8.320423126220703,10.71171760559082,13.103013038635254,16.440107345581055,10.811705589294434,-1.7619584798812866,-1.1586834192276,0.3914944479938161,0.4981764088505144,0.7097299695014954,3682,13.735520362854004,8.445879936218262,574,27.905122756958008,17.138671875,4351,11.941349029541016,6.776493072509766,0.0,1.0,0.2315573770491803,0.4560109289617486,0.6424863387978142,0.3737704918032787,0.6837431693989071,0.8663934426229508,0.7154488563537598,N200_O3_I200_TRAIN_030_c5259795ea,NESTED_INNER_SCREEN,adaptive_resnet,multiview_zscore,10.0,none,multitask,multitask,mask,none,271831,705721,705721,29220,7320,17.377018213272095,3,I200_TRAIN_030_c5259795ea,ok,190
2,0.657584013892155,13.19133186340332,8.356782913208008,10.774057388305664,13.19133186340332,16.566659927368164,10.826875686645508,-1.3274292945861816,-0.7018164992332458,0.3805107606597568,0.4898744639309985,0.7137007713317871,3682,13.89636516571045,8.731497764587402,574,27.60431861877441,16.70063591003418,4351,12.088428497314451,7.086883068084717,0.0,1.0,0.2329234972677595,0.4542349726775956,0.6396174863387978,0.3726775956284153,0.676775956284153,0.864207650273224,0.7224957942962646,N200_O3_I200_TRAIN_031_237e931217,NESTED_INNER_SCREEN,adaptive_resnet,multiview_zscore,10.0,none,multitask,multitask,amplitude_warp,none,271831,705721,705721,29220,7320,17.46845054626465,3,I200_TRAIN_031_237e931217,ok,191
2,0.6577710423594206,13.19686508178711,8.377639770507812,10.78725242614746,13.19686508178711,16.581989288330078,10.88503360748291,-1.7664427757263184,-1.2701233625411987,0.3829605065756112,0.4889598030570003,0.7147154211997986,3682,13.758512496948242,8.454572677612305,574,27.940200805664062,17.284236907958984,4351,12.00108528137207,6.805470943450928,0.0,1.0,0.2336065573770492,0.4536885245901639,0.6413934426229508,0.369535519125683,0.683879781420765,0.8621584699453552,0.719438374042511,N200_O3_I200_TRAIN_032_c2b96ae0ad,NESTED_INNER_SCREEN,adaptive_resnet,multiview_zscore,10.0,none,multitask,multitask,compound_morphology,none,271831,705721,705721,29220,7320,17.581049919128418,3,I200_TRAIN_032_c2b96ae0ad,ok,192
4,0.6090009913725012,13.127392768859863,8.42225170135498,10.774822235107422,13.127392768859863,16.37750244140625,10.93329906463623,-0.8133695721626282,-1.1220353841781616,0.3841264320556031,0.4810418849975129,0.7146098017692566,3682,14.10831069946289,8.677420616149902,574,27.693578720092773,17.422985076904297,4351,12.147557258605955,6.851798534393311,0.0017421602787456,1.0,0.2289617486338797,0.4450819672131147,0.642896174863388,0.3672131147540983,0.684016393442623,0.8575136612021858,0.7241033911705017,N200_O3_I200_TRAIN_033_dfb37edfd0,NESTED_INNER_SCREEN,adaptive_resnet,multiview_zscore,10.0,none,multitask,multitask,none,none,271831,705721,705721,29220,7320,21.706011295318604,3,I200_TRAIN_033_dfb37edfd0,ok,193
2,0.6608684584985371,13.135807037353516,8.30186653137207,10.718836784362791,13.135807037353516,16.477237701416016,10.793550491333008,-1.1392453908920288,-0.9691796898841858,0.3840028975398262,0.4975749059160146,0.7098829746246338,3682,13.92774486541748,8.511855125427246,574,27.44599151611328,16.803552627563477,4351,12.095762252807615,6.908995151519775,0.0,1.0,0.2308743169398907,0.4558743169398907,0.6377049180327868,0.3751366120218579,0.6833333333333333,0.8639344262295082,0.7175885438919067,N200_O3_I200_TRAIN_034_9fd5d868a1,NESTED_INNER_SCREEN,adaptive_resnet,multiview_zscore,10.0,none,multitask,multitask,mask,none,271831,705721,705721,29220,7320,17.433265209197998,3,I200_TRAIN_034_9fd5d868a1,ok,194
2,0.6596828484846875,13.24351406097412,8.284967422485352,10.764240264892578,13.24351406097412,16.6553897857666,10.802310943603516,-2.422888994216919,-1.4193847179412842,0.3810303070314541,0.5038350490701616,0.7122011184692383,3682,13.579800605773926,8.25300121307373,574,28.60891532897949,17.324146270751953,4351,11.84096622467041,6.625406742095947,0.0,1.0,0.2299180327868852,0.4532786885245902,0.6370218579234973,0.3755464480874317,0.6897540983606557,0.8658469945355192,0.7142248749732971,N200_O3_I200_TRAIN_035_944f8ae4a2,NESTED_INNER_SCREEN,adaptive_resnet,multiview_zscore,10.0,none,multitask,multitask,amplitude_warp,none,271831,705721,705721,29220,7320,17.45476722717285,3,I200_TRAIN_035_944f8ae4a2,ok,195
2,0.6598423115568224,13.24464988708496,8.30466365814209,10.774656295776367,13.24464988708496,16.66185760498047,10.782645225524902,-2.0900919437408447,-0.8124838471412659,0.3770995894658513,0.4985173302270149,0.7130447626113892,3682,13.708504676818848,8.673966407775879,574,28.476097106933597,17.161666870117188,4351,11.949328422546388,6.949728965759277,0.0,1.0,0.2307377049180327,0.4546448087431694,0.6400273224043715,0.3765027322404372,0.684016393442623,0.8661202185792349,0.7200963497161865,N200_O3_I200_TRAIN_036_60f2ee9398,NESTED_INNER_SCREEN,adaptive_resnet,multiview_zscore,10.0,none,multitask,multitask,compound_morphology,none,271831,705721,705721,29220,7320,17.443723678588867,3,I200_TRAIN_036_60f2ee9398,ok,196
4,0.6339211031502369,12.98464012145996,8.192306518554688,10.588473320007324,12.98464012145996,16.23021125793457,10.707837104797363,-0.6636801362037659,-1.1946574449539185,0.3986255252650241,0.5134942801026151,0.7011356353759766,3682,13.93026065826416,8.262321472167969,574,26.865066528320312,16.880821228027344,4351,12.050372123718262,6.61914587020874,0.0,1.0,0.2340163934426229,0.4562841530054645,0.6383879781420765,0.3825136612021858,0.6926229508196722,0.8702185792349727,0.7084741592407227,N200_O3_I200_TRAIN_037_beadba97be,NESTED_INNER_SCREEN,adaptive_resnet,multiview_zscore,10.0,none,multitask,multitask,none,none,271831,705721,705721,29220,7320,21.291359186172485,3,I200_TRAIN_037_beadba97be,ok,197
4,0.6341866796312768,12.9677734375,8.211795806884766,10.589784622192385,12.9677734375,16.213035583496094,10.702556610107422,-0.7852243185043335,-1.1232701539993286,0.4031488591235104,0.5129844557037125,0.7014668583869934,3682,13.886862754821776,8.319278717041016,574,26.720067977905277,16.734712600708008,4351,12.027883529663086,6.680041790008545,0.0,1.0,0.2394808743169399,0.4569672131147541,0.6405737704918033,0.3758196721311475,0.690983606557377,0.8717213114754099,0.7090058922767639,N200_O3_I200_TRAIN_038_d0d1faca7f,NESTED_INNER_SCREEN,adaptive_resnet,multiview_zscore,10.0,none,multitask,multitask,mask,none,271831,705721,705721,29220,7320,21.233736038208008,3,I200_TRAIN_038_d0d1faca7f,ok,198
3,0.6512643223494486,12.8948335647583,8.234830856323242,10.56483268737793,12.8948335647583,16.084596633911133,10.660601615905762,0.6864491105079651,-0.2360735982656479,0.4121250953460434,0.5106401109373131,0.7003748416900635,3682,14.2108154296875,8.767633438110352,574,25.60978507995605,16.06333351135254,4351,12.209073066711426,7.10846757888794,0.0,1.0,0.2412568306010929,0.4599726775956284,0.6403005464480874,0.3756830601092896,0.684016393442623,0.8669398907103825,0.7150741219520569,N200_O3_I200_TRAIN_039_a244018309,NESTED_INNER_SCREEN,adaptive_resnet,multiview_zscore,10.0,none,multitask,multitask,amplitude_warp,none,271831,705721,705721,29220,7320,20.9484760761261,3,I200_TRAIN_039_a244018309,ok,199
4,0.6401015644759135,12.924148559570312,8.219592094421387,10.571870803833008,12.924148559570312,16.163162231445312,10.7354097366333,-0.6648659706115723,-1.3594176769256592,0.4039757677197631,0.5128053373984689,0.7005671858787537,3682,13.91675090789795,8.192947387695312,574,27.093994140625,17.141231536865234,4351,11.99708080291748,6.549069404602051,0.0,1.0,0.2370218579234972,0.4599726775956284,0.6404371584699453,0.3845628415300546,0.6919398907103825,0.8691256830601093,0.7072383761405945,N200_O3_I200_TRAIN_040_8f6701e758,NESTED_INNER_SCREEN,adaptive_resnet,multiview_zscore,10.0,none,multitask,multitask,compound_morphology,none,271831,705721,705721,29220,7320,21.07030177116394,3,I200_TRAIN_040_8f6701e758,ok,200
3,0.6434110157630023,12.877395629882812,8.314661026000977,10.596028327941896,12.877395629882812,15.914673805236816,10.93427562713623,0.5318598747253418,-2.836308479309082,0.440202425352333,0.5309071352907421,0.7031773328781128,3682,14.317954063415527,7.448490619659424,574,26.946054458618164,18.97905731201172,4351,12.222363471984863,5.803082942962647,0.0,1.0,0.2270491803278688,0.4520491803278688,0.6387978142076502,0.3822404371584699,0.687431693989071,0.8672131147540983,0.704331636428833,N200_O3_PRIOR_WINNER_FIXED,NESTED_INNER_SCREEN,resnet,multiview,10.0,none,multitask,multitask,jitter_scale,none,271831,1146884,1146884,29220,7320,18.368257761001587,3,PRIOR_WINNER_FIXED,ok,201
2,0.64464170441908,13.530876159667969,8.182389259338379,10.856632232666016,13.530876159667969,16.87485122680664,10.633193969726562,-0.4108506441116333,-1.155767798423767,0.3740764488099615,0.4783729602380758,0.7088531255722046,3869,14.32076358795166,8.456168174743652,596,30.813047409057617,18.487075805664062,4518,11.998385429382324,6.552350044250488,0.0,1.0,0.2192622950819672,0.4422131147540983,0.6254098360655738,0.3777322404371585,0.6957650273224044,0.8631147540983607,0.7171378135681152,N200_O4_I200_ARCH_001_0070ac94e2,NESTED_INNER_SCREEN,adaptive_resnet,multiview_zscore,10.0,none,multitask,multitask,jitter_scale,none,271832,251592,251592,29219,7320,11.975247859954834,4,I200_ARCH_001_0070ac94e2,ok,1
2,0.6450402639270608,13.505911827087402,8.1365385055542,10.8212251663208,13.505911827087402,16.908645629882812,10.570587158203123,-1.1086422204971311,-0.8835663795471191,0.3751745595352111,0.48386729614381,0.7063020467758179,3869,14.048487663269045,8.54111099243164,596,31.257976531982425,18.13918685913086,4518,11.7730712890625,6.648467540740967,0.0,1.0,0.228551912568306,0.4415300546448087,0.6256830601092896,0.380191256830601,0.6975409836065574,0.8657103825136612,0.7141808867454529,N200_O4_I200_ARCH_002_60c8d80ebf,NESTED_INNER_SCREEN,adaptive_resnet,multiview_zscore,10.0,none,multitask,multitask,jitter_scale,none,271832,251612,251612,29219,7320,12.331763982772827,4,I200_ARCH_002_60c8d80ebf,ok,2
2,0.6448755595419142,13.525471687316896,8.222567558288574,10.874019622802734,13.525471687316896,16.953819274902344,10.655291557312012,-1.0948853492736816,-0.7574467658996582,0.3702745500436166,0.4685695694127915,0.7103261947631836,3869,14.058112144470217,8.688104629516602,596,31.36787223815918,18.010059356689453,4518,11.767324447631836,6.815471172332764,0.0,1.0,0.2263661202185792,0.4457650273224043,0.6251366120218579,0.3760928961748634,0.6926229508196722,0.8631147540983607,0.7187517285346985,N200_O4_I200_ARCH_003_2e86f85560,NESTED_INNER_SCREEN,adaptive_resnet,multiview_zscore,10.0,none,multitask,multitask,jitter_scale,none,271832,255976,255976,29219,7320,12.420710802078249,4,I200_ARCH_003_2e86f85560,ok,3
2,0.6466868632759144,13.574148178100586,8.276373863220215,10.925260543823242,13.574148178100586,16.971588134765625,10.765542984008787,-1.3932305574417114,-1.7531540393829346,0.3665985169125746,0.4777891395041683,0.7138614058494568,3869,14.11133098602295,8.263814926147461,596,32.497337341308594,19.685800552368164,4518,11.741312980651855,6.211916446685791,0.0,1.0,0.2243169398907104,0.4341530054644809,0.6211748633879781,0.3781420765027322,0.6922131147540984,0.8605191256830601,0.717487096786499,N200_O4_I200_ARCH_004_3b8a4c1910,NESTED_INNER_SCREEN,adaptive_resnet,multiview_zscore,10.0,none,multitask,multitask,jitter_scale,none,271832,334026,334026,29219,7320,15.668357849121094,4,I200_ARCH_004_3b8a4c1910,ok,4
1,0.6901144023035087,13.608174324035645,8.231706619262695,10.919940948486328,13.608174324035645,17.02687644958496,10.774391174316406,-2.4053971767425537,-1.7263892889022827,0.375426817622797,0.4686601451722549,0.7130066156387329,3869,13.75916862487793,7.95881175994873,596,32.31900787353516,18.418800354003903,4518,11.5791654586792,6.29673957824707,0.0,1.0,0.2241803278688524,0.4364754098360656,0.6225409836065574,0.3871584699453552,0.6846994535519125,0.862431693989071,0.7113036513328552,N200_O4_I200_ARCH_005_6e92f23031,NESTED_INNER_SCREEN,adaptive_resnet,multiview_zscore,10.0,none,multitask,multitask,jitter_scale,none,271832,334056,334056,29219,7320,7.314626216888428,4,I200_ARCH_005_6e92f23031,ok,5
1,0.6907357016420053,13.592815399169922,8.230276107788086,10.911545753479004,13.592815399169922,17.00877571105957,10.797616958618164,-2.252646207809448,-1.985097289085388,0.3745669751976101,0.4717375665463134,0.712519645690918,3869,13.842249870300291,7.82800817489624,596,32.39020156860352,18.74374008178711,4518,11.602726936340332,6.15316915512085,0.0,1.0,0.2226775956284153,0.4382513661202186,0.6255464480874317,0.3897540983606557,0.6823770491803278,0.8616120218579235,0.7101969122886658,N200_O4_I200_ARCH_006_4f28a7253b,NESTED_INNER_SCREEN,adaptive_resnet,multiview_zscore,10.0,none,multitask,multitask,jitter_scale,none,271832,340602,340602,29219,7320,6.234770774841309,4,I200_ARCH_006_4f28a7253b,ok,6
2,0.6448771088731056,13.516511917114258,8.217963218688965,10.867237091064451,13.516511917114258,16.940061569213867,10.683823585510254,-1.8261985778808596,-1.4728553295135498,0.3766635286460215,0.478888802934166,0.7098897695541382,3869,13.900662422180176,8.295010566711426,596,32.5479736328125,19.110218048095703,4518,11.598956108093262,6.343132495880127,0.0,1.0,0.2270491803278688,0.4382513661202186,0.6273224043715847,0.3804644808743169,0.6931693989071038,0.8637978142076502,0.7133519649505615,N200_O4_I200_ARCH_007_9404ad5336,NESTED_INNER_SCREEN,adaptive_resnet,multiview_zscore,10.0,none,multitask,multitask,jitter_scale,none,271832,416460,416460,29219,7320,9.895665407180786,4,I200_ARCH_007_9404ad5336,ok,7
1,0.6962893924681969,13.595491409301758,8.203449249267578,10.899470329284668,13.595491409301758,16.95249366760254,10.55836296081543,-0.7727572321891785,-0.1990483552217483,0.3646599555416639,0.4798379286996662,0.7115099430084229,3869,14.249591827392578,8.769122123718262,596,31.16958999633789,17.380233764648438,4518,11.948416709899902,6.970508575439453,0.0,1.0,0.2245901639344262,0.4312841530054644,0.6198087431693989,0.371311475409836,0.6881147540983606,0.8704918032786885,0.721795916557312,N200_O4_I200_ARCH_008_73f727150e,NESTED_INNER_SCREEN,adaptive_resnet,multiview_zscore,10.0,none,multitask,multitask,jitter_scale,none,271832,416500,416500,29219,7320,9.137202501296995,4,I200_ARCH_008_73f727150e,ok,8
2,0.6435412316540488,13.495529174804688,8.209467887878418,10.852499008178713,13.495529174804688,16.87983512878418,10.663362503051758,-0.7314672470092773,-0.8023357391357422,0.3765899979178115,0.4681345992129627,0.7089599967002869,3869,14.12412166595459,8.64663028717041,596,30.759441375732425,18.311368942260746,4518,11.885640144348145,6.74124813079834,0.0,1.0,0.2337431693989071,0.4379781420765027,0.6263661202185792,0.380327868852459,0.6918032786885245,0.8661202185792349,0.7177690267562866,N200_O4_I200_ARCH_009_a64321f369,NESTED_INNER_SCREEN,adaptive_resnet,multiview_zscore,10.0,none,multitask,multitask,jitter_scale,none,271832,425228,425228,29219,7320,12.352399110794067,4,I200_ARCH_009_a64321f369,ok,9
2,0.6453141897332435,13.527374267578123,8.121744155883789,10.824559211730955,13.527374267578123,16.947895050048828,10.517013549804688,-0.9411160945892334,-0.2604332566261291,0.3717617425492852,0.4871851096676778,0.7063038349151611,3869,14.0379056930542,8.82210636138916,596,31.036840438842773,17.578550338745117,4518,11.78136157989502,6.937993049621582,0.0,1.0,0.2247267759562841,0.4370218579234973,0.6267759562841531,0.3778688524590164,0.6989071038251367,0.8706284153005465,0.7169479727745056,N200_O4_I200_ARCH_010_ec241a5c84,NESTED_INNER_SCREEN,adaptive_resnet,multiview_zscore,10.0,none,multitask,multitask,jitter_scale,none,271832,518248,518248,29219,7320,6.774815559387207,4,I200_ARCH_010_ec241a5c84,ok,10
2,0.6462089559611153,13.508281707763672,8.250666618347168,10.879474639892578,13.508281707763672,16.898242950439453,10.611391067504885,-1.3474208116531372,-0.0262383874505758,0.378224341608933,0.4719766473348858,0.7109817266464233,3869,13.943907737731934,9.130534172058104,596,31.572832107543945,17.539981842041016,4518,11.67881679534912,7.19645357131958,0.0,1.0,0.2256830601092896,0.4353825136612022,0.6266393442622951,0.3685792349726776,0.6788251366120218,0.8668032786885246,0.7229166030883789,N200_O4_I200_ARCH_011_b8134a8a09,NESTED_INNER_SCREEN,adaptive_resnet,multiview_zscore,10.0,none,multitask,multitask,jitter_scale,none,271832,518268,518268,29219,7320,7.404611587524414,4,I200_ARCH_011_b8134a8a09,ok,11
2,0.6451806390986723,13.496152877807615,8.150776863098145,10.82346534729004,13.496152877807615,16.866079330444336,10.578557014465332,-0.757749080657959,-0.6185388565063477,0.3788188355484315,0.4792641567668694,0.7066049575805664,3869,14.082822799682615,8.668427467346191,596,30.81256866455078,17.921892166137695,4518,11.813429832458496,6.795411109924316,0.0,1.0,0.2229508196721311,0.4379781420765027,0.6265027322404372,0.3816939890710382,0.6916666666666667,0.8673497267759562,0.7159345746040344,N200_O4_I200_ARCH_012_3bebdfe95f,NESTED_INNER_SCREEN,adaptive_resnet,multiview_zscore,10.0,none,multitask,multitask,jitter_scale,none,271832,527896,527896,29219,7320,7.924149036407471,4,I200_ARCH_012_3bebdfe95f,ok,12
2,0.6445575259090249,13.4312105178833,8.288630485534668,10.859920501708984,13.4312105178833,16.749547958374023,10.647960662841797,-0.0167096238583326,0.1570953726768493,0.3900186269364863,0.4658509429210333,0.7103627324104309,3869,14.296189308166504,9.287270545959473,596,29.96619033813477,17.167753219604492,4518,12.050317764282228,7.370504856109619,0.0,1.0,0.2292349726775956,0.4401639344262295,0.6243169398907104,0.3702185792349727,0.6786885245901639,0.8621584699453552,0.7264972925186157,N200_O4_I200_ARCH_013_0fd718994c,NESTED_INNER_SCREEN,adaptive_resnet,multiview_zscore,10.0,none,multitask,multitask,jitter_scale,none,271832,703338,703338,29219,7320,9.62575364112854,4,I200_ARCH_013_0fd718994c,ok,13
2,0.6441082385630389,13.464025497436523,8.286530494689941,10.87527847290039,13.464025497436523,16.766332626342773,10.659661293029783,-0.0894652307033538,-0.2689769566059112,0.3883320626848895,0.4641672110191606,0.7111947536468506,3869,14.247149467468262,9.019805908203123,596,29.904693603515625,17.406463623046875,4518,12.0294828414917,7.141231536865234,0.0,1.0,0.221311475409836,0.4389344262295082,0.6258196721311475,0.3689890710382513,0.6810109289617486,0.8621584699453552,0.7240757942199707,N200_O4_I200_ARCH_014_c183826645,NESTED_INNER_SCREEN,adaptive_resnet,multiview_zscore,10.0,none,multitask,multitask,jitter_scale,none,271832,703368,703368,29219,7320,10.358678340911863,4,I200_ARCH_014_c183826645,ok,14
2,0.6439890756326563,13.487173080444336,8.23183822631836,10.859505653381348,13.487173080444336,16.826385498046875,10.61095905303955,-0.6927589178085327,-0.1890561729669571,0.3820161373500361,0.4717257054248806,0.7096307873725891,3869,14.121938705444336,9.000192642211914,596,30.83367919921875,17.455541610717773,4518,11.865447998046877,7.113546371459961,0.0,1.0,0.2206284153005464,0.4401639344262295,0.6266393442622951,0.3725409836065573,0.6866120218579235,0.8637978142076502,0.7218299508094788,N200_O4_I200_ARCH_015_ca1ee0e1e3,NESTED_INNER_SCREEN,adaptive_resnet,multiview_zscore,10.0,none,multitask,multitask,jitter_scale,none,271832,717810,717810,29219,7320,10.585656881332396,4,I200_ARCH_015_ca1ee0e1e3,ok,15
2,0.6438519506672629,13.536927223205566,8.226570129394531,10.88174819946289,13.536927223205566,17.000112533569336,10.677046775817873,-1.8459793329238887,-1.2672520875930786,0.3706887911876893,0.4732983868007235,0.7108081579208374,3869,13.811795234680176,8.397765159606934,596,32.2372932434082,18.580251693725582,4518,11.55075740814209,6.516651630401611,0.0,1.0,0.2286885245901639,0.444535519125683,0.6262295081967213,0.3769125683060109,0.6900273224043716,0.8629781420765027,0.7144583463668823,N200_O4_I200_ARCH_016_ccec4f77dd,NESTED_INNER_SCREEN,adaptive_resnet,multiview_zscore,10.0,none,multitask,multitask,jitter_scale,none,271832,888428,888428,29219,7320,11.553305625915527,4,I200_ARCH_016_ccec4f77dd,ok,16
2,0.6421043553383522,13.50889492034912,8.215177536010742,10.862035751342772,13.50889492034912,16.894485473632812,10.635622024536133,-0.3593326807022095,-0.7175314426422119,0.3747224085461792,0.4712168484342671,0.7095642685890198,3869,14.191954612731934,8.65764331817627,596,30.432954788208008,17.79061508178711,4518,11.955449104309082,6.821566581726074,0.0,1.0,0.228551912568306,0.4403005464480874,0.6275956284153006,0.3774590163934426,0.6883879781420765,0.8613387978142076,0.7188074588775635,N200_O4_I200_ARCH_017_be9af9faa0,NESTED_INNER_SCREEN,adaptive_resnet,multiview_zscore,10.0,none,multitask,multitask,jitter_scale,none,271832,888468,888468,29219,7320,12.354387521743774,4,I200_ARCH_017_be9af9faa0,ok,17
2,0.6427612951378417,13.491047859191896,8.239479064941406,10.865262985229492,13.491047859191896,16.877490997314453,10.665045738220217,-0.8234161734580994,-0.5938437581062317,0.376023707719596,0.4655963541079669,0.7100479602813721,3869,14.113441467285156,8.794347763061523,596,31.040075302124023,17.885055541992188,4518,11.84628963470459,6.877555847167969,0.0,1.0,0.2290983606557377,0.439207650273224,0.6263661202185792,0.3745901639344262,0.6863387978142077,0.8632513661202186,0.7200032472610474,N200_O4_I200_ARCH_018_57fb09dad6,NESTED_INNER_SCREEN,adaptive_resnet,multiview_zscore,10.0,none,multitask,multitask,jitter_scale,none,271832,907724,907724,29219,7320,10.669048547744753,4,I200_ARCH_018_57fb09dad6,ok,18
2,0.645376488274219,13.533592224121094,8.1624174118042,10.848005294799805,13.533592224121094,16.935598373413086,10.578704833984377,-1.107685089111328,-0.4871573448181152,0.3699802401634645,0.4795869861992497,0.708121657371521,3869,14.133211135864258,8.786720275878906,596,31.58943748474121,18.03274917602539,4518,11.80140209197998,6.832976818084717,0.0,1.0,0.2240437158469945,0.4355191256830601,0.6275956284153006,0.375,0.6922131147540984,0.8657103825136612,0.7186195254325867,N200_O4_I200_ARCH_019_8bfe0b6689,NESTED_INNER_SCREEN,adaptive_resnet,multiview_zscore,10.0,none,multitask,multitask,jitter_scale,none,271832,883208,883208,29219,7320,7.660911560058594,4,I200_ARCH_019_8bfe0b6689,ok,19
2,0.6462734750672883,13.52609634399414,8.158415794372559,10.842256546020508,13.52609634399414,16.937318801879883,10.604549407958984,-1.0226768255233765,-0.6549840569496155,0.3710167358844797,0.4756346927097707,0.7077504396438599,3869,14.11058235168457,8.65501880645752,596,31.281583786010746,18.041751861572266,4518,11.806055068969728,6.765064239501953,0.0,1.0,0.2280054644808743,0.440983606557377,0.6266393442622951,0.3804644808743169,0.6934426229508197,0.8635245901639345,0.7168521285057068,N200_O4_I200_ARCH_020_1dc145a265,NESTED_INNER_SCREEN,adaptive_resnet,multiview_zscore,10.0,none,multitask,multitask,jitter_scale,none,271832,883228,883228,29219,7320,8.388238668441772,4,I200_ARCH_020_1dc145a265,ok,20
2,0.6455122236332862,13.517306327819824,8.144883155822754,10.831094741821287,13.517306327819824,16.930252075195312,10.582493782043455,-1.6456972360610962,-0.8937773704528809,0.3768968214049267,0.484008145221363,0.7069578170776367,3869,13.895416259765623,8.54894733428955,596,31.891326904296875,18.447206497192383,4518,11.622682571411133,6.595341205596924,0.0,1.0,0.2275956284153005,0.4385245901639344,0.6270491803278688,0.3804644808743169,0.6986338797814208,0.8654371584699454,0.7136825919151306,N200_O4_I200_ARCH_021_9ba9f6d45c,NESTED_INNER_SCREEN,adaptive_resnet,multiview_zscore,10.0,none,multitask,multitask,jitter_scale,none,271832,900168,900168,29219,7320,9.770010709762571,4,I200_ARCH_021_9ba9f6d45c,ok,21
2,0.6473412657874862,13.514347076416016,8.205023765563965,10.859685897827148,13.514347076416016,16.911590576171875,10.64628791809082,-1.3282462358474731,-0.939309060573578,0.3758036052994862,0.4744309286341942,0.7093061804771423,3869,13.981210708618164,8.616415977478027,596,31.685039520263672,18.550661087036133,4518,11.716506004333496,6.654106140136719,0.0,1.0,0.226775956284153,0.4408469945355191,0.6284153005464481,0.3781420765027322,0.6935792349726776,0.8629781420765027,0.7167249917984009,N200_O4_I200_ARCH_022_cf87aa3138,NESTED_INNER_SCREEN,adaptive_resnet,multiview_zscore,10.0,none,multitask,multitask,jitter_scale,none,271832,1211914,1211914,29219,7320,12.463018894195557,4,I200_ARCH_022_cf87aa3138,ok,22
1,0.6965487759097729,13.612015724182127,8.173352241516113,10.89268398284912,13.612015724182127,16.97296905517578,10.655383110046388,-2.107234477996826,-1.503475546836853,0.3766048165928273,0.4811309364761147,0.7107551097869873,3869,13.88254165649414,8.062116622924805,596,32.094234466552734,18.369333267211918,4518,11.678611755371094,6.316250801086426,0.0,1.0,0.2206284153005464,0.4355191256830601,0.6237704918032787,0.3851092896174863,0.6927595628415301,0.8692622950819672,0.711520791053772,N200_O4_I200_ARCH_023_6f19995429,NESTED_INNER_SCREEN,adaptive_resnet,multiview_zscore,10.0,none,multitask,multitask,jitter_scale,none,271832,1211944,1211944,29219,7320,9.519744873046877,4,I200_ARCH_023_6f19995429,ok,23
2,0.6447872488327275,13.548867225646973,8.21430778503418,10.881587982177734,13.548867225646973,16.937002182006836,10.683306694030762,-1.5373218059539795,-1.2612264156341553,0.3739751222754336,0.4735979235509778,0.7106460928916931,3869,13.974186897277832,8.43123722076416,596,31.988006591796875,18.918701171875,4518,11.703217506408691,6.480128765106201,0.0,1.0,0.2240437158469945,0.4381147540983606,0.6254098360655738,0.3774590163934426,0.6974043715846995,0.8625683060109289,0.7158095240592957,N200_O4_I200_ARCH_024_8737cc351a,NESTED_INNER_SCREEN,adaptive_resnet,multiview_zscore,10.0,none,multitask,multitask,jitter_scale,none,271832,1237354,1237354,29219,7320,11.418862104415894,4,I200_ARCH_024_8737cc351a,ok,24
2,0.6433728730756473,13.54629898071289,8.203649520874023,10.874974250793455,13.54629898071289,16.844627380371094,10.63486385345459,0.191123217344284,-0.716438353061676,0.3765008191638737,0.4740708217135559,0.7101434469223022,3869,14.55437469482422,8.771788597106934,596,30.297025680541992,18.28246116638184,4518,12.207785606384276,6.760105609893799,0.0,1.0,0.2240437158469945,0.4353825136612022,0.6217213114754099,0.378551912568306,0.6924863387978142,0.8625683060109289,0.7229270935058594,N200_O4_I200_ARCH_025_1acdf38880,NESTED_INNER_SCREEN,adaptive_resnet,multiview_zscore,10.0,none,multitask,multitask,jitter_scale,none,271832,1540620,1540620,29219,7320,14.493920087814333,4,I200_ARCH_025_1acdf38880,ok,25
2,0.6446416276732302,13.53930377960205,8.218737602233887,10.879020690917969,13.53930377960205,16.852279663085938,10.631792068481444,0.2996299564838409,-0.3667825758457184,0.3756949419287262,0.4714307761964337,0.7105579376220703,3869,14.581340789794922,8.975767135620117,596,30.22572326660156,18.011903762817383,4518,12.236114501953123,6.953273773193359,0.0,1.0,0.2225409836065573,0.4346994535519126,0.6228142076502732,0.3715846994535519,0.6901639344262295,0.8622950819672132,0.7254877686500549,N200_O4_I200_ARCH_026_c1eed577b0,NESTED_INNER_SCREEN,adaptive_resnet,multiview_zscore,10.0,none,multitask,multitask,jitter_scale,none,271832,1540660,1540660,29219,7320,14.059059619903564,4,I200_ARCH_026_c1eed577b0,ok,26
2,0.6426239859044941,13.513328552246094,8.217100143432617,10.865214347839355,13.513328552246094,16.879976272583008,10.68349838256836,-0.9890341758728028,-1.055072546005249,0.3757562299787532,0.4694357041919935,0.7097659111022949,3869,14.170158386230469,8.559523582458496,596,31.37046432495117,18.53397560119629,4518,11.865432739257812,6.594163417816162,0.0,1.0,0.2233606557377049,0.4364754098360656,0.6263661202185792,0.3786885245901639,0.6904371584699454,0.8617486338797814,0.7178148031234741,N200_O4_I200_ARCH_027_7377792955,NESTED_INNER_SCREEN,adaptive_resnet,multiview_zscore,10.0,none,multitask,multitask,jitter_scale,none,271832,1574540,1574540,29219,7320,14.278319358825684,4,I200_ARCH_027_7377792955,ok,27
2,0.6517860324554194,13.504101753234863,8.200371742248535,10.8522367477417,13.504101753234863,16.823469161987305,10.705777168273926,0.0930004715919494,-1.3853684663772583,0.3799441439344147,0.4708477918910342,0.7088318467140198,3869,14.458470344543455,8.33109188079834,596,30.125694274902344,18.608470916748047,4518,12.149015426635742,6.450944900512695,0.0,1.0,0.2273224043715847,0.4401639344262295,0.6241803278688525,0.3845628415300546,0.6980874316939891,0.8595628415300547,0.7168198823928833,N200_O4_I200_ARCH_028_98a7a9be9a,NESTED_INNER_SCREEN,adaptive_resnet,multiview_zscore,10.0,none,multitask,multitask,jitter_scale,none,271832,1346472,1346472,29219,7320,10.684141159057615,4,I200_ARCH_028_98a7a9be9a,ok,28
2,0.6525862154617809,13.46559238433838,8.298148155212402,10.88187026977539,13.46559238433838,16.802797317504883,10.860830307006836,-1.0363563299179075,-2.214223146438598,0.3860518694027566,0.4686366504317972,0.7117081880569458,3869,14.12498378753662,7.976380348205566,596,31.267902374267575,19.521175384521484,4518,11.822896003723145,6.09967041015625,0.0,1.0,0.2252732240437158,0.4403005464480874,0.6270491803278688,0.3810109289617486,0.6900273224043716,0.8595628415300547,0.7130628824234009,N200_O4_I200_ARCH_029_74d3352457,NESTED_INNER_SCREEN,adaptive_resnet,multiview_zscore,10.0,none,multitask,multitask,jitter_scale,none,271832,1346492,1346492,29219,7320,13.472347497940063,4,I200_ARCH_029_74d3352457,ok,29
2,0.6512957507488775,13.511435508728027,8.2758150100708,10.893625259399414,13.511435508728027,16.851627349853516,10.802834510803224,-0.635341227054596,-1.729317545890808,0.3778711461016782,0.4631456611620935,0.7120864391326904,3869,14.260900497436523,8.217571258544922,596,30.882272720336918,19.059650421142575,4518,11.95859432220459,6.337837219238281,0.0,1.0,0.2263661202185792,0.437431693989071,0.6281420765027322,0.3808743169398907,0.6919398907103825,0.8590163934426229,0.716733455657959,N200_O4_I200_ARCH_030_d854d1468d,NESTED_INNER_SCREEN,adaptive_resnet,multiview_zscore,10.0,none,multitask,multitask,jitter_scale,none,271832,1372792,1372792,29219,7320,17.916038990020752,4,I200_ARCH_030_d854d1468d,ok,30
2,0.6483221131991717,13.549932479858398,8.292078018188477,10.921005249023438,13.549932479858398,16.907764434814453,10.67622184753418,-0.3312875628471374,0.0736767053604126,0.3707872858589515,0.4619435052753765,0.7138195633888245,3869,14.310047149658203,9.286230087280272,596,30.712726593017575,17.554506301879883,4518,12.035191535949709,7.295409679412842,0.0,1.0,0.2252732240437158,0.4364754098360656,0.6282786885245901,0.3725409836065573,0.6823770491803278,0.8599726775956285,0.7291762828826904,N200_O4_I200_ARCH_031_9b812a99a0,NESTED_INNER_SCREEN,adaptive_resnet,multiview_zscore,10.0,none,multitask,multitask,jitter_scale,none,271832,1859754,1859754,29219,7320,21.427563905715942,4,I200_ARCH_031_9b812a99a0,ok,31
2,0.647953590926002,13.495680809020996,8.219289779663086,10.857484817504885,13.495680809020996,16.8685359954834,10.676136016845703,-1.1711180210113523,-1.046665906906128,0.3792336962753952,0.4720498883286616,0.7093613147735596,3869,14.035510063171388,8.586008071899414,596,31.468454360961918,18.709623336791992,4518,11.773316383361816,6.5804619789123535,0.0,1.0,0.2284153005464481,0.439207650273224,0.6271857923497268,0.3774590163934426,0.6942622950819672,0.8636612021857923,0.7168384194374084,N200_O4_I200_ARCH_032_254a5f429f,NESTED_INNER_SCREEN,adaptive_resnet,multiview_zscore,10.0,none,multitask,multitask,jitter_scale,none,271832,1859784,1859784,29219,7320,22.8329918384552,4,I200_ARCH_032_254a5f429f,ok,32
2,0.6474673124699811,13.524081230163574,8.22944450378418,10.87676239013672,13.524081230163574,16.885833740234375,10.64503002166748,-0.8809276819229126,-0.4884391129016876,0.3741306326479186,0.4714804972980847,0.7105653285980225,3869,14.206275939941406,8.934794425964355,596,31.427520751953125,18.26067352294922,4518,11.882534980773926,6.883869647979736,0.0,1.0,0.225,0.4367486338797814,0.625,0.3751366120218579,0.6903005464480875,0.8637978142076502,0.722459077835083,N200_O4_I200_ARCH_033_0f34dac454,NESTED_INNER_SCREEN,adaptive_resnet,multiview_zscore,10.0,none,multitask,multitask,jitter_scale,none,271832,1899234,1899234,29219,7320,22.97741150856018,4,I200_ARCH_033_0f34dac454,ok,33
2,0.6462834944912031,13.72148895263672,8.281020164489746,11.00125503540039,13.72148895263672,16.983694076538086,10.644710540771484,1.7153983116149902,0.1917095631361007,0.3713508566966348,0.4663775902161818,0.7181663513183594,3869,15.09804630279541,9.264822006225586,596,28.495704650878903,17.07113265991211,4518,12.816115379333496,7.371251106262207,0.0,1.0,0.219535519125683,0.4310109289617486,0.6042349726775956,0.3719945355191257,0.6826502732240437,0.860655737704918,0.737724781036377,N200_O4_I200_ARCH_034_39d5865ade,NESTED_INNER_SCREEN,adaptive_resnet,multiview_zscore,10.0,none,multitask,multitask,jitter_scale,none,271832,2373036,2373036,29219,7320,25.563019514083862,4,I200_ARCH_034_39d5865ade,ok,34
2,0.643761101111867,13.510005950927734,8.213530540466309,10.86176872253418,13.510005950927734,16.89164924621582,10.656180381774902,-1.0442767143249512,-1.0954360961914062,0.3770290257884652,0.4733054000086381,0.7095287442207336,3869,14.020785331726074,8.467268943786621,596,31.06797981262207,18.291547775268555,4518,11.79253101348877,6.602230548858643,0.0,1.0,0.2258196721311475,0.4422131147540983,0.6265027322404372,0.3744535519125683,0.6912568306010929,0.8640710382513661,0.7156611680984497,N200_O4_I200_ARCH_035_853eef6ae1,NESTED_INNER_SCREEN,adaptive_resnet,multiview_zscore,10.0,none,multitask,multitask,jitter_scale,none,271832,2373076,2373076,29219,7320,29.46125030517578,4,I200_ARCH_035_853eef6ae1,ok,35
2,0.6429774437854493,13.50247287750244,8.213269233703613,10.857871055603027,13.50247287750244,16.86198616027832,10.624078750610352,-0.725143551826477,-0.4432907998561859,0.378830005103809,0.4710967013792508,0.7093076705932617,3869,14.11561107635498,8.84126091003418,596,30.69156646728516,17.8355712890625,4518,11.87854290008545,6.9264068603515625,0.0,1.0,0.2243169398907104,0.4404371584699453,0.6270491803278688,0.3751366120218579,0.6896174863387978,0.8640710382513661,0.719937264919281,N200_O4_I200_ARCH_036_2fdc7f862b,NESTED_INNER_SCREEN,adaptive_resnet,multiview_zscore,10.0,none,multitask,multitask,jitter_scale,none,271832,2425676,2425676,29219,7320,29.803240537643436,4,I200_ARCH_036_2fdc7f862b,ok,36
2,0.6428824573560478,13.464560508728027,8.208123207092285,10.836341857910156,13.464560508728027,16.85814666748047,10.58531093597412,-1.1384589672088623,-0.2411869913339615,0.3829705884997721,0.4757747841115474,0.7080402970314026,3869,13.990859031677246,8.904088973999023,596,30.93895149230957,17.51755142211914,4518,11.76613998413086,7.046208381652832,0.0,1.0,0.2299180327868852,0.4419398907103825,0.6265027322404372,0.373087431693989,0.6878415300546448,0.8646174863387979,0.7187501788139343,N200_O4_I200_ARCH_037_dd8572626e,NESTED_INNER_SCREEN,adaptive_resnet,multiview_zscore,10.0,none,multitask,multitask,jitter_scale,none,271832,705721,705721,29219,7320,14.130388498306274,4,I200_ARCH_037_dd8572626e,ok,37
2,0.64402854520511,13.466322898864746,8.258544921875,10.862434387207031,13.466322898864746,16.78407096862793,10.662707328796388,-0.4603927731513977,-0.8744515776634216,0.3853709262182758,0.4713035885762275,0.7101277112960815,3869,14.154295921325684,8.715418815612793,596,30.81888771057129,18.433706283569336,4518,11.881317138671877,6.730297565460205,0.0,1.0,0.2222677595628415,0.4396174863387978,0.6248633879781421,0.3672131147540983,0.691120218579235,0.8629781420765027,0.7195507884025574,N200_O4_I200_ARCH_038_ced99ae8f1,NESTED_INNER_SCREEN,adaptive_resnet,multiview_zscore,10.0,none,multitask,multitask,jitter_scale,none,271832,703369,703369,29219,7320,14.026831865310667,4,I200_ARCH_038_ced99ae8f1,ok,38
2,0.6423061571869195,13.490360260009766,8.251821517944336,10.87109088897705,13.490360260009766,16.87549591064453,10.632810592651367,-0.7771933078765869,0.0140216350555419,0.3799878901042665,0.4679555215201464,0.7105276584625244,3869,14.12301540374756,9.070666313171388,596,30.465007781982425,17.190458297729492,4518,11.88262176513672,7.228170871734619,0.0,1.0,0.2274590163934426,0.4415300546448087,0.6248633879781421,0.3728142076502732,0.6853825136612022,0.8636612021857923,0.7232223153114319,N200_O4_I200_ARCH_039_705132b1ca,NESTED_INNER_SCREEN,adaptive_resnet,multiview_zscore,10.0,none,multitask,multitask,jitter_scale,none,271832,720163,720163,29219,7320,14.313244581222534,4,I200_ARCH_039_705132b1ca,ok,39
2,0.6444734151846443,13.461480140686035,8.247418403625488,10.854449272155762,13.461480140686035,16.782739639282227,10.71385097503662,-0.511631429195404,-1.378001689910889,0.3858702804068246,0.4710802522420271,0.7095426321029663,3869,14.151092529296877,8.401663780212402,596,30.76813125610352,18.911569595336918,4518,11.894911766052246,6.439696311950684,0.0,1.0,0.2222677595628415,0.4396174863387978,0.6255464480874317,0.3740437158469945,0.6930327868852459,0.8613387978142076,0.7159188985824585,N200_O4_I200_ARCH_040_c6a47ec132,NESTED_INNER_SCREEN,adaptive_resnet,multiview_zscore,10.0,none,multitask,multitask,jitter_scale,none,271832,717811,717811,29219,7320,14.312471866607666,4,I200_ARCH_040_c6a47ec132,ok,40
2,0.6422545243712032,13.55245876312256,8.291138648986816,10.921798706054688,13.55245876312256,16.893787384033203,10.668952941894531,0.3328066170215606,0.2147220522165298,0.3745626979318261,0.462615140692272,0.7138521671295166,3869,14.485867500305176,9.304911613464355,596,29.64252281188965,17.2363224029541,4518,12.235055923461914,7.361344337463379,0.0,1.0,0.2215846994535519,0.4390710382513661,0.6222677595628415,0.3698087431693989,0.6846994535519125,0.8613387978142076,0.7306177616119385,N200_O4_I200_ARCH_041_5394787084,NESTED_INNER_SCREEN,adaptive_resnet,multiview_zscore,10.0,none,multitask,multitask,jitter_scale,none,271832,890821,890821,29219,7320,15.996885538101196,4,I200_ARCH_041_5394787084,ok,41
1,0.6870619327414269,13.544276237487791,8.175410270690918,10.859843254089355,13.544276237487791,16.936920166015625,10.53732204437256,-1.87905752658844,0.1032584458589553,0.3809367730202393,0.4828446399609034,0.7089454531669617,3869,13.821733474731444,8.83887004852295,596,31.04344367980957,16.47188377380371,4518,11.725336074829102,7.147930145263672,0.0,1.0,0.2274590163934426,0.4375683060109289,0.6243169398907104,0.3744535519125683,0.6903005464480875,0.8662568306010929,0.7175884246826172,N200_O4_I200_ARCH_042_5f3d5eec56,NESTED_INNER_SCREEN,adaptive_resnet,multiview_zscore,10.0,none,multitask,multitask,jitter_scale,none,271832,888469,888469,29219,7320,12.146745681762695,4,I200_ARCH_042_5f3d5eec56,ok,42
2,0.6419290935291964,13.497611045837402,8.233552932739258,10.865581512451172,13.497611045837402,16.897069931030273,10.70256805419922,-1.365049958229065,-1.129329800605774,0.3778563815631514,0.4701601087890905,0.7099917531013489,3869,13.978611946105955,8.55473804473877,596,31.54803466796875,18.853504180908203,4518,11.716357231140137,6.511755466461182,0.0,1.0,0.230327868852459,0.4416666666666666,0.6274590163934426,0.3754098360655737,0.6900273224043716,0.8651639344262295,0.7165977954864502,N200_O4_I200_ARCH_043_84f766b076,NESTED_INNER_SCREEN,adaptive_resnet,multiview_zscore,10.0,none,multitask,multitask,jitter_scale,none,271832,910077,910077,29219,7320,16.344192028045654,4,I200_ARCH_043_84f766b076,ok,43
2,0.6443055100690306,13.482145309448242,8.136428833007812,10.809287071228027,13.482145309448242,16.809431076049805,10.634629249572754,-0.4298350512981415,-1.2211812734603882,0.3833265803506727,0.4786001157328461,0.7056335210800171,3869,14.229059219360352,8.317432403564453,596,30.32563781738281,18.17572784423828,4518,11.991561889648438,6.463770866394043,0.0,1.0,0.223224043715847,0.4400273224043716,0.6274590163934426,0.382103825136612,0.6957650273224044,0.8640710382513661,0.712680459022522,N200_O4_I200_ARCH_044_d639e0c279,NESTED_INNER_SCREEN,adaptive_resnet,multiview_zscore,10.0,none,multitask,multitask,jitter_scale,none,271832,907725,907725,29219,7320,16.409461736679077,4,I200_ARCH_044_d639e0c279,ok,44
2,0.6459240741979063,13.468571662902832,8.267278671264648,10.867925643920898,13.468571662902832,16.796586990356445,10.689705848693848,-0.7208594083786011,-1.0795679092407229,0.3846849062046985,0.4721587514882761,0.7105436325073242,3869,14.19743537902832,8.648802757263184,596,31.22918128967285,18.783571243286133,4518,11.879890441894531,6.603787422180176,0.0,1.0,0.2255464480874316,0.4407103825136612,0.6245901639344262,0.3715846994535519,0.6885245901639344,0.8633879781420765,0.7194908857345581,N200_O4_I200_ARCH_045_732c66f764,NESTED_INNER_SCREEN,adaptive_resnet,multiview_zscore,10.0,none,multitask,multitask,jitter_scale,none,271832,1216105,1216105,29219,7320,17.36284875869751,4,I200_ARCH_045_732c66f764,ok,45
1,0.6981309488707897,13.70046043395996,8.188626289367676,10.944543838500977,13.70046043395996,17.179195404052734,10.622396469116213,-3.284238338470459,-0.9257001280784608,0.3749689022181386,0.4759236848619561,0.7138439416885376,3869,13.557583808898926,8.421661376953125,596,33.08030319213867,17.746807098388672,4518,11.443126678466797,6.6409912109375,0.0,1.0,0.223087431693989,0.4346994535519126,0.6206284153005465,0.3829234972677595,0.6918032786885245,0.8674863387978142,0.7152009010314941,N200_O4_I200_ARCH_046_56cfb6ad83,NESTED_INNER_SCREEN,adaptive_resnet,multiview_zscore,10.0,none,multitask,multitask,jitter_scale,none,271832,1211945,1211945,29219,7320,12.951696872711182,4,I200_ARCH_046_56cfb6ad83,ok,46
2,0.6449731401368684,13.460963249206545,8.208640098571777,10.83480167388916,13.460963249206545,16.777973175048828,10.624139785766602,-0.4301310181617737,-0.9292614459991456,0.385937918162636,0.4790093976121931,0.7079606652259827,3869,14.227449417114258,8.631691932678223,596,30.669286727905277,18.433395385742188,4518,11.931404113769531,6.655294418334961,0.0,1.0,0.2265027322404371,0.4420765027322404,0.6228142076502732,0.3763661202185792,0.6907103825136612,0.864207650273224,0.7175904512405396,N200_O4_I200_ARCH_047_8d0da52d33,NESTED_INNER_SCREEN,adaptive_resnet,multiview_zscore,10.0,none,multitask,multitask,jitter_scale,none,271832,1241515,1241515,29219,7320,17.561700344085693,4,I200_ARCH_047_8d0da52d33,ok,47
1,0.696722275291393,13.626731872558594,8.16756534576416,10.89714813232422,13.626731872558594,17.04633903503418,10.624310493469238,-2.500207662582397,-1.0680222511291504,0.3765324073207172,0.4775247414372855,0.7109323740005493,3869,13.726480484008787,8.297975540161133,596,32.00642013549805,17.781604766845703,4518,11.612977027893066,6.563953876495361,0.0,1.0,0.2244535519125683,0.4362021857923497,0.6226775956284153,0.385655737704918,0.6923497267759563,0.8674863387978142,0.7129471302032471,N200_O4_I200_ARCH_048_53423d5b33,NESTED_INNER_SCREEN,adaptive_resnet,multiview_zscore,10.0,none,multitask,multitask,jitter_scale,none,271832,1237355,1237355,29219,7320,13.152070999145508,4,I200_ARCH_048_53423d5b33,ok,48
2,0.64644373242372,13.474844932556152,8.238004684448242,10.85642433166504,13.474844932556152,16.788436889648438,10.709389686584473,-0.2839975357055664,-1.3605319261550903,0.3840383928672287,0.4712295688036509,0.709535539150238,3869,14.351574897766112,8.402328491210938,596,30.533395767211918,18.79860496520996,4518,12.045465469360352,6.443838596343994,0.0,1.0,0.223224043715847,0.4390710382513661,0.6230874316939891,0.3797814207650273,0.6926229508196722,0.8603825136612022,0.7173207998275757,N200_O4_I200_ARCH_049_3c908901b6,NESTED_INNER_SCREEN,morphology_resnet,multiview_zscore,10.0,none,multitask,multitask,jitter_scale,none,271832,333376,333376,29219,7320,14.008067846298218,4,I200_ARCH_049_3c908901b6,ok,49
2,0.6460749662779515,13.526556968688965,8.300049781799316,10.91330337524414,13.526556968688965,16.81574821472168,10.748306274414062,0.2615958750247955,-1.3082265853881836,0.3804332431432183,0.4638204439313627,0.7134886384010315,3869,14.587103843688965,8.536131858825684,596,30.38263893127441,18.809297561645508,4518,12.22795581817627,6.542803287506104,0.0,1.0,0.2210382513661202,0.4351092896174863,0.6203551912568306,0.3726775956284153,0.6867486338797815,0.8596994535519126,0.7232831716537476,N200_O4_I200_ARCH_050_c781a39749,NESTED_INNER_SCREEN,morphology_resnet,multiview_zscore,10.0,none,multitask,multitask,jitter_scale,none,271832,339922,339922,29219,7320,13.955784559249878,4,I200_ARCH_050_c781a39749,ok,50
2,0.6514918547050625,13.471517562866213,8.183008193969727,10.827262878417969,13.471517562866213,16.81733512878418,10.586181640625,0.0847161933779716,-0.5243305563926697,0.3839520919785951,0.4771171316617121,0.7072194814682007,3869,14.325201988220217,8.725918769836426,596,29.50792694091797,17.40584945678711,4518,12.10960578918457,6.910938262939453,0.0,1.0,0.228551912568306,0.4405737704918033,0.6244535519125683,0.3808743169398907,0.6935792349726776,0.8605191256830601,0.7186696529388428,N200_O4_I200_ARCH_051_79a6655a84,NESTED_INNER_SCREEN,morphology_resnet,multiview_zscore,10.0,none,multitask,multitask,jitter_scale,none,271832,334433,334433,29219,7320,13.95819640159607,4,I200_ARCH_051_79a6655a84,ok,51
2,0.6508480026051889,13.465956687927246,8.184159278869629,10.825057983398438,13.465956687927246,16.83033561706543,10.623540878295898,0.1092896834015846,-0.93416029214859,0.3820935697304403,0.4757468719765706,0.7071106433868408,3869,14.33895492553711,8.512190818786621,596,29.52078056335449,17.885221481323242,4518,12.109054565429688,6.684952259063721,0.0,1.0,0.2284153005464481,0.4423497267759563,0.6234972677595628,0.3836065573770492,0.6920765027322404,0.8622950819672132,0.7165242433547974,N200_O4_I200_ARCH_052_5044c85b97,NESTED_INNER_SCREEN,morphology_resnet,multiview_zscore,10.0,none,multitask,multitask,jitter_scale,none,271832,340979,340979,29219,7320,14.051602363586426,4,I200_ARCH_052_5044c85b97,ok,52
2,0.6483002040121291,13.467040061950684,8.223163604736328,10.845102310180664,13.467040061950684,16.7878360748291,10.676541328430176,-0.0690526738762855,-0.9159419536590576,0.3851233052502738,0.4672119585127733,0.7087175250053406,3869,14.328132629394531,8.581153869628906,596,30.02677726745605,17.92787742614746,4518,12.072940826416016,6.743073463439941,0.0,1.0,0.223224043715847,0.4423497267759563,0.6244535519125683,0.3773224043715847,0.6907103825136612,0.860792349726776,0.7183507084846497,N200_O4_I200_ARCH_053_ccf610cb46,NESTED_INNER_SCREEN,morphology_resnet,multiview_zscore,10.0,none,multitask,multitask,jitter_scale,none,271832,702208,702208,29219,7320,14.031819581985474,4,I200_ARCH_053_ccf610cb46,ok,53
2,0.647269084952236,13.473175048828123,8.183454513549805,10.828314781188965,13.473175048828123,16.809192657470703,10.617661476135254,-0.5285351872444153,-0.975018322467804,0.3832250641030888,0.4773180939896943,0.7072838544845581,3869,14.19377326965332,8.50108528137207,596,30.59463882446289,17.970142364501953,4518,11.950458526611328,6.660510540008545,0.0,1.0,0.223087431693989,0.4386612021857923,0.6232240437158469,0.375,0.6931693989071038,0.8639344262295082,0.7155276536941528,N200_O4_I200_ARCH_054_11a301aeaa,NESTED_INNER_SCREEN,morphology_resnet,multiview_zscore,10.0,none,multitask,multitask,jitter_scale,none,271832,716650,716650,29219,7320,14.25259780883789,4,I200_ARCH_054_11a301aeaa,ok,54
2,0.645003616809845,13.445446968078612,8.217866897583008,10.831657409667969,13.445446968078612,16.78057861328125,10.665679931640623,-0.5516366958618164,-1.290613293647766,0.3872261931960774,0.4758247387469271,0.7079000473022461,3869,14.15799045562744,8.385506629943848,596,30.320358276367188,18.35282516479492,4518,11.934579849243164,6.509965896606445,0.0,1.0,0.2290983606557377,0.4416666666666666,0.625,0.3744535519125683,0.6933060109289617,0.8618852459016394,0.7145718336105347,N200_O4_I200_ARCH_055_27730cb7fa,NESTED_INNER_SCREEN,morphology_resnet,multiview_zscore,10.0,none,multitask,multitask,jitter_scale,none,271832,704561,704561,29219,7320,14.067626476287842,4,I200_ARCH_055_27730cb7fa,ok,55
2,0.6447217137205834,13.461545944213867,8.26614761352539,10.863846778869627,13.461545944213867,16.797847747802734,10.717659950256348,-0.2215745598077774,-1.2621591091156006,0.3843577234684382,0.4664676336224309,0.7103015780448914,3869,14.265108108520508,8.476151466369629,596,30.113147735595703,18.294607162475582,4518,12.021886825561523,6.592349529266357,0.0,1.0,0.2266393442622951,0.440983606557377,0.6204918032786885,0.3740437158469945,0.6867486338797815,0.860655737704918,0.7180373668670654,N200_O4_I200_ARCH_056_338e357fc6,NESTED_INNER_SCREEN,morphology_resnet,multiview_zscore,10.0,none,multitask,multitask,jitter_scale,none,271832,719003,719003,29219,7320,14.284584522247314,4,I200_ARCH_056_338e357fc6,ok,56
1,0.6969081214050842,13.634025573730469,8.205066680908203,10.919546127319336,13.634025573730469,17.020936965942383,10.588318824768066,-2.083495616912842,-0.3646343052387237,0.3699163682312514,0.4762307798496513,0.7126520872116089,3869,13.908683776855469,8.6187744140625,596,32.20233917236328,16.890506744384766,4518,11.690041542053224,6.950868129730225,0.0,1.0,0.221311475409836,0.4342896174863388,0.6239071038251366,0.3804644808743169,0.6855191256830601,0.8609289617486339,0.7187516093254089,N200_O4_I200_ARCH_057_ee9c02f433,NESTED_INNER_SCREEN,morphology_resnet,multiview_zscore,10.0,none,multitask,multitask,jitter_scale,none,271832,1210304,1210304,29219,7320,13.017192125320436,4,I200_ARCH_057_ee9c02f433,ok,57
1,0.696260021402945,13.606623649597168,8.193069458007812,10.899847030639648,13.606623649597168,16.958454132080078,10.583822250366213,-1.5702470541000366,-0.3811088800430298,0.3709915538864921,0.4773340103447617,0.7114014625549316,3869,14.038217544555664,8.570228576660156,596,31.625957489013672,16.821094512939453,4518,11.803861618041992,6.921510219573975,0.0,1.0,0.2237704918032786,0.4346994535519126,0.6239071038251366,0.3808743169398907,0.6864754098360656,0.8632513661202186,0.7182279825210571,N200_O4_I200_ARCH_058_3835373060,NESTED_INNER_SCREEN,morphology_resnet,multiview_zscore,10.0,none,multitask,multitask,jitter_scale,none,271832,1235714,1235714,29219,7320,13.09374189376831,4,I200_ARCH_058_3835373060,ok,58
1,0.6958567262475007,13.601923942565918,8.16954231262207,10.885732650756836,13.601923942565918,16.961641311645508,10.569452285766602,-1.263142466545105,-0.7559495568275452,0.3679341959210292,0.4819400125557599,0.7103191018104553,3869,14.094350814819336,8.3937349319458,596,31.28744125366211,17.408878326416016,4518,11.868549346923828,6.730582237243652,0.0,1.0,0.2224043715846994,0.4342896174863388,0.6215846994535519,0.3811475409836065,0.6883879781420765,0.8668032786885246,0.7160247564315796,N200_O4_I200_ARCH_059_54930088fe,NESTED_INNER_SCREEN,morphology_resnet,multiview_zscore,10.0,none,multitask,multitask,jitter_scale,none,271832,1214465,1214465,29219,7320,13.037713050842283,4,I200_ARCH_059_54930088fe,ok,59
2,0.6475603128570357,13.507265090942385,8.299505233764648,10.903385162353516,13.507265090942385,16.807939529418945,10.793041229248049,-0.66936194896698,-1.80912721157074,0.3830779603637168,0.4677957263219892,0.712927520275116,3869,14.23155689239502,8.201523780822754,596,30.771503448486328,18.99686622619629,4518,11.994190216064451,6.308060646057129,0.0,1.0,0.2215846994535519,0.4407103825136612,0.6245901639344262,0.3799180327868852,0.6859289617486338,0.857103825136612,0.7169970870018005,N200_O4_I200_ARCH_060_0d813cd0a4,NESTED_INNER_SCREEN,morphology_resnet,multiview_zscore,10.0,none,multitask,multitask,jitter_scale,none,271832,1239875,1239875,29219,7320,17.642690420150757,4,I200_ARCH_060_0d813cd0a4,ok,60
2,0.6496142402193905,13.509212493896484,8.201147079467773,10.855179786682127,13.509212493896484,16.870393753051758,10.570846557617188,-0.486379474401474,-0.2287067472934723,0.3747079941386674,0.4791713582141954,0.7090060114860535,3869,14.29510498046875,8.954849243164062,596,30.91509056091309,17.638019561767578,4518,11.989800453186035,7.046133995056152,0.0,1.0,0.2263661202185792,0.4387978142076503,0.6232240437158469,0.375,0.6912568306010929,0.8632513661202186,0.722112774848938,N200_O4_I200_ARCH_061_da08e0da96,NESTED_INNER_SCREEN,morphology_resnet,multiview_zscore,10.0,none,multitask,multitask,jitter_scale,none,271832,1857664,1857664,29219,7320,22.87044048309326,4,I200_ARCH_061_da08e0da96,ok,61
2,0.6490195553287182,13.492379188537598,8.236100196838379,10.864239692687988,13.492379188537598,16.8515567779541,10.617573738098145,-0.3704078197479248,-0.3212519884109497,0.3773540978352593,0.4715509042072647,0.7099485397338867,3869,14.28635597229004,8.945209503173828,596,30.5377197265625,17.704696655273438,4518,12.0081148147583,7.041979789733887,0.0,1.0,0.226775956284153,0.4405737704918033,0.6245901639344262,0.3721311475409836,0.6915300546448088,0.862431693989071,0.7226611971855164,N200_O4_I200_ARCH_062_144e74c5b2,NESTED_INNER_SCREEN,morphology_resnet,multiview_zscore,10.0,none,multitask,multitask,jitter_scale,none,271832,1897114,1897114,29219,7320,22.96766710281372,4,I200_ARCH_062_144e74c5b2,ok,62
2,0.6492928687263938,13.535356521606444,8.267122268676758,10.901239395141602,13.535356521606444,16.845108032226562,10.739644050598145,-0.3786787092685699,-1.5794236660003662,0.3767094626979076,0.4721476424693774,0.7124034762382507,3869,14.39130973815918,8.320582389831543,596,30.9409122467041,19.076801300048828,4518,12.1021089553833,6.367137432098389,0.0,1.0,0.2207650273224043,0.4372950819672131,0.6230874316939891,0.378551912568306,0.6907103825136612,0.8601092896174863,0.7189232110977173,N200_O4_I200_ARCH_063_1975c0590c,NESTED_INNER_SCREEN,morphology_resnet,multiview_zscore,10.0,none,multitask,multitask,jitter_scale,none,271832,1864145,1864145,29219,7320,23.06894588470459,4,I200_ARCH_063_1975c0590c,ok,63
2,0.6489790529986612,13.51340675354004,8.243185997009277,10.8782958984375,13.51340675354004,16.82589340209961,10.696575164794922,-0.4437694549560547,-1.351550817489624,0.3794918370016426,0.4747709399179189,0.710822582244873,3869,14.351462364196776,8.430495262145996,596,30.98970603942871,18.880691528320312,4518,12.050384521484377,6.453121185302734,0.0,1.0,0.2219945355191256,0.4362021857923497,0.6245901639344262,0.3760928961748634,0.6927595628415301,0.8613387978142076,0.7185699939727783,N200_O4_I200_ARCH_064_6008f5a3b1,NESTED_INNER_SCREEN,morphology_resnet,multiview_zscore,10.0,none,multitask,multitask,jitter_scale,none,271832,1903595,1903595,29219,7320,23.20928740501404,4,I200_ARCH_064_6008f5a3b1,ok,64
3,0.6366103938202453,13.534708023071287,8.192521095275879,10.863615036010742,13.534708023071287,16.883535385131836,10.713165283203123,-1.7578784227371216,-2.3620405197143555,0.3833185013370565,0.4966037460198723,0.7093697786331177,3869,13.86239242553711,7.680458068847656,596,31.608835220336918,19.4017276763916,4518,11.689144134521484,5.919777870178223,0.0016778523489932,1.0,0.2200819672131147,0.4412568306010929,0.6225409836065574,0.3855191256830601,0.6941256830601092,0.8693989071038252,0.7064841389656067,N200_O4_I200_ARCH_065_a8d7af58eb,NESTED_INNER_SCREEN,longconv,multiview_zscore,10.0,none,multitask,multitask,jitter_scale,none,271832,100713,100713,29219,7320,10.389630317687988,4,I200_ARCH_065_a8d7af58eb,ok,65
2,0.6522033237943462,13.490756034851074,8.165421485900879,10.828088760375977,13.490756034851074,16.81683349609375,10.588953971862791,-0.8115155100822449,-1.2970823049545288,0.3826700999628897,0.4890174523202154,0.7070461511611938,3869,14.124489784240724,8.345808982849121,596,30.90824317932129,18.694520950317383,4518,11.874560356140137,6.439669609069824,0.0,1.0,0.2241803278688524,0.4394808743169399,0.6218579234972678,0.380327868852459,0.6948087431693989,0.867896174863388,0.7132962942123413,N200_O4_I200_ARCH_066_734bb3ccfc,NESTED_INNER_SCREEN,longconv,multiview_zscore,10.0,none,multitask,multitask,jitter_scale,none,271832,108905,108905,29219,7320,8.727684259414673,4,I200_ARCH_066_734bb3ccfc,ok,66
2,0.6517684346710155,13.520371437072754,8.194427490234375,10.857398986816406,13.520371437072754,16.819034576416016,10.65242862701416,-0.2159628570079803,-1.688497543334961,0.3798662173300317,0.4875444553744721,0.7090461850166321,3869,14.346147537231444,8.117820739746094,596,30.442140579223636,19.04645729064941,4518,12.076889038085938,6.248051166534424,0.0,1.0,0.2243169398907104,0.4389344262295082,0.6207650273224044,0.3825136612021858,0.6924863387978142,0.8632513661202186,0.7140407562255859,N200_O4_I200_ARCH_067_5a41f58e2b,NESTED_INNER_SCREEN,longconv,multiview_zscore,10.0,none,multitask,multitask,jitter_scale,none,271832,113387,113387,29219,7320,8.903308391571045,4,I200_ARCH_067_5a41f58e2b,ok,67
2,0.6502854076086306,13.491381645202637,8.249959945678711,10.870670318603516,13.491381645202637,16.81423568725586,10.586666107177734,-0.2670646607875824,-0.2431485503911972,0.3811670425715487,0.4773529380941637,0.7104809284210205,3869,14.261382102966309,9.012255668640137,596,30.367488861083984,17.798311233520508,4518,12.034303665161133,7.062220096588135,0.0,1.0,0.2202185792349726,0.4390710382513661,0.6267759562841531,0.3654371584699453,0.6837431693989071,0.8644808743169399,0.723563551902771,N200_O4_I200_ARCH_068_3777a7beba,NESTED_INNER_SCREEN,longconv,multiview_zscore,10.0,none,multitask,multitask,jitter_scale,none,271832,125675,125675,29219,7320,11.969626665115356,4,I200_ARCH_068_3777a7beba,ok,68
2,0.6501631475741567,13.514449119567873,8.231643676757812,10.873046875,13.514449119567873,16.774751663208008,10.621647834777832,0.3181976675987243,-1.1022919416427612,0.3865590887044473,0.4790930005781397,0.7103850841522217,3869,14.429492950439451,8.493805885314941,596,29.53038215637207,18.253034591674805,4518,12.231056213378906,6.636994361877441,0.0,1.0,0.2198087431693989,0.4385245901639344,0.6204918032786885,0.3775956284153005,0.6916666666666667,0.8625683060109289,0.7194267511367798,N200_O4_I200_ARCH_069_03f2b1dbc2,NESTED_INNER_SCREEN,longconv,multiview_zscore,10.0,none,multitask,multitask,jitter_scale,none,271832,172889,172889,29219,7320,9.035373210906982,4,I200_ARCH_069_03f2b1dbc2,ok,69
2,0.6465601667859195,13.508987426757812,8.183649063110352,10.846318244934082,13.508987426757812,16.83846092224121,10.62582302093506,-0.3139176964759826,-1.4161268472671509,0.3790945404018483,0.4840781457617456,0.7082923650741577,3869,14.251365661621094,8.283927917480469,596,30.21438789367676,18.610435485839844,4518,12.033024787902832,6.434586524963379,0.0,1.0,0.2256830601092896,0.4418032786885246,0.6215846994535519,0.3811475409836065,0.6931693989071038,0.8655737704918033,0.7144918441772461,N200_O4_I200_ARCH_070_d12e3e397d,NESTED_INNER_SCREEN,longconv,multiview_zscore,10.0,none,multitask,multitask,jitter_scale,none,271832,185177,185177,29219,7320,9.65328598022461,4,I200_ARCH_070_d12e3e397d,ok,70
2,0.6455402456077874,13.487222671508787,8.176554679870605,10.83188819885254,13.487222671508787,16.798023223876953,10.576275825500488,0.3378715813159942,-0.8885161876678467,0.3848798766315456,0.48259949479918,0.7073974609375,3869,14.389237403869627,8.536561012268066,596,29.532928466796875,17.942970275878906,4518,12.145834922790527,6.705771446228027,0.0,1.0,0.2237704918032786,0.4408469945355191,0.6228142076502732,0.3775956284153005,0.6948087431693989,0.8662568306010929,0.717336893081665,N200_O4_I200_ARCH_071_6880a324e2,NESTED_INNER_SCREEN,longconv,multiview_zscore,10.0,none,multitask,multitask,jitter_scale,none,271832,198043,198043,29219,7320,12.409359216690063,4,I200_ARCH_071_6880a324e2,ok,71
2,0.6451290066725288,13.492968559265137,8.097850799560547,10.79541015625,13.492968559265137,16.859142303466797,10.512079238891602,-0.3985016345977783,-1.038723707199097,0.3768467659067278,0.4958749515048196,0.7043765783309937,3869,14.208746910095217,8.388727188110352,596,30.4189395904541,18.354248046875,4518,11.952170372009276,6.517618179321289,0.0,1.0,0.228551912568306,0.4438524590163934,0.6281420765027322,0.3836065573770492,0.6997267759562842,0.8673497267759562,0.7123163938522339,N200_O4_I200_ARCH_072_6d2d0fb6ea,NESTED_INNER_SCREEN,longconv,multiview_zscore,10.0,none,multitask,multitask,jitter_scale,none,271832,216475,216475,29219,7320,14.316203594207764,4,I200_ARCH_072_6d2d0fb6ea,ok,72
2,0.6492861918374604,13.4754056930542,8.27529525756836,10.875350952148438,13.4754056930542,16.680208206176758,10.660401344299316,0.6816996335983276,-0.8946238160133362,0.4035811407826836,0.4785404858428508,0.7110586166381836,3869,14.704691886901855,8.753332138061523,596,29.85027503967285,18.67353630065918,4518,12.331303596496582,6.694296360015869,0.0,1.0,0.2229508196721311,0.435655737704918,0.6196721311475409,0.36775956284153,0.6915300546448088,0.8663934426229508,0.7244771122932434,N200_O4_I200_ARCH_073_f3d457acb9,NESTED_INNER_SCREEN,conv_transformer_lite,multiview_zscore,10.0,none,multitask,multitask,jitter_scale,none,271832,148804,148804,29219,7320,7.190112113952637,4,I200_ARCH_073_f3d457acb9,ok,73
2,0.6548680281327441,13.399981498718262,8.16230583190918,10.781143188476562,13.399981498718262,16.6568546295166,10.601515769958496,0.4787774384021759,-1.0237983465194702,0.4019042754431124,0.4829545271478566,0.7043836712837219,3869,14.497745513916016,8.492348670959473,596,29.48296546936035,18.223848342895508,4518,12.198260307312012,6.582666397094727,0.0,1.0,0.2251366120218579,0.4387978142076503,0.6258196721311475,0.3758196721311475,0.7057377049180328,0.8655737704918033,0.715387761592865,N200_O4_I200_ARCH_074_4c2652ec21,NESTED_INNER_SCREEN,conv_transformer_lite,multiview_zscore,10.0,none,multitask,multitask,jitter_scale,none,271832,182276,182276,29219,7320,7.322659015655518,4,I200_ARCH_074_4c2652ec21,ok,74
2,0.6513370493658228,13.503141403198242,8.259832382202148,10.881486892700195,13.503141403198242,16.911090850830078,10.864487648010254,-1.0982013940811155,-2.319904088973999,0.3728860705146091,0.4742114885940767,0.7112085819244385,3869,14.076294898986816,7.841936111450195,596,31.65827178955078,19.921655654907227,4518,11.78187084197998,5.940224647521973,0.0,1.0,0.2307377049180327,0.4401639344262295,0.6259562841530054,0.3864754098360656,0.6923497267759563,0.8609289617486339,0.7109893560409546,N200_O4_I200_ARCH_075_efb5ec9ba5,NESTED_INNER_SCREEN,conv_transformer_lite,multiview_zscore,10.0,none,multitask,multitask,jitter_scale,none,271832,189764,189764,29219,7320,7.131232738494873,4,I200_ARCH_075_efb5ec9ba5,ok,75
3,0.6357599481258517,13.543889999389648,8.153471946716309,10.84868049621582,13.543889999389648,16.858489990234375,10.621545791625977,-0.7369593381881714,-1.514902949333191,0.3766635755873194,0.4864541569349391,0.7080478668212891,3869,14.20120334625244,7.990286350250244,596,30.73040580749512,18.55475425720215,4518,11.972000122070312,6.23579216003418,0.0,1.0,0.2233606557377049,0.4348360655737704,0.6234972677595628,0.3897540983606557,0.698224043715847,0.8685792349726776,0.7109906077384949,N200_O4_I200_ARCH_076_7c82063b42,NESTED_INNER_SCREEN,conv_transformer_lite,multiview_zscore,10.0,none,multitask,multitask,jitter_scale,none,271832,223236,223236,29219,7320,9.607434749603271,4,I200_ARCH_076_7c82063b42,ok,76
2,0.6517643414291681,13.473148345947266,8.183637619018555,10.82839298248291,13.473148345947266,16.72996711730957,10.643832206726074,1.2244727611541748,-1.1024110317230225,0.3971460251275404,0.4752815408456216,0.7072904706001282,3869,14.695292472839355,8.428911209106445,596,28.681535720825195,18.22759056091309,4518,12.428522109985352,6.587502956390381,0.0,1.0,0.226775956284153,0.4352459016393442,0.6207650273224044,0.3775956284153005,0.7019125683060109,0.8646174863387979,0.718306839466095,N200_O4_I200_ARCH_077_be22171213,NESTED_INNER_SCREEN,conv_transformer_lite,multiview_zscore,10.0,none,multitask,multitask,jitter_scale,none,271832,287268,287268,29219,7320,7.388122797012329,4,I200_ARCH_077_be22171213,ok,77
2,0.652026844959633,13.419190406799316,8.228463172912598,10.823826789855955,13.419190406799316,16.68362808227539,10.664894104003906,0.1393141150474548,-1.1228771209716797,0.3974243017927252,0.4731713449754829,0.7075947523117065,3869,14.34160327911377,8.456466674804688,596,29.751638412475582,18.47403335571289,4518,12.059200286865234,6.570860385894775,0.0,1.0,0.2311475409836065,0.4370218579234973,0.6230874316939891,0.3733606557377049,0.6961748633879782,0.8665300546448087,0.7163426876068115,N200_O4_I200_ARCH_078_11203ead88,NESTED_INNER_SCREEN,conv_transformer_lite,multiview_zscore,10.0,none,multitask,multitask,jitter_scale,none,271832,362052,362052,29219,7320,7.508546352386475,4,I200_ARCH_078_11203ead88,ok,78
2,0.6525630128929039,13.4702730178833,8.233366012573242,10.85181999206543,13.4702730178833,16.801767349243164,10.73583698272705,-0.7643432021141052,-1.7417253255844116,0.3843110574297687,0.4766984351024089,0.709220290184021,3869,14.188671112060549,8.138729095458984,596,31.09883689880371,19.1601676940918,4518,11.891122817993164,6.2240095138549805,0.0,1.0,0.2284153005464481,0.4397540983606557,0.6224043715846994,0.3800546448087432,0.6956284153005464,0.8625683060109289,0.7132824659347534,N200_O4_I200_ARCH_079_6c3ed2e316,NESTED_INNER_SCREEN,conv_transformer_lite,multiview_zscore,10.0,none,multitask,multitask,jitter_scale,none,271832,379428,379428,29219,7320,7.240208148956299,4,I200_ARCH_079_6c3ed2e316,ok,79
2,0.6537429304683909,13.500697135925291,8.217036247253418,10.858866691589355,13.500697135925291,16.823423385620117,10.64968490600586,-0.0902571901679039,-1.0434629917144775,0.3790958140326828,0.4766449534631483,0.7094103097915649,3869,14.415356636047363,8.569287300109863,596,30.729541778564453,18.58328437805176,4518,12.07636833190918,6.589778423309326,0.0,1.0,0.2243169398907104,0.4386612021857923,0.6206284153005465,0.3796448087431694,0.6967213114754098,0.8629781420765027,0.7193597555160522,N200_O4_I200_ARCH_080_6cf6891d58,NESTED_INNER_SCREEN,conv_transformer_lite,multiview_zscore,10.0,none,multitask,multitask,jitter_scale,none,271832,454212,454212,29219,7320,7.748164415359497,4,I200_ARCH_080_6cf6891d58,ok,80
5,0.6313573194095512,13.578012466430664,8.263493537902832,10.920753479003906,13.578012466430664,17.139432907104492,10.90981674194336,-3.46950626373291,-2.5134098529815674,0.3861022236719558,0.4720188349619046,0.7134487628936768,3869,13.478261947631836,7.65494966506958,596,33.15509033203125,19.11192321777344,4518,11.388501167297363,6.001740455627441,0.0,1.0,0.2341530054644808,0.444535519125683,0.6289617486338798,0.3938524590163934,0.6904371584699454,0.8605191256830601,0.7066020965576172,N200_O4_I200_INPUT_001_5a0a67ff05,NESTED_INNER_SCREEN,adaptive_resnet,ppg,5.0,none,multitask,multitask,jitter_scale,none,271832,794047,794047,29219,7320,11.931525230407717,4,I200_INPUT_001_5a0a67ff05,ok,81
5,0.6251822076981364,13.584534645080566,8.129621505737305,10.857078552246094,13.584534645080566,17.246946334838867,10.733769416809082,-3.689285039901733,-2.45313024520874,0.3791221168181897,0.4958583299960005,0.7082194685935974,3869,13.362908363342283,7.570288181304932,596,33.622222900390625,19.00091552734375,4518,11.267629623413086,5.931075096130371,0.0,1.0,0.2377049180327868,0.448087431693989,0.6310109289617486,0.4039617486338798,0.6943989071038251,0.8636612021857923,0.7010186910629272,N200_O4_I200_INPUT_002_ac74cecb2b,NESTED_INNER_SCREEN,adaptive_resnet,ppg,10.0,none,multitask,multitask,jitter_scale,none,271832,794047,794047,29219,7320,18.60193014144897,4,I200_INPUT_002_ac74cecb2b,ok,82
5,0.6230610920712839,13.57038688659668,8.169341087341309,10.869863510131836,13.57038688659668,17.17412757873535,10.751446723937988,-3.5026559829711914,-2.374227285385132,0.3861623674957837,0.4909038329942817,0.7094297409057617,3869,13.371586799621582,7.602628231048584,596,32.72001647949219,18.608556747436523,4518,11.342569351196287,5.980081558227539,0.0016778523489932,1.0,0.2348360655737704,0.4471311475409836,0.6273224043715847,0.3945355191256831,0.6907103825136612,0.8637978142076502,0.7023138999938965,N200_O4_I200_INPUT_003_2b0fb1a8ff,NESTED_INNER_SCREEN,adaptive_resnet,ppg,15.0,none,multitask,multitask,jitter_scale,none,271832,794047,794047,29219,7320,26.19203519821167,4,I200_INPUT_003_2b0fb1a8ff,ok,83
5,0.6184857378598132,13.443979263305664,8.216938972473145,10.830459594726562,13.443979263305664,16.862211227416992,10.698647499084473,-0.7873600721359253,-1.175922989845276,0.3770001853850142,0.4678504712633573,0.7078214883804321,3869,14.092909812927246,8.386113166809082,596,31.292261123657227,18.555532455444336,4518,11.728622436523438,6.570553302764893,0.0067114093959731,1.0,0.2316939890710382,0.4403005464480874,0.6300546448087432,0.3870218579234972,0.6870218579234972,0.8628415300546448,0.7140644788742065,N200_O4_I200_INPUT_004_520f82a220,NESTED_INNER_SCREEN,adaptive_resnet,ppg,10.0,raw__fusion+scale,multitask,multitask,jitter_scale,none,271832,810175,810175,29219,7320,18.71200799942017,4,I200_INPUT_004_520f82a220,ok,84
4,0.6411026583777534,13.554296493530272,8.192012786865234,10.873154640197754,13.554296493530272,17.00127410888672,10.774735450744627,-1.82255220413208,-1.6523077487945557,0.3700307131423442,0.466333643916175,0.7098965644836426,3869,13.828829765319824,7.943658828735352,596,31.49776268005371,18.90411758422852,4518,11.71144199371338,6.189599514007568,0.0302013422818791,1.0,0.224863387978142,0.4457650273224043,0.6307377049180328,0.3851092896174863,0.694535519125683,0.858879781420765,0.7093045711517334,N200_O4_I200_INPUT_005_cbd8675b74,NESTED_INNER_SCREEN,adaptive_resnet,ppg,10.0,bandpass_robust__fusion,multitask,multitask,jitter_scale,none,271832,809791,809791,29219,7320,18.586460828781128,4,I200_INPUT_005_cbd8675b74,ok,85
5,0.6313656040656022,13.569258689880373,8.228926658630371,10.899092674255373,13.569258689880373,17.099040985107422,10.797935485839844,-3.313217163085937,-2.214927196502685,0.3868489914012475,0.47817226013581,0.7118068337440491,3869,13.51230525970459,7.846386909484863,596,32.932373046875,18.93803977966309,4518,11.39535140991211,6.116074562072754,0.0,1.0,0.2307377049180327,0.4465846994535519,0.6282786885245901,0.3893442622950819,0.6897540983606557,0.8647540983606558,0.707543134689331,N200_O4_I200_INPUT_006_7d7ae74fb0,NESTED_INNER_SCREEN,adaptive_resnet,ppg_zscore,5.0,none,multitask,multitask,jitter_scale,none,271832,794047,794047,29219,7320,11.399487018585203,4,I200_INPUT_006_7d7ae74fb0,ok,86
5,0.6284507740946377,13.64688205718994,8.149481773376465,10.898181915283203,13.64688205718994,17.320024490356445,10.75242805480957,-4.103366374969482,-2.4454684257507324,0.3814080994692167,0.492531922090542,0.710764467716217,3869,13.31971549987793,7.646975517272949,596,33.875911712646484,19.08816719055176,4518,11.256830215454102,5.949129581451416,0.0,1.0,0.2372950819672131,0.4494535519125683,0.6259562841530054,0.3989071038251366,0.6939890710382514,0.8651639344262295,0.703400731086731,N200_O4_I200_INPUT_007_3d0037dee3,NESTED_INNER_SCREEN,adaptive_resnet,ppg_zscore,10.0,none,multitask,multitask,jitter_scale,none,271832,794047,794047,29219,7320,15.535292863845823,4,I200_INPUT_007_3d0037dee3,ok,87
2,0.6695692075623406,13.56707763671875,8.396892547607422,10.981985092163086,13.56707763671875,16.925947189331055,10.729734420776367,-0.9111037850379944,-0.2009487450122833,0.3685519434561435,0.4551575011322932,0.7185355424880981,3869,14.265899658203123,9.25612735748291,596,31.94990348815918,18.377479553222656,4518,11.931510925292969,7.209449291229248,0.0,1.0,0.2225409836065573,0.4396174863387978,0.6240437158469946,0.3590163934426229,0.6778688524590164,0.8635245901639345,0.7321006059646606,N200_O4_I200_INPUT_008_9f0d2de734,NESTED_INNER_SCREEN,adaptive_resnet,ppg_zscore,15.0,none,multitask,multitask,jitter_scale,none,271832,794047,794047,29219,7320,15.504712343215942,4,I200_INPUT_008_9f0d2de734,ok,88
5,0.6159875827287536,13.335186958312988,8.216822624206543,10.776004791259766,13.335186958312988,16.783620834350586,10.72370433807373,-0.939221978187561,-1.5946671962738037,0.3883927481136308,0.4722918374716198,0.7047768831253052,3869,13.928947448730469,8.18458080291748,596,31.113019943237305,18.89508438110352,4518,11.607309341430664,6.358080863952637,0.0067114093959731,1.0,0.2355191256830601,0.4468579234972678,0.6355191256830601,0.3862021857923497,0.6825136612021858,0.8650273224043716,0.7085989713668823,N200_O4_I200_INPUT_009_c7601107b8,NESTED_INNER_SCREEN,adaptive_resnet,ppg_zscore,10.0,raw__fusion+scale,multitask,multitask,jitter_scale,none,271832,810175,810175,29219,7320,11.77120280265808,4,I200_INPUT_009_c7601107b8,ok,89
4,0.6410251407841452,13.70303440093994,8.19538402557373,10.949209213256836,13.70303440093994,17.2432918548584,10.798372268676758,-2.97087025642395,-1.9418712854385376,0.3610326532718272,0.469915014183602,0.7141890525817871,3869,13.694698333740234,7.811075210571289,596,32.54397964477539,19.1978759765625,4518,11.61586093902588,6.067377090454102,0.0268456375838926,0.9998512790005948,0.224863387978142,0.4430327868852459,0.6274590163934426,0.3915300546448087,0.6956284153005464,0.8581967213114754,0.7102470993995667,N200_O4_I200_INPUT_010_231d30bd00,NESTED_INNER_SCREEN,adaptive_resnet,ppg_zscore,10.0,bandpass_robust__fusion,multitask,multitask,jitter_scale,none,271832,809791,809791,29219,7320,11.727698802947998,4,I200_INPUT_010_231d30bd00,ok,90
5,0.6355334052852556,13.709991455078123,8.281234741210938,10.995613098144531,13.709991455078123,17.34271240234375,10.933501243591309,-4.3825297355651855,-2.7514214515686035,0.3853635500042146,0.475834530748448,0.7178537845611572,3869,13.347761154174805,7.586826324462891,596,34.232688903808594,19.69132804870605,4518,11.333540916442873,5.845426082611084,0.0,1.0,0.2360655737704918,0.4423497267759563,0.6226775956284153,0.3885245901639344,0.6890710382513662,0.8586065573770492,0.7083057761192322,N200_O4_I200_INPUT_011_adc5468579,NESTED_INNER_SCREEN,adaptive_resnet,ppg_bandpass,5.0,none,multitask,multitask,jitter_scale,none,271832,794047,794047,29219,7320,7.854730606079102,4,I200_INPUT_011_adc5468579,ok,91
5,0.6291459140434764,13.727231979370115,8.298919677734375,11.013075828552246,13.727231979370115,17.44894790649414,10.994731903076172,-4.890163898468018,-3.0085484981536865,0.3898956827714158,0.4771274394615284,0.719050407409668,3869,13.190086364746094,7.484660148620605,596,34.43864822387695,19.87337875366211,4518,11.17759132385254,5.778812408447266,0.0,1.0,0.2368852459016393,0.4472677595628415,0.6225409836065574,0.3959016393442623,0.6886612021857923,0.8558743169398907,0.7070692777633667,N200_O4_I200_INPUT_012_69e7b3b71a,NESTED_INNER_SCREEN,adaptive_resnet,ppg_bandpass,10.0,none,multitask,multitask,jitter_scale,none,271832,794047,794047,29219,7320,11.68575644493103,4,I200_INPUT_012_69e7b3b71a,ok,92
2,0.6720909904810338,13.661008834838867,8.391386985778809,11.02619743347168,13.661008834838867,16.984907150268555,10.877862930297852,0.1593480557203292,-1.5028419494628906,0.3573252605936169,0.4480857850494824,0.7209377288818359,3869,14.803117752075195,8.572484970092773,596,31.34507369995117,19.73758888244629,4518,12.3667573928833,6.463698863983154,0.0,1.0,0.2172131147540983,0.4323770491803279,0.6203551912568306,0.3662568306010929,0.678415300546448,0.8605191256830601,0.7307463884353638,N200_O4_I200_INPUT_013_8621741f8c,NESTED_INNER_SCREEN,adaptive_resnet,ppg_bandpass,15.0,none,multitask,multitask,jitter_scale,none,271832,794047,794047,29219,7320,14.47410488128662,4,I200_INPUT_013_8621741f8c,ok,93
5,0.6213140380538367,13.499764442443848,8.403592109680176,10.951678276062012,13.499764442443848,16.98094367980957,10.968329429626465,-1.4915703535079956,-1.9681098461151123,0.366786123222637,0.4438805158213744,0.7169253826141357,3869,13.972004890441896,8.250494003295898,596,32.468284606933594,20.16869163513184,4518,11.572229385375977,6.199923515319824,0.0016778523489932,1.0,0.2256830601092896,0.4469945355191256,0.6312841530054645,0.3736338797814207,0.6797814207650273,0.855327868852459,0.7186772227287292,N200_O4_I200_INPUT_014_cfcb3bf74d,NESTED_INNER_SCREEN,adaptive_resnet,ppg_bandpass,10.0,raw__fusion+scale,multitask,multitask,jitter_scale,none,271832,810175,810175,29219,7320,11.683859825134276,4,I200_INPUT_014_cfcb3bf74d,ok,94
5,0.6353010174885295,13.48067569732666,8.301309585571289,10.890993118286133,13.48067569732666,16.816452026367188,10.834370613098145,-0.692370593547821,-1.6854227781295776,0.3821369923892156,0.4574413354642735,0.712257444858551,3869,14.162552833557127,8.074664115905762,596,30.307689666748047,18.79926109313965,4518,11.982019424438477,6.320770740509033,0.0335570469798657,0.9998512790005948,0.2260928961748634,0.4398907103825136,0.6278688524590164,0.3808743169398907,0.6886612021857923,0.8528688524590164,0.7147305011749268,N200_O4_I200_INPUT_015_ba8c801495,NESTED_INNER_SCREEN,adaptive_resnet,ppg_bandpass,10.0,bandpass_robust__fusion,multitask,multitask,jitter_scale,none,271832,809791,809791,29219,7320,11.699191570281982,4,I200_INPUT_015_ba8c801495,ok,95
1,0.6932404115309123,13.723400115966797,8.169498443603516,10.946449279785156,13.723400115966797,17.094602584838867,10.614080429077148,-1.8515509366989136,-0.424995869398117,0.3625489266909741,0.4740594609563565,0.7137117385864258,3869,14.01480197906494,8.536409378051758,596,31.171491622924805,16.99518394470215,4518,11.850067138671877,6.906489372253418,0.0,1.0,0.2180327868852459,0.4362021857923497,0.6172131147540983,0.3844262295081967,0.690983606557377,0.8658469945355192,0.719455361366272,N200_O4_I200_INPUT_016_7380fb2f5d,NESTED_INNER_SCREEN,adaptive_resnet,derivatives,5.0,none,multitask,multitask,jitter_scale,none,271832,796159,796159,29219,7320,4.707279205322266,4,I200_INPUT_016_7380fb2f5d,ok,96
1,0.6916986353257123,13.63525104522705,8.233051300048828,10.93415069580078,13.63525104522705,16.967815399169922,10.581719398498535,-1.1692559719085691,0.7856602072715759,0.3707608013059764,0.4817048795716342,0.7138175964355469,3869,14.120165824890137,9.228004455566406,596,30.29096984863281,15.677364349365234,4518,11.954507827758787,7.592140197753906,0.0,1.0,0.2187158469945355,0.4396174863387978,0.6206284153005465,0.3775956284153005,0.6819672131147541,0.8613387978142076,0.7272598743438721,N200_O4_I200_INPUT_017_279ffe5338,NESTED_INNER_SCREEN,adaptive_resnet,derivatives,10.0,none,multitask,multitask,jitter_scale,none,271832,796159,796159,29219,7320,6.989183187484741,4,I200_INPUT_017_279ffe5338,ok,97
1,0.6912665947589999,13.665605545043944,8.117535591125488,10.891571044921877,13.665605545043944,17.024871826171875,10.536144256591797,-2.0510034561157227,-0.4123194515705108,0.3730960721181526,0.4847736066881659,0.7099962830543518,3869,13.877604484558104,8.501132011413574,596,31.22598648071289,16.757991790771484,4518,11.753808975219728,6.87937068939209,0.0,1.0,0.2163934426229508,0.4390710382513661,0.6189890710382514,0.3842896174863388,0.694672131147541,0.8666666666666667,0.7153538465499878,N200_O4_I200_INPUT_018_062ba085b7,NESTED_INNER_SCREEN,adaptive_resnet,derivatives,15.0,none,multitask,multitask,jitter_scale,none,271832,796159,796159,29219,7320,10.805259704589844,4,I200_INPUT_018_062ba085b7,ok,98
1,0.6794684451389936,13.512778282165527,8.200839042663574,10.85680866241455,13.512778282165527,16.850311279296875,10.583757400512695,-0.3520433008670807,0.4184486269950866,0.3813202137883867,0.4793183598312706,0.7090932130813599,3869,14.19216537475586,8.98898696899414,596,29.68044090270996,16.176971435546875,4518,11.942246437072754,7.392670631408691,0.0,1.0,0.2274590163934426,0.4357923497267759,0.6192622950819672,0.3807377049180327,0.6901639344262295,0.8581967213114754,0.721804141998291,N200_O4_I200_INPUT_019_a4fd9a28a2,NESTED_INNER_SCREEN,adaptive_resnet,derivatives,10.0,raw__fusion+scale,multitask,multitask,jitter_scale,none,271832,812287,812287,29219,7320,7.013226747512817,4,I200_INPUT_019_a4fd9a28a2,ok,99
1,0.6783812782343697,13.515304565429688,8.087028503417969,10.801166534423828,13.515304565429688,16.813838958740234,10.450069427490234,-1.192644119262695,0.0309378206729888,0.3888656005774834,0.4960005037318197,0.7045632004737854,3869,13.91857624053955,8.666109085083008,596,30.205366134643555,16.5386962890625,4518,11.78378200531006,7.048210144042969,0.0,1.0,0.2233606557377049,0.4385245901639344,0.6222677595628415,0.3778688524590164,0.6991803278688524,0.8698087431693989,0.7132324576377869,N200_O4_I200_INPUT_020_1f340aac23,NESTED_INNER_SCREEN,adaptive_resnet,derivatives,10.0,bandpass_robust__fusion,multitask,multitask,jitter_scale,none,271832,811903,811903,29219,7320,6.985573530197144,4,I200_INPUT_020_1f340aac23,ok,100
2,0.6447593893101012,13.483039855957031,8.280782699584961,10.881911277770996,13.483039855957031,16.82894515991211,10.690852165222168,-0.4550208449363708,-0.7221706509590149,0.3793577384781709,0.4632712817761535,0.711493730545044,3869,14.244935989379885,8.77658748626709,596,30.86229515075684,18.38566398620605,4518,11.952637672424316,6.821461200714111,0.0,1.0,0.2314207650273224,0.4404371584699453,0.6217213114754099,0.369535519125683,0.6870218579234972,0.8629781420765027,0.7218266725540161,N200_O4_I200_INPUT_021_338dce3019,NESTED_INNER_SCREEN,adaptive_resnet,derivatives_zscore,5.0,none,multitask,multitask,jitter_scale,none,271832,796159,796159,29219,7320,6.281039476394653,4,I200_INPUT_021_338dce3019,ok,101
2,0.6421153759644702,13.499800682067873,8.235837936401367,10.86781883239746,13.499800682067873,16.807207107543945,10.695982933044434,-0.3382617533206939,-1.2681604623794556,0.3818936384222211,0.4714505692060246,0.7101452946662903,3869,14.295671463012695,8.465737342834473,596,30.573898315429688,18.725780487060547,4518,12.025480270385742,6.5091962814331055,0.0,1.0,0.2275956284153005,0.4342896174863388,0.6213114754098361,0.3775956284153005,0.6971311475409836,0.8631147540983607,0.7180284261703491,N200_O4_I200_INPUT_022_8b92050fae,NESTED_INNER_SCREEN,adaptive_resnet,derivatives_zscore,10.0,none,multitask,multitask,jitter_scale,none,271832,796159,796159,29219,7320,9.35776710510254,4,I200_INPUT_022_8b92050fae,ok,102
2,0.640831790328805,13.475452423095703,8.24432373046875,10.859888076782228,13.475452423095703,16.808530807495117,10.646927833557127,-0.7233949303627014,-0.8647510409355164,0.3832583454152913,0.4771099722369329,0.7098079919815063,3869,14.142147064208984,8.740886688232422,596,31.07614517211914,18.581619262695312,4518,11.875247955322266,6.692362308502197,0.0,1.0,0.2229508196721311,0.4405737704918033,0.6248633879781421,0.3724043715846994,0.6890710382513662,0.8618852459016394,0.7194835543632507,N200_O4_I200_INPUT_023_c865cfb797,NESTED_INNER_SCREEN,adaptive_resnet,derivatives_zscore,15.0,none,multitask,multitask,jitter_scale,none,271832,796159,796159,29219,7320,14.502676725387571,4,I200_INPUT_023_c865cfb797,ok,103
2,0.6379052572001039,13.440083503723145,8.166728019714355,10.80340576171875,13.440083503723145,16.743759155273438,10.680275917053224,0.0590869672596454,-1.4965057373046875,0.3932275167384636,0.4768533559060194,0.7056829929351807,3869,14.246317863464355,8.205409049987793,596,29.348386764526367,18.568449020385746,4518,12.053726196289062,6.406946182250977,0.0,1.0,0.2252732240437158,0.440983606557377,0.6237704918032787,0.3868852459016393,0.6994535519125683,0.8583333333333333,0.7117061018943787,N200_O4_I200_INPUT_024_29fd0c2123,NESTED_INNER_SCREEN,adaptive_resnet,derivatives_zscore,10.0,raw__fusion+scale,multitask,multitask,jitter_scale,none,271832,812287,812287,29219,7320,9.387012958526611,4,I200_INPUT_024_29fd0c2123,ok,104
1,0.6790287042754928,13.468578338623049,8.118228912353516,10.79340362548828,13.468578338623049,16.726898193359375,10.460317611694336,-0.6410952210426331,0.1587020456790924,0.395134156435121,0.4948215412872551,0.7045187950134277,3869,14.012821197509766,8.778731346130371,596,29.623931884765625,16.383501052856445,4518,11.909139633178713,7.166118144989014,0.0,1.0,0.2236338797814207,0.4334699453551912,0.6211748633879781,0.376639344262295,0.6975409836065574,0.8693989071038252,0.7149956226348877,N200_O4_I200_INPUT_025_53d946abe9,NESTED_INNER_SCREEN,adaptive_resnet,derivatives_zscore,10.0,bandpass_robust__fusion,multitask,multitask,jitter_scale,none,271832,811903,811903,29219,7320,7.016855001449585,4,I200_INPUT_025_53d946abe9,ok,105
2,0.641602143353107,13.496315956115724,8.226036071777344,10.861175537109377,13.496315956115724,16.856351852416992,10.647906303405762,-1.4285327196121216,-0.6692363023757935,0.3827415138390588,0.4722174992467487,0.7096517086029053,3869,14.061046600341797,8.81897258758545,596,31.86773109436035,18.30782127380371,4518,11.755739212036133,6.801015853881836,0.0,1.0,0.2255464480874316,0.4403005464480874,0.6248633879781421,0.3751366120218579,0.6956284153005464,0.8636612021857923,0.7195888757705688,N200_O4_I200_INPUT_026_9498731ddb,NESTED_INNER_SCREEN,adaptive_resnet,multiview,5.0,none,multitask,multitask,jitter_scale,none,271832,798271,798271,29219,7320,6.27310848236084,4,I200_INPUT_026_9498731ddb,ok,106
1,0.6854223036298565,13.746204376220703,8.103935241699219,10.92506980895996,13.746204376220703,17.15877914428711,10.495784759521484,-2.610471248626709,-0.3964765965938568,0.3649527554368871,0.4898852394148921,0.7116987109184265,3869,13.88482666015625,8.560258865356445,596,32.048545837402344,17.103046417236328,4518,11.730986595153809,6.856810569763184,0.0,1.0,0.2153005464480874,0.4331967213114754,0.6166666666666667,0.3815573770491803,0.6978142076502732,0.8692622950819672,0.7172785997390747,N200_O4_I200_INPUT_027_7c2f1494bf,NESTED_INNER_SCREEN,adaptive_resnet,multiview,10.0,none,multitask,multitask,jitter_scale,none,271832,798271,798271,29219,7320,6.983427286148071,4,I200_INPUT_027_7c2f1494bf,ok,107
2,0.6376464756485684,13.53874969482422,8.266178131103516,10.902463912963867,13.53874969482422,16.89539337158203,10.657716751098633,-1.7175815105438232,-0.3055316507816314,0.381250066635971,0.4653609009472474,0.7124601602554321,3869,14.004438400268556,9.000510215759277,596,31.923582077026367,17.798477172851562,4518,11.732885360717772,7.054605484008789,0.0,1.0,0.2229508196721311,0.4390710382513661,0.6239071038251366,0.371448087431694,0.6879781420765028,0.8603825136612022,0.7231343984603882,N200_O4_I200_INPUT_028_b8f71c13b6,NESTED_INNER_SCREEN,adaptive_resnet,multiview,15.0,none,multitask,multitask,jitter_scale,none,271832,798271,798271,29219,7320,14.497475624084473,4,I200_INPUT_028_b8f71c13b6,ok,108
2,0.6351849705565209,13.563286781311035,8.218745231628418,10.891016006469728,13.563286781311035,16.883726119995117,10.74492645263672,-0.3232646584510803,-1.4652525186538696,0.3729363305743244,0.4663723277297321,0.7112283706665039,3869,14.360239028930664,8.292095184326172,596,30.54469490051269,18.87991714477539,4518,12.064447402954102,6.399178981781006,0.0,1.0,0.2239071038251366,0.4370218579234973,0.6200819672131147,0.3845628415300546,0.6989071038251367,0.8579234972677595,0.717536985874176,N200_O4_I200_INPUT_029_742823fdbc,NESTED_INNER_SCREEN,adaptive_resnet,multiview,10.0,raw__fusion+scale,multitask,multitask,jitter_scale,none,271832,814399,814399,29219,7320,9.390034437179564,4,I200_INPUT_029_742823fdbc,ok,109
2,0.6338122639001584,13.39971160888672,8.192959785461426,10.796335220336914,13.39971160888672,16.711742401123047,10.784518241882324,-0.897386372089386,-2.126316785812378,0.3992707964893976,0.4771728746799058,0.7056152820587158,3869,14.000535011291504,7.843089580535889,596,29.902740478515625,18.957733154296875,4518,11.823623657226562,6.093068599700928,0.0,1.0,0.2306010928961748,0.4442622950819672,0.6230874316939891,0.3954918032786885,0.6976775956284152,0.8614754098360655,0.7062767744064331,N200_O4_I200_INPUT_030_149402bc2e,NESTED_INNER_SCREEN,adaptive_resnet,multiview,10.0,bandpass_robust__fusion,multitask,multitask,jitter_scale,none,271832,814015,814015,29219,7320,9.38048768043518,4,I200_INPUT_030_149402bc2e,ok,110
2,0.6470148828294542,13.49773406982422,8.238558769226074,10.868146896362305,13.49773406982422,16.826780319213867,10.671012878417969,-0.713750958442688,-0.9221829175949096,0.3813455768580668,0.4687044637611138,0.7101975679397583,3869,14.15358066558838,8.63191032409668,596,30.84733772277832,18.459362030029297,4518,11.892627716064451,6.716439723968506,0.0,1.0,0.2270491803278688,0.439207650273224,0.6245901639344262,0.3707650273224043,0.6905737704918032,0.8636612021857923,0.7187542915344238,N200_O4_I200_INPUT_031_5ea2002166,NESTED_INNER_SCREEN,adaptive_resnet,multiview_zscore,5.0,none,multitask,multitask,jitter_scale,none,271832,798271,798271,29219,7320,6.2886576652526855,4,I200_INPUT_031_5ea2002166,ok,111
2,0.6431259045413896,13.436934471130373,8.272833824157715,10.854884147644045,13.436934471130373,16.78541374206543,10.630762100219728,-0.9285093545913696,0.1860107481479644,0.3879466627880869,0.4704237820752345,0.7098841667175293,3869,14.05806827545166,9.323846817016602,596,30.932308197021484,17.603282928466797,4518,11.79314422607422,7.327116012573242,0.0,1.0,0.2295081967213114,0.4408469945355191,0.6282786885245901,0.3670765027322404,0.6846994535519125,0.8663934426229508,0.7248445749282837,N200_O4_I200_INPUT_032_40fabb3eb3,NESTED_INNER_SCREEN,adaptive_resnet,multiview_zscore,10.0,none,multitask,multitask,jitter_scale,none,271832,798271,798271,29219,7320,9.483790159225464,4,I200_INPUT_032_40fabb3eb3,ok,112
1,0.6859231423708348,13.546149253845217,8.117743492126465,10.83194637298584,13.546149253845217,16.92849349975586,10.607351303100586,-2.1386523246765137,-1.203097224235535,0.3843190075522241,0.4827716358430332,0.7066667079925537,3869,13.75404930114746,8.16081428527832,596,31.657175064086918,17.885971069335938,4518,11.632194519042969,6.4811692237854,0.0,1.0,0.2252732240437158,0.4433060109289617,0.6259562841530054,0.3915300546448087,0.6937158469945355,0.8669398907103825,0.7085543274879456,N200_O4_I200_INPUT_033_d25c2b353f,NESTED_INNER_SCREEN,adaptive_resnet,multiview_zscore,15.0,none,multitask,multitask,jitter_scale,none,271832,798271,798271,29219,7320,19.996280908584595,4,I200_INPUT_033_d25c2b353f,ok,113
2,0.6383632581218396,13.48045253753662,8.185924530029297,10.833189010620115,13.48045253753662,16.73940086364746,10.643521308898926,0.7347180247306824,-1.0970715284347534,0.3929900869535062,0.4766797878434238,0.7075870037078857,3869,14.571517944335938,8.50992202758789,596,29.23887062072754,18.52556037902832,4518,12.30243968963623,6.577599048614502,0.0,1.0,0.2193989071038251,0.4397540983606557,0.6203551912568306,0.3789617486338797,0.696448087431694,0.8622950819672132,0.7184832096099854,N200_O4_I200_INPUT_034_2d526e3812,NESTED_INNER_SCREEN,adaptive_resnet,multiview_zscore,10.0,raw__fusion+scale,multitask,multitask,jitter_scale,none,271832,814399,814399,29219,7320,18.173004150390625,4,I200_INPUT_034_2d526e3812,ok,114
1,0.6780571914186665,13.391277313232422,8.185635566711426,10.788455963134766,13.391277313232422,16.69014549255371,10.49237823486328,-1.3006820678710938,0.5885087847709656,0.4030766200715245,0.4919123931580244,0.7050834894180298,3869,13.820302963256836,9.157594680786133,596,30.44179916381836,15.881190299987791,4518,11.705041885375977,7.482511043548584,0.0,1.0,0.2241803278688524,0.4426229508196721,0.6288251366120219,0.3710382513661202,0.6871584699453552,0.8666666666666667,0.7179030179977417,N200_O4_I200_INPUT_035_9c2e6f8e53,NESTED_INNER_SCREEN,adaptive_resnet,multiview_zscore,10.0,bandpass_robust__fusion,multitask,multitask,jitter_scale,none,271832,814015,814015,29219,7320,13.691144943237305,4,I200_INPUT_035_9c2e6f8e53,ok,115
1,0.6980670593143289,13.639226913452148,8.216727256774902,10.927976608276367,13.639226913452148,17.018253326416016,10.73263931274414,-1.9884018898010252,-1.726096749305725,0.3684323966572635,0.4796018524284191,0.7132688164710999,3869,13.99789333343506,8.10382080078125,596,32.63619613647461,19.34811210632324,4518,11.679381370544434,6.164952278137207,0.0,1.0,0.2183060109289617,0.4368852459016393,0.6185792349726776,0.3851092896174863,0.6908469945355191,0.8665300546448087,0.7146334052085876,N200_O4_I200_INPUT_036_fba8cae0d1,NESTED_INNER_SCREEN,adaptive_resnet,multiscale7,5.0,none,multitask,multitask,jitter_scale,none,271832,800383,800383,29219,7320,9.172662019729614,4,I200_INPUT_036_fba8cae0d1,ok,116
2,0.643101328338673,13.521638870239258,8.238851547241211,10.880245208740234,13.521638870239258,16.94152069091797,10.708488464355469,-1.937657594680786,-1.5335384607315063,0.3781409069514625,0.4845796315421031,0.7108773589134216,3869,13.87107276916504,8.356358528137207,596,32.54634094238281,19.490205764770508,4518,11.57572078704834,6.2708659172058105,0.0,1.0,0.2247267759562841,0.4381147540983606,0.6275956284153006,0.3755464480874317,0.6956284153005464,0.8651639344262295,0.7145059108734131,N200_O4_I200_INPUT_037_3faa50799a,NESTED_INNER_SCREEN,adaptive_resnet,multiscale7,10.0,none,multitask,multitask,jitter_scale,none,271832,800383,800383,29219,7320,18.19930410385132,4,I200_INPUT_037_3faa50799a,ok,117
2,0.640684640095904,13.412849426269531,8.132477760314941,10.772663116455078,13.412849426269531,16.6839656829834,10.541128158569336,-0.0210806764662265,-0.6463761925697327,0.3972530426870902,0.4885974176579721,0.7035374641418457,3869,14.3236083984375,8.707507133483887,596,29.894737243652344,18.001296997070312,4518,12.064373970031738,6.744602680206299,0.0,1.0,0.2226775956284153,0.4408469945355191,0.6245901639344262,0.3800546448087432,0.6976775956284152,0.8670765027322405,0.7157109975814819,N200_O4_I200_INPUT_038_a17876eb01,NESTED_INNER_SCREEN,adaptive_resnet,multiscale7,15.0,none,multitask,multitask,jitter_scale,none,271832,800383,800383,29219,7320,28.76731753349304,4,I200_INPUT_038_a17876eb01,ok,118
1,0.6869212556508631,13.42380714416504,8.148037910461426,10.78592300415039,13.42380714416504,16.826080322265625,10.599364280700684,-1.5011838674545288,-0.9395666718482972,0.3881396748660329,0.4798887882929845,0.7044726610183716,3869,13.823434829711914,8.430657386779785,596,31.4184627532959,18.175268173217773,4518,11.56254768371582,6.610716342926025,0.0,1.0,0.2312841530054644,0.4404371584699453,0.6273224043715847,0.3864754098360656,0.6931693989071038,0.8644808743169399,0.7101204991340637,N200_O4_I200_INPUT_039_36ff63e07a,NESTED_INNER_SCREEN,adaptive_resnet,multiscale7,10.0,raw__fusion+scale,multitask,multitask,jitter_scale,none,271832,816511,816511,29219,7320,13.760686874389648,4,I200_INPUT_039_36ff63e07a,ok,119
1,0.6835897128566418,13.428910255432127,8.214942932128906,10.82192611694336,13.428910255432127,16.69956398010254,10.48220157623291,-0.3758193850517273,0.9072606563568116,0.3963839959218305,0.4966585201576301,0.7073197364807129,3869,14.087635040283203,9.257953643798828,596,29.79932975769043,15.759382247924805,4518,11.931696891784668,7.62247896194458,0.0,1.0,0.2289617486338797,0.4375683060109289,0.6241803278688525,0.3603825136612021,0.687431693989071,0.8651639344262295,0.7224618792533875,N200_O4_I200_INPUT_040_ddb7bd5c56,NESTED_INNER_SCREEN,adaptive_resnet,multiscale7,10.0,bandpass_robust__fusion,multitask,multitask,jitter_scale,none,271832,816127,816127,29219,7320,13.657265186309814,4,I200_INPUT_040_ddb7bd5c56,ok,120
2,0.5822940262314541,13.539789199829102,8.208271980285645,10.874031066894531,13.539789199829102,16.76907730102539,10.665555000305176,0.9686339497566224,-1.216213583946228,0.389957818804921,0.4742245457532957,0.7101484537124634,3869,14.717860221862791,8.41557788848877,596,29.042329788208008,18.266334533691406,4518,12.426921844482422,6.541311264038086,0.0,1.0,0.2243169398907104,0.4311475409836066,0.6135245901639345,0.3786885245901639,0.690983606557377,0.8599726775956285,0.7204732298851013,N200_O4_I200_OBJECTIVE_001_8e3d08f02d,NESTED_INNER_SCREEN,adaptive_resnet,derivatives_zscore,5.0,none,direct,huber,jitter_scale,none,271832,924663,924663,29219,7320,10.244749069213867,4,I200_OBJECTIVE_001_8e3d08f02d,ok,121
1,0.5193837851870293,13.625505447387695,8.202361106872559,10.913932800292969,13.625505447387695,16.97391700744629,10.610441207885742,-2.0578553676605225,-0.7939088344573975,0.3759998457914147,0.4766942674532117,0.7123047113418579,3869,13.89500617980957,8.418007850646973,596,31.880571365356445,17.270648956298828,4518,11.711752891540527,6.7529730796813965,0.0,1.0,0.2204918032786885,0.4340163934426229,0.6221311475409836,0.3815573770491803,0.6877049180327869,0.8676229508196721,0.7163666486740112,N200_O4_I200_OBJECTIVE_002_b9d410edf4,NESTED_INNER_SCREEN,adaptive_resnet,derivatives_zscore,5.0,none,direct,huber,jitter_scale,none,271832,924663,924663,29219,7320,7.764052629470825,4,I200_OBJECTIVE_002_b9d410edf4,ok,122
3,0.3276941047774421,13.608864784240724,8.21514892578125,10.912006378173828,13.608864784240724,16.971073150634766,10.794310569763184,-2.627571582794189,-2.498981714248657,0.3866563138518026,0.4880329221357449,0.7123565673828125,3869,13.767016410827637,7.545520305633545,596,32.36447525024414,19.173715591430664,4518,11.581449508666992,5.89340877532959,0.0,1.0,0.2209016393442623,0.4390710382513661,0.6224043715846994,0.3863387978142076,0.6904371584699454,0.8635245901639345,0.7066943049430847,N200_O4_I200_OBJECTIVE_003_5710b00acb,NESTED_INNER_SCREEN,adaptive_resnet,derivatives_zscore,5.0,none,direct,huber,jitter_scale,none,271832,924663,924663,29219,7320,12.842472076416016,4,I200_OBJECTIVE_003_5710b00acb,ok,123
1,0.7361762434049369,13.695247650146484,8.209247589111328,10.952247619628906,13.695247650146484,17.064804077148438,10.657669067382812,-2.123060703277588,-1.2632291316986084,0.3651126705539962,0.4760569577898592,0.7145318984985352,3869,13.888813972473145,8.188403129577637,596,32.147010803222656,17.951313018798828,4518,11.695632934570312,6.517731189727783,0.0,1.0,0.2203551912568306,0.4306010928961749,0.6210382513661202,0.3807377049180327,0.6893442622950819,0.8699453551912568,0.7156734466552734,N200_O4_I200_OBJECTIVE_004_917d419812,NESTED_INNER_SCREEN,adaptive_resnet,derivatives_zscore,5.0,none,direct,l1,jitter_scale,none,271832,924663,924663,29219,7320,7.6476709842681885,4,I200_OBJECTIVE_004_917d419812,ok,124
2,0.3026434122736937,13.488120079040527,8.260198593139648,10.87415885925293,13.488120079040527,16.74970817565918,10.658992767333984,0.1808605045080185,-0.7036517858505249,0.3891008552385787,0.4677049059046073,0.7108036279678345,3869,14.493104934692385,8.725104331970215,596,30.07440948486328,17.77988052368164,4518,12.169260025024414,6.840651988983154,0.0,1.0,0.2269125683060109,0.4352459016393442,0.617896174863388,0.3699453551912568,0.6886612021857923,0.8618852459016394,0.722522497177124,N200_O4_I200_OBJECTIVE_005_454f97e50c,NESTED_INNER_SCREEN,adaptive_resnet,derivatives_zscore,5.0,none,direct,logcosh,jitter_scale,none,271832,924663,924663,29219,7320,10.248730421066284,4,I200_OBJECTIVE_005_454f97e50c,ok,125
1,0.5334155791335635,13.631843566894531,8.219482421875,10.925662994384766,13.631843566894531,16.970020294189453,10.673325538635254,-1.8403412103652956,-1.1085466146469116,0.3746241042262038,0.4733702521500907,0.7131738662719727,3869,13.901989936828612,8.226151466369629,596,31.264373779296875,17.379615783691406,4518,11.793423652648926,6.638471603393555,0.0,1.0,0.2207650273224043,0.4322404371584699,0.6204918032786885,0.3844262295081967,0.6830601092896175,0.8658469945355192,0.7151284217834473,N200_O4_I200_OBJECTIVE_006_dd07db37de,NESTED_INNER_SCREEN,adaptive_resnet,derivatives_zscore,5.0,none,direct,huber_ccc,jitter_scale,none,271832,924663,924663,29219,7320,7.742339372634888,4,I200_OBJECTIVE_006_dd07db37de,ok,126
2,0.5160333031143238,13.53163719177246,8.29808521270752,10.914861679077148,13.53163719177246,16.806018829345703,10.80419635772705,-0.074007362127304,-1.694037914276123,0.3820270992118326,0.4619294178448165,0.7135511636734009,3869,14.370516777038574,8.207935333251953,596,30.001747131347656,18.609331130981445,4518,12.129631042480469,6.3965840339660645,0.0,1.0,0.2228142076502732,0.4334699453551912,0.6185792349726776,0.3754098360655737,0.6853825136612022,0.8573770491803279,0.7185003757476807,N200_O4_I200_OBJECTIVE_007_820ae3c4e9,NESTED_INNER_SCREEN,adaptive_resnet,derivatives_zscore,5.0,none,direct,huber_ccc,jitter_scale,none,271832,924663,924663,29219,7320,10.044060230255129,4,I200_OBJECTIVE_007_820ae3c4e9,ok,127
2,0.5460221596013487,13.484870910644531,8.341650009155273,10.913260459899902,13.484870910644531,16.74897575378418,10.870118141174316,-0.2636706531047821,-2.013578414916992,0.3891612874557714,0.4601147933278982,0.7140053510665894,3869,14.331889152526855,8.125456809997559,596,30.0540771484375,19.00248146057129,4518,12.106266975402832,6.263206481933594,0.0,1.0,0.2240437158469945,0.4330601092896174,0.6213114754098361,0.376775956284153,0.6859289617486338,0.8543715846994535,0.7177376747131348,N200_O4_I200_OBJECTIVE_008_41b568d00c,NESTED_INNER_SCREEN,adaptive_resnet,derivatives_zscore,5.0,none,direct,huber_ccc,jitter_scale,none,271832,924663,924663,29219,7320,10.284972906112673,4,I200_OBJECTIVE_008_41b568d00c,ok,128
2,0.6060727359422671,13.537430763244627,8.32190227508545,10.92966651916504,13.537430763244627,16.818063735961914,10.85303020477295,0.6667680144309998,-1.8157984018325808,0.3855919578130051,0.4599874514256417,0.714675784111023,3869,14.517984390258787,8.137258529663086,596,28.408809661865234,18.22117805480957,4518,12.41273307800293,6.436400890350342,0.0,1.0,0.2263661202185792,0.4352459016393442,0.6177595628415301,0.3790983606557377,0.6860655737704918,0.8557377049180328,0.7196597456932068,N200_O4_I200_OBJECTIVE_009_ec1770bdaa,NESTED_INNER_SCREEN,adaptive_resnet,derivatives_zscore,5.0,none,direct,huber_ccc,jitter_scale,none,271832,924663,924663,29219,7320,10.291581869125366,4,I200_OBJECTIVE_009_ec1770bdaa,ok,129
2,0.5085721317849128,13.50613021850586,8.310835838317871,10.908483505249023,13.50613021850586,16.777000427246094,10.781230926513672,-0.3272515833377838,-1.5069268941879272,0.3856438974616206,0.4622213918121363,0.7133538126945496,3869,14.314669609069824,8.386212348937988,596,30.36526679992676,18.648820877075195,4518,12.06282901763916,6.457111835479736,0.0,1.0,0.2218579234972677,0.4337431693989071,0.6225409836065574,0.3717213114754098,0.6808743169398908,0.8583333333333333,0.7197638750076294,N200_O4_I200_OBJECTIVE_010_dd4ad80620,NESTED_INNER_SCREEN,adaptive_resnet,derivatives_zscore,5.0,none,direct,asymmetric_high,jitter_scale,none,271832,924663,924663,29219,7320,10.2244975566864,4,I200_OBJECTIVE_010_dd4ad80620,ok,130
1,0.5704645906008926,13.561222076416016,8.24170970916748,10.901466369628906,13.561222076416016,16.88518524169922,10.749082565307615,-1.70734703540802,-1.6355253458023071,0.3860057236309118,0.4764033747675928,0.7120989561080933,3869,13.786215782165527,7.889078140258789,596,30.2042293548584,17.213361740112305,4518,11.823686599731444,6.448554515838623,0.0083892617449664,0.9998512790005948,0.2233606557377049,0.4352459016393442,0.6228142076502732,0.3833333333333333,0.6814207650273224,0.8632513661202186,0.7101070880889893,N200_O4_I200_OBJECTIVE_011_9b92c429e0,NESTED_INNER_SCREEN,adaptive_resnet,derivatives_zscore,5.0,none,direct,asymmetric_high,jitter_scale,none,271832,924663,924663,29219,7320,7.648986101150513,4,I200_OBJECTIVE_011_9b92c429e0,ok,131
1,0.6899402312983095,13.630208969116213,8.235771179199219,10.932990074157717,13.630208969116213,16.94291877746582,10.67623233795166,-1.7974896430969238,-0.9616605639457704,0.3764507241101833,0.4726213067476906,0.7137866616249084,3869,13.964106559753418,8.29693603515625,596,31.390775680541992,17.034069061279297,4518,11.816676139831545,6.751213550567627,0.0,1.0,0.2173497267759563,0.4292349726775956,0.6203551912568306,0.3837431693989071,0.6815573770491803,0.8646174863387979,0.7167373299598694,N200_O4_I200_OBJECTIVE_012_8d558f4669,NESTED_INNER_SCREEN,adaptive_resnet,derivatives_zscore,5.0,none,direct,focal_huber,jitter_scale,none,271832,924663,924663,29219,7320,7.6667094230651855,4,I200_OBJECTIVE_012_8d558f4669,ok,132
2,0.7922640049379636,13.488761901855469,8.294207572937012,10.891485214233398,13.488761901855469,16.75668716430664,10.786088943481444,-0.2609115540981293,-1.5144203901290894,0.3883900868024411,0.4605338029096208,0.7121963500976562,3869,14.390525817871094,8.313100814819336,596,30.534366607666016,18.432706832885746,4518,12.073659896850586,6.493206024169922,0.0,1.0,0.2265027322404371,0.4314207650273224,0.6184426229508196,0.3758196721311475,0.6860655737704918,0.8554644808743169,0.7186868190765381,N200_O4_I200_OBJECTIVE_013_4ed9c24758,NESTED_INNER_SCREEN,adaptive_resnet,derivatives_zscore,5.0,none,direct,focal_huber,jitter_scale,none,271832,924663,924663,29219,7320,10.257060766220093,4,I200_OBJECTIVE_013_4ed9c24758,ok,133
1,0.5193837851870293,13.625505447387695,8.202361106872559,10.913932800292969,13.625505447387695,16.97391700744629,10.610441207885742,-2.0578553676605225,-0.7939088344573975,0.3759998457914147,0.4766942674532117,0.7123047113418579,3869,13.89500617980957,8.418007850646973,596,31.880571365356445,17.270648956298828,4518,11.711752891540527,6.7529730796813965,0.0,1.0,0.2204918032786885,0.4340163934426229,0.6221311475409836,0.3815573770491803,0.6877049180327869,0.8676229508196721,0.7163666486740112,N200_O4_I200_OBJECTIVE_014_3ef0b02db8,NESTED_INNER_SCREEN,adaptive_resnet,derivatives_zscore,5.0,none,direct,physiology_huber,jitter_scale,none,271832,924663,924663,29219,7320,7.672346353530884,4,I200_OBJECTIVE_014_3ef0b02db8,ok,134
1,0.5193837851870293,13.625505447387695,8.202361106872559,10.913932800292969,13.625505447387695,16.97391700744629,10.610441207885742,-2.0578553676605225,-0.7939088344573975,0.3759998457914147,0.4766942674532117,0.7123047113418579,3869,13.89500617980957,8.418007850646973,596,31.880571365356445,17.270648956298828,4518,11.711752891540527,6.7529730796813965,0.0,1.0,0.2204918032786885,0.4340163934426229,0.6221311475409836,0.3815573770491803,0.6877049180327869,0.8676229508196721,0.7163666486740112,N200_O4_I200_OBJECTIVE_015_61d5d1a3f3,NESTED_INNER_SCREEN,adaptive_resnet,derivatives_zscore,5.0,none,direct,physiology_huber,jitter_scale,none,271832,924663,924663,29219,7320,7.762914419174194,4,I200_OBJECTIVE_015_61d5d1a3f3,ok,135
2,0.5746375125607633,13.596929550170898,8.253801345825195,10.925365447998049,13.596929550170898,16.85712432861328,10.710891723632812,0.9646759629249572,-1.0746084451675415,0.3801982893503109,0.4645861502228353,0.7135855555534363,3869,14.713921546936035,8.482633590698242,596,28.778051376342773,17.843229293823242,4518,12.489068031311035,6.712170124053955,0.0,1.0,0.2241803278688524,0.4315573770491803,0.6169398907103825,0.376775956284153,0.687568306010929,0.8609289617486339,0.7237011194229126,N200_O4_I200_OBJECTIVE_016_d841344ee2,NESTED_INNER_SCREEN,adaptive_resnet,derivatives_zscore,5.0,none,clinical,huber,jitter_scale,none,271832,925183,925183,29219,7320,12.87329125404358,4,I200_OBJECTIVE_016_d841344ee2,ok,136
2,0.5105971596599405,13.50664520263672,8.338371276855469,10.922508239746094,13.50664520263672,16.787567138671875,10.838747024536133,-0.5615367889404297,-1.918354630470276,0.3855144492024958,0.4646189469208253,0.7144812941551208,3869,14.302328109741213,8.207971572875977,596,31.027006149291992,19.360286712646484,4518,11.973382949829102,6.247647762298584,0.0,1.0,0.2218579234972677,0.4308743169398907,0.6232240437158469,0.373087431693989,0.6841530054644809,0.8562841530054645,0.7187219858169556,N200_O4_I200_OBJECTIVE_017_381a27617c,NESTED_INNER_SCREEN,adaptive_resnet,derivatives_zscore,5.0,none,ordinal,huber,jitter_scale,none,271832,925183,925183,29219,7320,12.836936473846436,4,I200_OBJECTIVE_017_381a27617c,ok,137
2,0.578375459106919,13.492341995239258,8.355026245117188,10.923684120178224,13.492341995239258,16.79353904724121,10.922637939453123,-0.7326589226722717,-2.257357597351074,0.3852551092547162,0.4593329760766425,0.7147548198699951,3869,14.24708080291748,7.998997211456299,596,31.1103572845459,19.450529098510746,4518,11.941909790039062,6.152864456176758,0.0,1.0,0.2236338797814207,0.4363387978142076,0.6229508196721312,0.3775956284153005,0.6825136612021858,0.8527322404371585,0.7164293527603149,N200_O4_I200_OBJECTIVE_018_5c36d0c5e8,NESTED_INNER_SCREEN,adaptive_resnet,derivatives_zscore,5.0,none,multitask,multitask,jitter_scale,none,271832,924793,924793,29219,7320,10.363095045089722,4,I200_OBJECTIVE_018_5c36d0c5e8,ok,138
2,0.6477347277348338,13.506031036376951,8.30257511138916,10.904302597045898,13.506031036376951,16.79952049255371,10.846925735473633,-0.3756822645664215,-2.1063551902771,0.3828810041790557,0.466756736984352,0.7130171060562134,3869,14.30861759185791,8.02547836303711,596,30.548791885375977,19.220985412597656,4518,12.033019065856934,6.198365211486816,0.0,1.0,0.2233606557377049,0.4368852459016393,0.6240437158469946,0.3818306010928962,0.6860655737704918,0.8554644808743169,0.7158235907554626,N200_O4_I200_OBJECTIVE_019_66d7a8f534,NESTED_INNER_SCREEN,adaptive_resnet,derivatives_zscore,5.0,none,multitask,multitask,jitter_scale,none,271832,924793,924793,29219,7320,10.712378978729248,4,I200_OBJECTIVE_019_66d7a8f534,ok,139
2,0.7196515015527314,13.508201599121094,8.249162673950195,10.878682136535645,13.508201599121094,16.84183120727539,10.74658489227295,-0.6904876828193665,-1.5816627740859983,0.3791380208148058,0.4689196013558962,0.710918664932251,3869,14.182499885559082,8.262024879455566,596,30.90304183959961,18.864547729492188,4518,11.904332160949709,6.378625392913818,0.0,1.0,0.2274590163934426,0.4346994535519126,0.6248633879781421,0.3780054644808743,0.6896174863387978,0.8590163934426229,0.7157591581344604,N200_O4_I200_OBJECTIVE_020_34c60ebb0e,NESTED_INNER_SCREEN,adaptive_resnet,derivatives_zscore,5.0,none,multitask,multitask,jitter_scale,none,271832,924793,924793,29219,7320,10.40261435508728,4,I200_OBJECTIVE_020_34c60ebb0e,ok,140
1,0.6180766867656334,13.643321990966797,8.150666236877441,10.89699363708496,13.643321990966797,17.037782669067383,10.59327793121338,-2.613771677017212,-1.1846153736114502,0.3774774412919666,0.4842437533131952,0.7107129096984863,3869,13.73124885559082,8.166848182678223,596,32.46345901489258,17.645816802978516,4518,11.57667636871338,6.508305549621582,0.0,1.0,0.2202185792349726,0.4329234972677596,0.6244535519125683,0.383879781420765,0.691120218579235,0.8683060109289618,0.7114906907081604,N200_O4_I200_OBJECTIVE_021_82f0a5d7c2,NESTED_INNER_SCREEN,adaptive_resnet,multiview_zscore,10.0,none,direct,huber,jitter_scale,none,271832,926775,926775,29219,7320,13.016705989837646,4,I200_OBJECTIVE_021_82f0a5d7c2,ok,141
1,0.5177136799868416,13.768282890319824,8.15476131439209,10.961522102355955,13.768282890319824,17.2322998046875,10.591062545776367,-3.607381820678711,-1.131259202957153,0.3762912749941701,0.4845706188383352,0.7143701910972595,3869,13.552793502807615,8.175885200500488,596,33.234840393066406,17.398807525634766,4518,11.492027282714844,6.575495719909668,0.0,1.0,0.2204918032786885,0.4334699453551912,0.621448087431694,0.3834699453551912,0.6907103825136612,0.867896174863388,0.7130782604217529,N200_O4_I200_OBJECTIVE_022_e0b59285b3,NESTED_INNER_SCREEN,adaptive_resnet,multiview_zscore,10.0,none,direct,huber,jitter_scale,none,271832,926775,926775,29219,7320,13.058576107025146,4,I200_OBJECTIVE_022_e0b59285b3,ok,142
1,0.3695632338134292,13.647188186645508,8.166054725646973,10.906621932983398,13.647188186645508,17.004751205444336,10.545706748962402,-2.6878345012664795,-0.7798293232917786,0.3836751756511407,0.4861475049858436,0.7114429473876953,3869,13.71628189086914,8.367448806762695,596,32.113555908203125,17.0882511138916,4518,11.650420188903809,6.750741958618164,0.0,1.0,0.2200819672131147,0.4326502732240437,0.6241803278688525,0.3815573770491803,0.6885245901639344,0.8673497267759562,0.7139608860015869,N200_O4_I200_OBJECTIVE_023_5fff5c4908,NESTED_INNER_SCREEN,adaptive_resnet,multiview_zscore,10.0,none,direct,huber,jitter_scale,none,271832,926775,926775,29219,7320,13.018089294433594,4,I200_OBJECTIVE_023_5fff5c4908,ok,143
1,0.7370457006435768,13.694210052490234,8.217687606811523,10.95594882965088,13.694210052490234,17.095172882080078,10.584512710571287,-2.868606805801392,0.1142095774412155,0.3753288077626604,0.4838801700115272,0.7148440480232239,3869,13.758872032165527,8.688948631286621,596,32.61578750610352,15.88762664794922,4518,11.634538650512695,7.247629642486572,0.0,1.0,0.2192622950819672,0.4308743169398907,0.6222677595628415,0.3736338797814207,0.6862021857923497,0.8651639344262295,0.7200582027435303,N200_O4_I200_OBJECTIVE_024_ace6c807b9,NESTED_INNER_SCREEN,adaptive_resnet,multiview_zscore,10.0,none,direct,l1,jitter_scale,none,271832,926775,926775,29219,7320,12.119637966156006,4,I200_OBJECTIVE_024_ace6c807b9,ok,144
2,0.2997347648237266,13.484803199768066,8.302465438842773,10.893634796142578,13.484803199768066,16.757049560546875,10.63384246826172,0.5632525682449341,0.0556316003203392,0.3900278803695332,0.4677942244217897,0.7124195098876953,3869,14.494093894958496,9.163607597351074,596,29.29336929321289,16.830947875976562,4518,12.241079330444336,7.348414421081543,0.0,1.0,0.2243169398907104,0.4383879781420765,0.6206284153005465,0.3676229508196721,0.6734972677595629,0.8596994535519126,0.7281727194786072,N200_O4_I200_OBJECTIVE_025_2b63330c7f,NESTED_INNER_SCREEN,adaptive_resnet,multiview_zscore,10.0,none,direct,logcosh,jitter_scale,none,271832,926775,926775,29219,7320,16.859302282333374,4,I200_OBJECTIVE_025_2b63330c7f,ok,145
1,0.532277210670359,13.703269958496094,8.198991775512695,10.951130867004396,13.703269958496094,17.129852294921875,10.62496280670166,-3.2058589458465576,-1.1056638956069946,0.3788740543405055,0.4791614474541131,0.7143414616584778,3869,13.611443519592283,8.249800682067871,596,32.87880325317383,17.506946563720703,4518,11.51829719543457,6.629665374755859,0.0,1.0,0.2207650273224043,0.4341530054644809,0.6215846994535519,0.3825136612021858,0.6886612021857923,0.8670765027322405,0.714213490486145,N200_O4_I200_OBJECTIVE_026_429b18c57c,NESTED_INNER_SCREEN,adaptive_resnet,multiview_zscore,10.0,none,direct,huber_ccc,jitter_scale,none,271832,926775,926775,29219,7320,12.740336894989014,4,I200_OBJECTIVE_026_429b18c57c,ok,146
1,0.552483407695309,13.738470077514648,8.166136741638184,10.952302932739258,13.738470077514648,17.17573356628418,10.578790664672852,-3.2235772609710693,-0.8998061418533325,0.3748156113025817,0.4830451433593491,0.7139970064163208,3869,13.569916725158691,8.30298900604248,596,32.57303237915039,17.1469669342041,4518,11.542860984802246,6.681715488433838,0.0,1.0,0.2202185792349726,0.4334699453551912,0.6204918032786885,0.3834699453551912,0.6892076502732241,0.8665300546448087,0.7142025232315063,N200_O4_I200_OBJECTIVE_027_492cab1d85,NESTED_INNER_SCREEN,adaptive_resnet,multiview_zscore,10.0,none,direct,huber_ccc,jitter_scale,none,271832,926775,926775,29219,7320,12.815336227416992,4,I200_OBJECTIVE_027_492cab1d85,ok,147
2,0.5432969158381419,13.56026840209961,8.319063186645508,10.93966579437256,13.56026840209961,16.846710205078125,10.702746391296388,1.392197847366333,-0.3587116301059723,0.3898174580948257,0.4598222561882697,0.7151992321014404,3869,14.665611267089844,8.949982643127441,596,27.8068962097168,17.0911865234375,4518,12.56284236907959,7.183937072753906,0.0,1.0,0.2210382513661202,0.4372950819672131,0.6176229508196721,0.3724043715846994,0.6778688524590164,0.8598360655737705,0.729296863079071,N200_O4_I200_OBJECTIVE_028_2ead73d1c4,NESTED_INNER_SCREEN,adaptive_resnet,multiview_zscore,10.0,none,direct,huber_ccc,jitter_scale,none,271832,926775,926775,29219,7320,16.984352588653564,4,I200_OBJECTIVE_028_2ead73d1c4,ok,148
3,0.574376988449907,13.66263484954834,8.214678764343262,10.9386568069458,13.66263484954834,17.122278213500977,10.74921703338623,-2.3045010566711426,-1.4357203245162964,0.3801364759315093,0.474784589100469,0.713840126991272,3869,13.609856605529783,7.956392765045166,596,30.455059051513672,17.615137100219727,4518,11.711112022399902,6.475959300994873,0.0184563758389261,0.9995538370017848,0.2262295081967213,0.4382513661202186,0.6245901639344262,0.389207650273224,0.6939890710382514,0.8590163934426229,0.7108612656593323,N200_O4_I200_OBJECTIVE_029_26d6c1ef0d,NESTED_INNER_SCREEN,adaptive_resnet,multiview_zscore,10.0,none,direct,huber_ccc,jitter_scale,none,271832,926775,926775,29219,7320,21.178422689437863,4,I200_OBJECTIVE_029_26d6c1ef0d,ok,149
3,0.4878520809747035,13.66103458404541,8.264840126037598,10.962937355041504,13.66103458404541,17.046823501586914,10.789029121398926,-2.47334623336792,-2.07940673828125,0.3756923088117839,0.4752755873550866,0.7158230543136597,3869,13.730697631835938,7.912413120269775,596,31.947898864746094,19.00385093688965,4518,11.619701385498049,6.119986057281494,0.0016778523489932,1.0,0.2204918032786885,0.4379781420765027,0.6217213114754099,0.3796448087431694,0.6867486338797815,0.8609289617486339,0.7127481698989868,N200_O4_I200_OBJECTIVE_030_c434aa0ee6,NESTED_INNER_SCREEN,adaptive_resnet,multiview_zscore,10.0,none,direct,asymmetric_high,jitter_scale,none,271832,926775,926775,29219,7320,21.126065969467163,4,I200_OBJECTIVE_030_c434aa0ee6,ok,150
3,0.5070922275384268,13.670092582702637,8.24666976928711,10.958381652832031,13.670092582702637,17.086259841918945,10.78644561767578,-2.599264144897461,-2.083165407180786,0.3770893383519066,0.4762639850433854,0.7153416872024536,3869,13.62928867340088,7.8094892501831055,596,31.41086769104004,18.541902542114254,4518,11.669610023498535,6.15877103805542,0.0486577181208053,1.0,0.2219945355191256,0.4351092896174863,0.6203551912568306,0.3829234972677595,0.6883879781420765,0.8603825136612022,0.7106386423110962,N200_O4_I200_OBJECTIVE_031_d40db3fa0f,NESTED_INNER_SCREEN,adaptive_resnet,multiview_zscore,10.0,none,direct,asymmetric_high,jitter_scale,none,271832,926775,926775,29219,7320,21.051863431930546,4,I200_OBJECTIVE_031_d40db3fa0f,ok,151
1,0.689294755069259,13.624576568603516,8.150795936584473,10.887685775756836,13.624576568603516,16.97809600830078,10.54023265838623,-2.505363941192627,-0.7513853907585144,0.3832028922131714,0.486395308307758,0.7101943492889404,3869,13.791351318359377,8.396038055419922,596,32.321083068847656,17.112247467041016,4518,11.634528160095217,6.753817558288574,0.0,1.0,0.2211748633879781,0.4310109289617486,0.6260928961748634,0.380191256830601,0.6924863387978142,0.8710382513661202,0.713837742805481,N200_O4_I200_OBJECTIVE_032_702a3db04d,NESTED_INNER_SCREEN,adaptive_resnet,multiview_zscore,10.0,none,direct,focal_huber,jitter_scale,none,271832,926775,926775,29219,7320,12.509413957595823,4,I200_OBJECTIVE_032_702a3db04d,ok,152
3,0.753575475387324,13.697266578674316,8.22077465057373,10.959020614624023,13.697266578674316,17.122682571411133,10.732843399047852,-3.084188222885132,-1.8059661388397217,0.3771443225442058,0.4762479940199068,0.7150542736053467,3869,13.656170845031738,8.03496265411377,596,32.990386962890625,18.962751388549805,4518,11.494147300720217,6.2235941886901855,0.0,1.0,0.2178961748633879,0.4398907103825136,0.6170765027322405,0.380327868852459,0.6931693989071038,0.8614754098360655,0.7128894329071045,N200_O4_I200_OBJECTIVE_033_9e0e800ed9,NESTED_INNER_SCREEN,adaptive_resnet,multiview_zscore,10.0,none,direct,focal_huber,jitter_scale,none,271832,926775,926775,29219,7320,21.033443689346317,4,I200_OBJECTIVE_033_9e0e800ed9,ok,153
1,0.5177136799868416,13.768282890319824,8.15476131439209,10.961522102355955,13.768282890319824,17.2322998046875,10.591062545776367,-3.607381820678711,-1.131259202957153,0.3762912749941701,0.4845706188383352,0.7143701910972595,3869,13.552793502807615,8.175885200500488,596,33.234840393066406,17.398807525634766,4518,11.492027282714844,6.575495719909668,0.0,1.0,0.2204918032786885,0.4334699453551912,0.621448087431694,0.3834699453551912,0.6907103825136612,0.867896174863388,0.7130782604217529,N200_O4_I200_OBJECTIVE_034_ef476d7c92,NESTED_INNER_SCREEN,adaptive_resnet,multiview_zscore,10.0,none,direct,physiology_huber,jitter_scale,none,271832,926775,926775,29219,7320,12.734722137451172,4,I200_OBJECTIVE_034_ef476d7c92,ok,154
1,0.5177136799868416,13.768282890319824,8.15476131439209,10.961522102355955,13.768282890319824,17.2322998046875,10.591062545776367,-3.607381820678711,-1.131259202957153,0.3762912749941701,0.4845706188383352,0.7143701910972595,3869,13.552793502807615,8.175885200500488,596,33.234840393066406,17.398807525634766,4518,11.492027282714844,6.575495719909668,0.0,1.0,0.2204918032786885,0.4334699453551912,0.621448087431694,0.3834699453551912,0.6907103825136612,0.867896174863388,0.7130782604217529,N200_O4_I200_OBJECTIVE_035_aa574dddbd,NESTED_INNER_SCREEN,adaptive_resnet,multiview_zscore,10.0,none,direct,physiology_huber,jitter_scale,none,271832,926775,926775,29219,7320,12.76927137374878,4,I200_OBJECTIVE_035_aa574dddbd,ok,155
2,0.5698511582963607,13.51664924621582,8.269148826599121,10.892898559570312,13.51664924621582,16.792097091674805,10.735980033874512,0.6110355854034424,-1.242868423461914,0.3847957711723516,0.4632117786288096,0.7119626402854919,3869,14.610021591186523,8.517463684082031,596,29.537548065185547,18.45052719116211,4518,12.326611518859863,6.587240219116211,0.0,1.0,0.2243169398907104,0.4371584699453552,0.6155737704918033,0.3790983606557377,0.6863387978142077,0.8602459016393442,0.7221101522445679,N200_O4_I200_OBJECTIVE_036_26f9e5719b,NESTED_INNER_SCREEN,adaptive_resnet,multiview_zscore,10.0,none,clinical,huber,jitter_scale,none,271832,927295,927295,29219,7320,19.810007333755493,4,I200_OBJECTIVE_036_26f9e5719b,ok,156
2,0.5095405997404086,13.541962623596191,8.315619468688965,10.928791046142578,13.541962623596191,16.852081298828125,10.72830581665039,0.3164158165454864,-0.5138707756996155,0.3767311584712508,0.4547042508772252,0.7145484685897827,3869,14.532099723815918,8.92780590057373,596,29.860525131225582,17.720849990844727,4518,12.267903327941896,7.045558452606201,0.0,1.0,0.2256830601092896,0.4346994535519126,0.6207650273224044,0.3672131147540983,0.6827868852459016,0.8613387978142076,0.7276519536972046,N200_O4_I200_OBJECTIVE_037_e063e94f84,NESTED_INNER_SCREEN,adaptive_resnet,multiview_zscore,10.0,none,ordinal,huber,jitter_scale,none,271832,927295,927295,29219,7320,20.28592562675476,4,I200_OBJECTIVE_037_e063e94f84,ok,157
2,0.5749234434436349,13.483688354492188,8.313555717468262,10.898622512817385,13.483688354492188,16.834806442260742,10.735333442687988,-0.937887966632843,-1.0489377975463867,0.3810557952181855,0.4654702891643656,0.7128366827964783,3869,14.171095848083496,8.731898307800293,596,31.5670223236084,19.04241752624512,4518,11.847271919250488,6.637073993682861,0.0,1.0,0.2256830601092896,0.4408469945355191,0.6230874316939891,0.3684426229508197,0.6849726775956284,0.8620218579234973,0.7218664288520813,N200_O4_I200_OBJECTIVE_038_5c67535776,NESTED_INNER_SCREEN,adaptive_resnet,multiview_zscore,10.0,none,multitask,multitask,jitter_scale,none,271832,926905,926905,29219,7320,17.776559829711914,4,I200_OBJECTIVE_038_5c67535776,ok,158
1,0.698545847453323,13.57605266571045,8.183525085449219,10.879789352416992,13.57605266571045,16.95298957824707,10.676377296447754,-2.03320837020874,-1.4957813024520874,0.3785495257305534,0.4789346141015669,0.7101614475250244,3869,13.847519874572754,7.995457649230957,596,31.76176071166992,17.78397560119629,4518,11.69736671447754,6.407995223999023,0.0,1.0,0.2215846994535519,0.4359289617486339,0.625,0.3870218579234972,0.6837431693989071,0.8654371584699454,0.7101572751998901,N200_O4_I200_OBJECTIVE_039_658a4fb05c,NESTED_INNER_SCREEN,adaptive_resnet,multiview_zscore,10.0,none,multitask,multitask,jitter_scale,none,271832,926905,926905,29219,7320,13.218223333358765,4,I200_OBJECTIVE_039_658a4fb05c,ok,159
2,0.7154580744263394,13.478816986083984,8.211996078491211,10.845406532287598,13.478816986083984,16.835113525390625,10.61987590789795,-0.9769932627677916,-0.7133494019508362,0.3823448553367723,0.4739005592576202,0.7085952162742615,3869,14.05003833770752,8.688373565673828,596,30.98057746887207,17.983463287353516,4518,11.809683799743652,6.794188499450684,0.0,1.0,0.2256830601092896,0.4400273224043716,0.6262295081967213,0.3743169398907104,0.6853825136612022,0.8647540983606558,0.7173997759819031,N200_O4_I200_OBJECTIVE_040_6935a67a67,NESTED_INNER_SCREEN,adaptive_resnet,multiview_zscore,10.0,none,multitask,multitask,jitter_scale,none,271832,926905,926905,29219,7320,17.683642864227295,4,I200_OBJECTIVE_040_6935a67a67,ok,160
2,0.6425250967343649,13.48159122467041,8.204384803771973,10.842988014221191,13.48159122467041,16.804441452026367,10.689611434936523,0.6249749064445496,-1.4066091775894165,0.3856128112629625,0.4735142750471956,0.7083650827407837,3869,14.511069297790527,8.255637168884277,596,29.24929618835449,18.578100204467773,4518,12.261504173278809,6.453199863433838,0.0,1.0,0.226775956284153,0.4422131147540983,0.6189890710382514,0.3795081967213115,0.6954918032786885,0.8613387978142076,0.7160748243331909,N200_O4_I200_TRAIN_001_e869218e48,NESTED_INNER_SCREEN,adaptive_resnet,multiview_zscore,10.0,none,multitask,multitask,none,none,271832,705721,705721,29219,7320,17.013648509979248,4,I200_TRAIN_001_e869218e48,ok,161
2,0.6447242436066173,13.480063438415527,8.146685600280762,10.813374519348145,13.480063438415527,16.799741744995117,10.655210494995115,0.869261622428894,-1.603950262069702,0.3877836464471388,0.4831490359236494,0.7059899568557739,3869,14.558987617492676,8.0780611038208,596,28.91153335571289,18.75832939147949,4518,12.30532932281494,6.286245346069336,0.0,1.0,0.2254098360655737,0.4424863387978142,0.6187158469945355,0.3831967213114754,0.7005464480874317,0.8646174863387979,0.7128336429595947,N200_O4_I200_TRAIN_002_f0d192a0e6,NESTED_INNER_SCREEN,adaptive_resnet,multiview_zscore,10.0,none,multitask,multitask,mask,none,271832,705721,705721,29219,7320,17.070210695266724,4,I200_TRAIN_002_f0d192a0e6,ok,162
2,0.6436115982485753,13.461603164672852,8.189140319824219,10.825371742248535,13.461603164672852,16.779165267944336,10.641668319702148,0.8971015214920044,-1.017202854156494,0.3901991610714723,0.4742100410623425,0.7071902751922607,3869,14.5952787399292,8.43182373046875,596,28.933460235595703,18.06466293334961,4518,12.341208457946776,6.6504011154174805,0.0,1.0,0.2265027322404371,0.4439890710382513,0.6188524590163934,0.3759562841530054,0.6957650273224044,0.864344262295082,0.7175624370574951,N200_O4_I200_TRAIN_003_7a8882a0ec,NESTED_INNER_SCREEN,adaptive_resnet,multiview_zscore,10.0,none,multitask,multitask,amplitude_warp,none,271832,705721,705721,29219,7320,17.075987339019775,4,I200_TRAIN_003_7a8882a0ec,ok,163
2,0.6463766705756094,13.46993923187256,8.167320251464844,10.81863021850586,13.46993923187256,16.811290740966797,10.68501091003418,0.3105005919933319,-1.6523830890655518,0.3839915018926899,0.4797521875390861,0.7065411806106567,3869,14.404702186584473,8.074712753295898,596,29.506959915161133,18.79056739807129,4518,12.142457962036133,6.278830528259277,0.0,1.0,0.2252732240437158,0.4435792349726776,0.6211748633879781,0.3862021857923497,0.6967213114754098,0.8632513661202186,0.7121354341506958,N200_O4_I200_TRAIN_004_ea1cf9350e,NESTED_INNER_SCREEN,adaptive_resnet,multiview_zscore,10.0,none,multitask,multitask,compound_morphology,none,271832,705721,705721,29219,7320,16.17364263534546,4,I200_TRAIN_004_ea1cf9350e,ok,164
2,0.6421708223087336,13.46428680419922,8.21591567993164,10.84010124206543,13.46428680419922,16.84786033630371,10.70815372467041,-1.3299797773361206,-1.37820565700531,0.3850476212944067,0.4700174322223746,0.7083476185798645,3869,13.94825839996338,8.333826065063477,596,31.296226501464844,18.65607643127441,4518,11.714591979980469,6.472409248352051,0.0,1.0,0.228551912568306,0.4435792349726776,0.6293715846994535,0.380191256830601,0.691120218579235,0.8628415300546448,0.7129201292991638,N200_O4_I200_TRAIN_005_40f0734fee,NESTED_INNER_SCREEN,adaptive_resnet,multiview_zscore,10.0,none,multitask,multitask,none,none,271832,705721,705721,29219,7320,8.393714189529419,4,I200_TRAIN_005_40f0734fee,ok,165
2,0.6426966833133324,13.450472831726074,8.20938777923584,10.829930305480955,13.450472831726074,16.813217163085938,10.638808250427246,-1.0199589729309082,-0.7915504574775696,0.3865594614537596,0.4716426805453046,0.7076977491378784,3869,14.01463794708252,8.587604522705078,596,30.83992958068848,17.97524070739746,4518,11.794185638427734,6.77083158493042,0.0,1.0,0.2277322404371584,0.4435792349726776,0.6273224043715847,0.3771857923497267,0.6907103825136612,0.8646174863387979,0.715461015701294,N200_O4_I200_TRAIN_006_aae6ff34ee,NESTED_INNER_SCREEN,adaptive_resnet,multiview_zscore,10.0,none,multitask,multitask,mask,none,271832,705721,705721,29219,7320,8.382192373275757,4,I200_TRAIN_006_aae6ff34ee,ok,166
2,0.6426750830575532,13.435797691345217,8.20750904083252,10.821653366088867,13.435797691345217,16.841938018798828,10.672510147094728,-1.496131420135498,-1.2193140983581543,0.387390455241492,0.4726744253910594,0.7072117328643799,3869,13.869125366210938,8.394657135009766,596,31.35018920898437,18.49420166015625,4518,11.642850875854492,6.527542591094971,0.0,1.0,0.2301912568306011,0.4448087431693989,0.6277322404371585,0.3793715846994535,0.694672131147541,0.864207650273224,0.7121301293373108,N200_O4_I200_TRAIN_007_cf4e7cbc89,NESTED_INNER_SCREEN,adaptive_resnet,multiview_zscore,10.0,none,multitask,multitask,amplitude_warp,none,271832,705721,705721,29219,7320,8.360301733016968,4,I200_TRAIN_007_cf4e7cbc89,ok,167
2,0.6451869521265715,13.443243026733398,8.217001914978027,10.830121994018556,13.443243026733398,16.826417922973633,10.61609172821045,-1.324799656867981,-0.4431301951408386,0.3873752043869838,0.4721187092953586,0.70780348777771,3869,13.92213535308838,8.83182144165039,596,31.2712516784668,17.81404685974121,4518,11.690120697021484,6.949211597442627,0.0,1.0,0.2304644808743169,0.44275956284153,0.6292349726775956,0.3698087431693989,0.6886612021857923,0.8663934426229508,0.7173621654510498,N200_O4_I200_TRAIN_008_943f584d06,NESTED_INNER_SCREEN,adaptive_resnet,multiview_zscore,10.0,none,multitask,multitask,compound_morphology,none,271832,705721,705721,29219,7320,8.44654393196106,4,I200_TRAIN_008_943f584d06,ok,168
2,0.640666112401127,13.47092056274414,8.206751823425293,10.838836669921877,13.47092056274414,16.848783493041992,10.669740676879885,-0.983203649520874,-1.0044245719909668,0.3829526599824512,0.4696183695310202,0.7081625461578369,3869,14.049904823303224,8.497037887573242,596,30.879308700561523,18.213912963867188,4518,11.815753936767578,6.670679092407227,0.0,1.0,0.2263661202185792,0.4442622950819672,0.6263661202185792,0.3786885245901639,0.6907103825136612,0.8647540983606558,0.7151408195495605,N200_O4_I200_TRAIN_009_527a78f50d,NESTED_INNER_SCREEN,adaptive_resnet,multiview_zscore,10.0,none,multitask,multitask,none,none,271832,705721,705721,29219,7320,8.34817099571228,4,I200_TRAIN_009_527a78f50d,ok,169
2,0.6410166344611473,13.450118064880373,8.201006889343262,10.825562477111816,13.450118064880373,16.81355857849121,10.61666488647461,-0.8930656313896179,-0.5530378222465515,0.3869851973983825,0.4730263729601416,0.7073490619659424,3869,14.038058280944824,8.685782432556152,596,30.493040084838867,17.6296443939209,4518,11.849955558776855,6.8982014656066895,0.0,1.0,0.2255464480874316,0.4449453551912568,0.6252732240437159,0.3781420765027322,0.6893442622950819,0.8650273224043716,0.7163553237915039,N200_O4_I200_TRAIN_010_fa743a5848,NESTED_INNER_SCREEN,adaptive_resnet,multiview_zscore,10.0,none,multitask,multitask,mask,none,271832,705721,705721,29219,7320,8.323180437088013,4,I200_TRAIN_010_fa743a5848,ok,170
2,0.6416601402307648,13.416775703430176,8.203857421875,10.81031608581543,13.416775703430176,16.784473419189453,10.67290496826172,-0.8320481777191162,-1.1556541919708252,0.3888679247709421,0.4714287239254212,0.7065325975418091,3869,14.0449857711792,8.401350975036621,596,30.65898895263672,18.307209014892575,4518,11.813690185546877,6.570768356323242,0.0,1.0,0.2304644808743169,0.4441256830601093,0.6267759562841531,0.3792349726775956,0.6938524590163935,0.8629781420765027,0.7129169702529907,N200_O4_I200_TRAIN_011_48709fa5af,NESTED_INNER_SCREEN,adaptive_resnet,multiview_zscore,10.0,none,multitask,multitask,amplitude_warp,none,271832,705721,705721,29219,7320,8.353310585021973,4,I200_TRAIN_011_48709fa5af,ok,171
2,0.6437685937663309,13.437899589538574,8.1812162399292,10.809557914733888,13.437899589538574,16.836402893066406,10.583145141601562,-1.2181520462036133,-0.4210706651210785,0.3864400239521805,0.4768835194118602,0.7062076330184937,3869,13.921812057495115,8.771756172180176,596,31.045276641845703,17.69088363647461,4518,11.722456932067873,6.938465118408203,0.0,1.0,0.2316939890710382,0.4434426229508196,0.6282786885245901,0.3789617486338797,0.690983606557377,0.8658469945355192,0.7155559659004211,N200_O4_I200_TRAIN_012_8d7ec3f701,NESTED_INNER_SCREEN,adaptive_resnet,multiview_zscore,10.0,none,multitask,multitask,compound_morphology,none,271832,705721,705721,29219,7320,8.466297388076782,4,I200_TRAIN_012_8d7ec3f701,ok,172
2,0.6412013453595778,13.449848175048828,8.165793418884277,10.807821273803713,13.449848175048828,16.843116760253906,10.57726764678955,-0.998209834098816,-0.4975566565990448,0.384265711534137,0.478314569978101,0.7059180736541748,3869,13.984496116638184,8.70559310913086,596,30.79390335083008,17.733003616333008,4518,11.761731147766112,6.861621379852295,0.0,1.0,0.2280054644808743,0.4448087431693989,0.6299180327868853,0.3799180327868852,0.6942622950819672,0.8651639344262295,0.7151080965995789,N200_O4_I200_TRAIN_013_06fc2d91b6,NESTED_INNER_SCREEN,adaptive_resnet,multiview_zscore,10.0,none,multitask,multitask,none,none,271832,705721,705721,29219,7320,8.337427139282227,4,I200_TRAIN_013_06fc2d91b6,ok,173
2,0.6416378367960064,13.44947624206543,8.16677474975586,10.808125495910645,13.44947624206543,16.819931030273438,10.556118965148926,-0.5535668134689331,-0.0681679546833038,0.3859500146573211,0.480197400557231,0.7059473395347595,3869,14.08355712890625,8.863636016845703,596,30.179628372192383,17.14624786376953,4518,11.888467788696287,7.115572452545166,0.0,1.0,0.2284153005464481,0.4403005464480874,0.6263661202185792,0.3848360655737705,0.687568306010929,0.8655737704918033,0.7174192070960999,N200_O4_I200_TRAIN_014_ed4d0bc107,NESTED_INNER_SCREEN,adaptive_resnet,multiview_zscore,10.0,none,multitask,multitask,mask,none,271832,705721,705721,29219,7320,8.36667537689209,4,I200_TRAIN_014_ed4d0bc107,ok,174
2,0.6419505527596069,13.52235984802246,8.279694557189941,10.90102767944336,13.52235984802246,16.881423950195312,10.655779838562012,-0.1186124235391616,0.1599168628454208,0.3772629853398957,0.4658126031036174,0.7125484943389893,3869,14.282341003417969,9.127629280090332,596,30.0837516784668,16.923330307006836,4518,12.048155784606934,7.355973720550537,0.0,1.0,0.2236338797814207,0.4407103825136612,0.6217213114754099,0.374863387978142,0.6792349726775956,0.8629781420765027,0.7264266014099121,N200_O4_I200_TRAIN_015_7a9222a663,NESTED_INNER_SCREEN,adaptive_resnet,multiview_zscore,10.0,none,multitask,multitask,amplitude_warp,none,271832,705721,705721,29219,7320,8.369321823120117,4,I200_TRAIN_015_7a9222a663,ok,175
2,0.6431696165620892,13.397174835205078,8.138971328735352,10.768073081970217,13.397174835205078,16.75813102722168,10.534900665283203,-0.944389581680298,-0.2216057479381561,0.3940329045117103,0.4833748984019954,0.703361988067627,3869,13.95154857635498,8.8278226852417,596,30.487030029296875,17.371440887451172,4518,11.75876235961914,7.003816604614258,0.0,1.0,0.2275956284153005,0.4422131147540983,0.6278688524590164,0.3788251366120219,0.6959016393442623,0.8676229508196721,0.7141960859298706,N200_O4_I200_TRAIN_016_86ff396d16,NESTED_INNER_SCREEN,adaptive_resnet,multiview_zscore,10.0,none,multitask,multitask,compound_morphology,none,271832,705721,705721,29219,7320,8.46192216873169,4,I200_TRAIN_016_86ff396d16,ok,176
2,0.6430976379151437,13.46091079711914,8.223615646362305,10.842263221740724,13.46091079711914,16.863969802856445,10.617788314819336,-1.3170928955078125,-0.383622407913208,0.3848391906212017,0.4713067567313643,0.7085645198822021,3869,13.884350776672363,8.825937271118164,596,30.966163635253903,17.650737762451172,4518,11.716788291931152,6.985342502593994,0.0,1.0,0.2289617486338797,0.4439890710382513,0.6280054644808744,0.3778688524590164,0.6881147540983606,0.8625683060109289,0.7176095247268677,N200_O4_I200_TRAIN_017_37bb96d33b,NESTED_INNER_SCREEN,adaptive_resnet,multiview_zscore,10.0,none,multitask,multitask,none,none,271832,705721,705721,29219,7320,8.42707109451294,4,I200_TRAIN_017_37bb96d33b,ok,177
2,0.6437240663696738,13.46653175354004,8.165257453918457,10.815895080566406,13.46653175354004,16.800325393676758,10.582772254943848,-0.2231422960758209,-0.3411787748336792,0.3847311639325086,0.4765406755959781,0.7063626050949097,3869,14.275594711303713,8.811090469360352,596,30.183109283447266,17.627361297607422,4518,12.011439323425291,6.955695629119873,0.0,1.0,0.2265027322404371,0.4416666666666666,0.6262295081967213,0.378551912568306,0.6916666666666667,0.8640710382513661,0.718541145324707,N200_O4_I200_TRAIN_018_cf39a9f7d6,NESTED_INNER_SCREEN,adaptive_resnet,multiview_zscore,10.0,none,multitask,multitask,mask,none,271832,705721,705721,29219,7320,8.43022632598877,4,I200_TRAIN_018_cf39a9f7d6,ok,178
2,0.6437382631831698,13.446500778198242,8.241304397583008,10.843902587890623,13.446500778198242,16.793888092041016,10.603656768798828,-0.1114189773797988,0.218264564871788,0.3872087282678887,0.4732962154945606,0.70887690782547,3869,14.238720893859863,9.127967834472656,596,29.85440444946289,16.794788360595703,4518,11.998584747314451,7.359885215759277,0.0,1.0,0.224863387978142,0.4405737704918033,0.6251366120218579,0.3754098360655737,0.6848360655737705,0.864207650273224,0.7233716249465942,N200_O4_I200_TRAIN_019_6221633710,NESTED_INNER_SCREEN,adaptive_resnet,multiview_zscore,10.0,none,multitask,multitask,amplitude_warp,none,271832,705721,705721,29219,7320,8.395043849945068,4,I200_TRAIN_019_6221633710,ok,179
2,0.6439607778405831,13.43185043334961,8.132159233093262,10.782005310058594,13.43185043334961,16.82134437561035,10.52959442138672,-1.290687084197998,-0.413619190454483,0.3890300705898334,0.4850046503669175,0.7040555477142334,3869,13.886326789855955,8.696635246276855,596,31.04811668395996,17.51158905029297,4518,11.669549942016602,6.898240566253662,0.0,1.0,0.225,0.44275956284153,0.6289617486338798,0.3814207650273224,0.6957650273224044,0.8670765027322405,0.7129348516464233,N200_O4_I200_TRAIN_020_79f182bed4,NESTED_INNER_SCREEN,adaptive_resnet,multiview_zscore,10.0,none,multitask,multitask,compound_morphology,none,271832,705721,705721,29219,7320,8.461446523666382,4,I200_TRAIN_020_79f182bed4,ok,180
2,0.6603461165054172,13.500325202941896,8.238795280456543,10.86956024169922,13.500325202941896,16.85683250427246,10.783625602722168,-0.5289397835731506,-2.062760353088379,0.3764510372742781,0.4769123056895848,0.7102795243263245,3869,14.276937484741213,7.95762300491333,596,30.89651298522949,19.49686050415039,4518,11.943229675292969,6.0758957862854,0.0,1.0,0.2256830601092896,0.4423497267759563,0.6239071038251366,0.3852459016393442,0.6942622950819672,0.8612021857923498,0.7128633260726929,N200_O4_I200_TRAIN_021_a4bcb0138f,NESTED_INNER_SCREEN,adaptive_resnet,multiview_zscore,10.0,none,multitask,multitask,none,none,271832,705721,705721,29219,7320,8.464146375656128,4,I200_TRAIN_021_a4bcb0138f,ok,181
2,0.6615721867754568,13.522432327270508,8.254820823669434,10.888626098632812,13.522432327270508,16.863924026489258,10.800775527954102,-0.4729063510894775,-2.183412790298462,0.374606185122278,0.4803785310682597,0.7115450501441956,3869,14.352023124694824,7.935341835021973,596,31.10717010498047,19.743087768554688,4518,12.003457069396973,5.998642921447754,0.0,1.0,0.2217213114754098,0.4390710382513661,0.6239071038251366,0.3815573770491803,0.6941256830601092,0.8618852459016394,0.714111864566803,N200_O4_I200_TRAIN_022_55c81c0027,NESTED_INNER_SCREEN,adaptive_resnet,multiview_zscore,10.0,none,multitask,multitask,mask,none,271832,705721,705721,29219,7320,8.499435186386108,4,I200_TRAIN_022_55c81c0027,ok,182
2,0.6613212656351476,13.51207447052002,8.24410629272461,10.878089904785156,13.51207447052002,16.84882354736328,10.784543991088867,-0.2751288712024688,-2.08681583404541,0.3765678623395596,0.4772526564102014,0.7108225226402283,3869,14.36523151397705,7.956300735473633,596,30.64109992980957,19.443124771118164,4518,12.018115043640137,6.089896202087402,0.0,1.0,0.2247267759562841,0.435655737704918,0.6237704918032787,0.3825136612021858,0.6933060109289617,0.860655737704918,0.7138739824295044,N200_O4_I200_TRAIN_023_92f2c0f793,NESTED_INNER_SCREEN,adaptive_resnet,multiview_zscore,10.0,none,multitask,multitask,amplitude_warp,none,271832,705721,705721,29219,7320,8.606000423431396,4,I200_TRAIN_023_92f2c0f793,ok,183
2,0.6615783618945702,13.49189281463623,8.173050880432129,10.83247184753418,13.49189281463623,16.832313537597656,10.69989776611328,-0.4237560033798218,-1.882782220840454,0.3789853983755445,0.4853282226884792,0.707386314868927,3869,14.317081451416016,7.992035865783691,596,30.815229415893555,19.169509887695312,4518,11.960731506347656,6.110506534576416,0.0,1.0,0.2233606557377049,0.4393442622950819,0.6237704918032787,0.3863387978142076,0.6972677595628415,0.8628415300546448,0.7113216519355774,N200_O4_I200_TRAIN_024_118fc735bf,NESTED_INNER_SCREEN,adaptive_resnet,multiview_zscore,10.0,none,multitask,multitask,compound_morphology,none,271832,705721,705721,29219,7320,8.63652491569519,4,I200_TRAIN_024_118fc735bf,ok,184
2,0.6542963942671134,13.498208999633787,8.260041236877441,10.879125595092772,13.498208999633787,16.859107971191406,10.688459396362305,-0.9333508610725404,-1.2345802783966064,0.3778430192020504,0.4763893896127854,0.7110792398452759,3869,14.173723220825195,8.517290115356445,596,31.50252914428711,19.023462295532227,4518,11.833413124084473,6.476299285888672,0.0,1.0,0.2254098360655737,0.4386612021857923,0.6269125683060109,0.3670765027322404,0.6937158469945355,0.8648907103825136,0.7183979749679565,N200_O4_I200_TRAIN_025_5e9c83d41d,NESTED_INNER_SCREEN,adaptive_resnet,multiview_zscore,10.0,none,multitask,multitask,none,none,271832,705721,705721,29219,7320,13.253185510635376,4,I200_TRAIN_025_5e9c83d41d,ok,185
2,0.6549366435973473,13.4857177734375,8.263526916503906,10.874622344970703,13.4857177734375,16.8190860748291,10.718011856079102,-0.7180703282356262,-1.4964659214019775,0.3818488149640847,0.4742355549350238,0.7108711004257202,3869,14.202580451965332,8.334332466125488,596,31.12883758544922,19.060327529907227,4518,11.88866138458252,6.367025852203369,0.0,1.0,0.2236338797814207,0.4405737704918033,0.6229508196721312,0.3721311475409836,0.6926229508196722,0.8636612021857923,0.7165944576263428,N200_O4_I200_TRAIN_026_2e90055abd,NESTED_INNER_SCREEN,adaptive_resnet,multiview_zscore,10.0,none,multitask,multitask,mask,none,271832,705721,705721,29219,7320,17.228643894195557,4,I200_TRAIN_026_2e90055abd,ok,186
2,0.6548780775537678,13.477092742919922,8.250137329101562,10.863615036010742,13.477092742919922,16.820417404174805,10.685110092163086,-0.5888423919677734,-1.1174311637878418,0.3810437383058414,0.4722113397869744,0.710088849067688,3869,14.247082710266112,8.544425964355469,596,31.024938583374023,18.821083068847656,4518,11.914284706115724,6.559018611907959,0.0,1.0,0.2245901639344262,0.444535519125683,0.6247267759562841,0.3709016393442623,0.6941256830601092,0.8633879781420765,0.7184418439865112,N200_O4_I200_TRAIN_027_6e03009c45,NESTED_INNER_SCREEN,adaptive_resnet,multiview_zscore,10.0,none,multitask,multitask,amplitude_warp,none,271832,705721,705721,29219,7320,17.163243293762207,4,I200_TRAIN_027_6e03009c45,ok,187
2,0.6552674622317545,13.495427131652832,8.22704029083252,10.861233711242676,13.495427131652832,16.820890426635742,10.699935913085938,-0.4229630529880523,-1.4453469514846802,0.3802035448721823,0.4747262970626823,0.7096675038337708,3869,14.319385528564451,8.326454162597656,596,30.920625686645508,18.9155216217041,4518,11.97889804840088,6.385199069976807,0.0,1.0,0.2234972677595628,0.44275956284153,0.6211748633879781,0.3754098360655737,0.6950819672131148,0.862431693989071,0.7164281606674194,N200_O4_I200_TRAIN_028_924119312a,NESTED_INNER_SCREEN,adaptive_resnet,multiview_zscore,10.0,none,multitask,multitask,compound_morphology,none,271832,705721,705721,29219,7320,17.318842887878418,4,I200_TRAIN_028_924119312a,ok,188
1,0.7043145719696494,13.92010498046875,8.302998542785645,11.11155128479004,13.92010498046875,17.210426330566406,10.97230625152588,2.776142835617065,-2.929203748703003,0.3565704470743613,0.4773359932939414,0.7246048450469971,3869,15.728087425231934,7.425533294677734,596,28.31397819519043,19.993309020996094,4518,13.240130424499512,5.733436584472656,0.0,1.0,0.2147540983606557,0.4204918032786885,0.5924863387978142,0.385655737704918,0.6883879781420765,0.860655737704918,0.7283675670623779,N200_O4_I200_TRAIN_029_f57f4b8831,NESTED_INNER_SCREEN,adaptive_resnet,multiview_zscore,10.0,none,multitask,multitask,none,none,271832,705721,705721,29219,7320,13.129163980484009,4,I200_TRAIN_029_f57f4b8831,ok,189
1,0.7053425354895249,13.904204368591309,8.393595695495605,11.148900032043455,13.904204368591309,17.187116622924805,11.07918930053711,2.5731329917907715,-3.135542869567871,0.3554013946906089,0.4693244853765813,0.7278227210044861,3869,15.64682388305664,7.412542819976807,596,28.51639175415039,20.2436580657959,4518,13.176007270812988,5.7176194190979,0.0,1.0,0.2150273224043715,0.4233606557377049,0.5950819672131148,0.3866120218579235,0.6830601092896175,0.8576502732240437,0.7300820350646973,N200_O4_I200_TRAIN_030_c5259795ea,NESTED_INNER_SCREEN,adaptive_resnet,multiview_zscore,10.0,none,multitask,multitask,mask,none,271832,705721,705721,29219,7320,13.089477062225342,4,I200_TRAIN_030_c5259795ea,ok,190
1,0.7050389063124564,13.931111335754396,8.471424102783203,11.20126724243164,13.931111335754396,17.212059020996094,11.20814037322998,2.480203866958618,-3.523111343383789,0.3497533063444223,0.4692548816467525,0.7317206263542175,3869,15.684662818908691,7.289093017578125,596,28.795907974243164,20.94537734985352,4518,13.173091888427734,5.549394607543945,0.0,1.0,0.2146174863387978,0.4188524590163934,0.5952185792349727,0.383879781420765,0.678551912568306,0.8561475409836066,0.732022225856781,N200_O4_I200_TRAIN_031_237e931217,NESTED_INNER_SCREEN,adaptive_resnet,multiview_zscore,10.0,none,multitask,multitask,amplitude_warp,none,271832,705721,705721,29219,7320,13.091176748275757,4,I200_TRAIN_031_237e931217,ok,191
1,0.7050618513736849,13.841634750366213,8.333422660827637,11.087528228759766,13.841634750366213,17.130809783935547,11.01443576812744,1.952388286590576,-2.9234182834625244,0.3516806547140889,0.4705348988791664,0.7236419320106506,3869,15.391071319580078,7.447887897491455,596,29.140684127807617,20.111501693725582,4518,12.9141206741333,5.727189064025879,0.0,1.0,0.2143442622950819,0.4219945355191257,0.6010928961748634,0.387431693989071,0.687568306010929,0.8614754098360655,0.7255170345306396,N200_O4_I200_TRAIN_032_c2b96ae0ad,NESTED_INNER_SCREEN,adaptive_resnet,multiview_zscore,10.0,none,multitask,multitask,compound_morphology,none,271832,705721,705721,29219,7320,13.16124415397644,4,I200_TRAIN_032_c2b96ae0ad,ok,192
1,0.7109257797010584,13.95150661468506,8.367471694946289,11.159488677978516,13.95150661468506,17.2628173828125,11.041094779968262,2.4754226207733154,-2.670682430267334,0.3425852459756797,0.4550520320414773,0.7280884981155396,3869,15.634977340698242,7.630272388458252,596,28.706382751464844,19.898361206054688,4518,13.140273094177246,5.916623115539551,0.0,1.0,0.2170765027322404,0.4200819672131147,0.5930327868852459,0.3853825136612022,0.6853825136612022,0.8584699453551913,0.7323989868164062,N200_O4_I200_TRAIN_033_dfb37edfd0,NESTED_INNER_SCREEN,adaptive_resnet,multiview_zscore,10.0,none,multitask,multitask,none,none,271832,705721,705721,29219,7320,13.143133878707886,4,I200_TRAIN_033_dfb37edfd0,ok,193
1,0.7121110316974665,14.171621322631836,8.356439590454102,11.264030456542969,14.171621322631836,17.48081398010254,11.001866340637209,3.900749921798706,-2.405128240585327,0.3485361493949325,0.4528612563711217,0.7337932586669922,3869,16.263059616088867,7.741082191467285,596,27.495820999145508,19.29080581665039,4518,13.762264251708984,6.0908637046813965,0.0,1.0,0.2148907103825136,0.4136612021857923,0.5842896174863388,0.3855191256830601,0.6849726775956284,0.8584699453551913,0.7421849966049194,N200_O4_I200_TRAIN_034_9fd5d868a1,NESTED_INNER_SCREEN,adaptive_resnet,multiview_zscore,10.0,none,multitask,multitask,mask,none,271832,705721,705721,29219,7320,13.03221321105957,4,I200_TRAIN_034_9fd5d868a1,ok,194
1,0.7109747431636636,13.94849967956543,8.263041496276855,11.105770111083984,13.94849967956543,17.28057289123535,10.795365333557127,2.292930841445923,-1.643072247505188,0.3376175868030119,0.4620611630734176,0.7237830758094788,3869,15.545913696289062,8.054405212402344,596,28.93194580078125,18.92906379699707,4518,13.04797077178955,6.296802997589111,0.0,1.0,0.2163934426229508,0.423087431693989,0.5961748633879781,0.3833333333333333,0.6905737704918032,0.8663934426229508,0.7328338623046875,N200_O4_I200_TRAIN_035_944f8ae4a2,NESTED_INNER_SCREEN,adaptive_resnet,multiview_zscore,10.0,none,multitask,multitask,amplitude_warp,none,271832,705721,705721,29219,7320,13.114755868911743,4,I200_TRAIN_035_944f8ae4a2,ok,195
1,0.7124032179514567,13.90462589263916,8.273812294006348,11.089219093322754,13.90462589263916,17.258413314819336,10.75667953491211,2.12461519241333,-1.0576510429382324,0.3397424129135372,0.4567681553040436,0.722992479801178,3869,15.418123245239258,8.361557006835938,596,28.9586181640625,18.289203643798828,4518,12.940252304077148,6.602878093719482,0.0,1.0,0.2206284153005464,0.426775956284153,0.5990437158469946,0.3769125683060109,0.6889344262295082,0.8650273224043716,0.7344522476196289,N200_O4_I200_TRAIN_036_60f2ee9398,NESTED_INNER_SCREEN,adaptive_resnet,multiview_zscore,10.0,none,multitask,multitask,compound_morphology,none,271832,705721,705721,29219,7320,13.222981214523315,4,I200_TRAIN_036_60f2ee9398,ok,196
5,0.6101570035897049,13.570972442626951,8.171253204345703,10.871112823486328,13.570972442626951,17.045209884643555,10.793168067932127,-2.516578197479248,-2.3058316707611084,0.3810315545962868,0.4829498497274564,0.7095233798027039,3869,13.669615745544434,7.621946334838867,596,31.60855484008789,19.03555679321289,4518,11.594532012939451,5.993692874908447,0.0,1.0,0.2307377049180327,0.4431693989071038,0.6203551912568306,0.4008196721311475,0.6959016393442623,0.8650273224043716,0.7046613097190857,N200_O4_I200_TRAIN_037_beadba97be,NESTED_INNER_SCREEN,adaptive_resnet,multiview_zscore,10.0,none,multitask,multitask,none,none,271832,705721,705721,29219,7320,21.25630521774292,4,I200_TRAIN_037_beadba97be,ok,197
5,0.6132739266149358,13.522283554077148,8.154881477355957,10.838582992553713,13.522283554077148,16.963720321655273,10.754015922546388,-2.0729596614837646,-2.18564772605896,0.3832098003780569,0.4848048267271121,0.7075010538101196,3869,13.760266304016112,7.649980068206787,596,31.148401260375977,18.855937957763672,4518,11.65110206604004,6.027940273284912,0.0,1.0,0.232103825136612,0.4443989071038251,0.6255464480874317,0.3989071038251366,0.6971311475409836,0.864207650273224,0.7040611505508423,N200_O4_I200_TRAIN_038_d0d1faca7f,NESTED_INNER_SCREEN,adaptive_resnet,multiview_zscore,10.0,none,multitask,multitask,mask,none,271832,705721,705721,29219,7320,20.748249292373657,4,I200_TRAIN_038_d0d1faca7f,ok,198
5,0.612869446184121,13.593551635742188,8.211843490600586,10.902697563171388,13.593551635742188,17.057052612304688,10.81491756439209,-2.264578342437744,-2.273467302322388,0.3749329175301444,0.4791074464249092,0.7117950916290283,3869,13.75042724609375,7.667745590209961,596,31.54429626464844,19.031286239624023,4518,11.635817527770996,6.071969985961914,0.0,1.0,0.2323770491803278,0.4437158469945355,0.6239071038251366,0.3967213114754098,0.6941256830601092,0.8616120218579235,0.7073924541473389,N200_O4_I200_TRAIN_039_a244018309,NESTED_INNER_SCREEN,adaptive_resnet,multiview_zscore,10.0,none,multitask,multitask,amplitude_warp,none,271832,705721,705721,29219,7320,21.183112382888797,4,I200_TRAIN_039_a244018309,ok,199
5,0.620210837889341,13.509735107421877,8.18301010131836,10.846372604370115,13.509735107421877,16.931982040405273,10.793068885803224,-1.9969278573989868,-2.4050681591033936,0.3839451650385934,0.4854355647829194,0.7082874774932861,3869,13.789029121398926,7.575963020324707,596,31.331104278564453,19.10946273803711,4518,11.635958671569824,5.950160503387451,0.0,1.0,0.2262295081967213,0.4484972677595628,0.6237704918032787,0.3952185792349726,0.696584699453552,0.8617486338797814,0.7041038870811462,N200_O4_I200_TRAIN_040_8f6701e758,NESTED_INNER_SCREEN,adaptive_resnet,multiview_zscore,10.0,none,multitask,multitask,compound_morphology,none,271832,705721,705721,29219,7320,21.270251512527462,4,I200_TRAIN_040_8f6701e758,ok,200
2,0.6503143357295617,13.51154899597168,8.220819473266602,10.86618423461914,13.51154899597168,16.77095603942871,10.515681266784668,1.5383566617965698,0.632809579372406,0.3952018054587021,0.500936450190733,0.7098665237426758,3869,14.884381294250488,9.576542854309082,596,28.641345977783203,17.104881286621094,4518,12.547839164733888,7.524978160858154,0.0,1.0,0.2281420765027322,0.4334699453551912,0.6189890710382514,0.3654371584699453,0.6907103825136612,0.8663934426229508,0.7331574559211731,N200_O4_PRIOR_WINNER_FIXED,NESTED_INNER_SCREEN,resnet,multiview,10.0,none,multitask,multitask,jitter_scale,none,271832,1146884,1146884,29219,7320,14.682517528533936,4,PRIOR_WINNER_FIXED,ok,201
3,0.6261499804608962,12.719440460205078,8.267637252807617,10.493538856506348,12.719440460205078,16.00843620300293,10.935402870178224,-0.6464356184005737,-1.1013548374176023,0.3593746481775586,0.3946051501142841,0.6885659098625183,3577,13.013855934143066,8.190618515014648,482,30.459251403808597,17.54831314086914,4515,11.243257522583008,6.561967849731445,0.0,1.0,0.2428180574555403,0.466484268125855,0.6607387140902873,0.3983584131326949,0.6923392612859097,0.8571819425444597,0.6898359060287476,N200_O5_I200_ARCH_001_0070ac94e2,NESTED_INNER_SCREEN,adaptive_resnet,multiview_zscore,10.0,none,multitask,multitask,jitter_scale,none,271833,251592,251592,29273,7310,14.943546772003174,5,I200_ARCH_001_0070ac94e2,ok,1
3,0.6278350283117855,12.696534156799316,8.259254455566406,10.477893829345703,12.696534156799316,15.926151275634766,10.935957908630373,0.2264407575130462,-0.964279294013977,0.3686981042327232,0.3994820644915771,0.6875890493392944,3577,13.297399520874023,8.263439178466797,482,29.270523071289062,17.150409698486328,4515,11.496659278869627,6.669346332550049,0.0,1.0,0.241313269493844,0.467578659370725,0.66484268125855,0.4008207934336525,0.6872777017783858,0.8563611491108071,0.6918131113052368,N200_O5_I200_ARCH_002_60c8d80ebf,NESTED_INNER_SCREEN,adaptive_resnet,multiview_zscore,10.0,none,multitask,multitask,jitter_scale,none,271833,251612,251612,29273,7310,15.429312467575071,5,I200_ARCH_002_60c8d80ebf,ok,2
2,0.6450736308409497,12.645149230957031,8.371615409851074,10.508382797241213,12.645149230957031,15.82735824584961,10.817469596862791,0.6792821884155273,0.9695936441421508,0.3768138575647398,0.4082672998925389,0.690704345703125,3577,13.321280479431152,9.457504272460938,482,28.995365142822266,15.86440658569336,4515,11.475332260131836,7.722851753234863,0.0,1.0,0.2409028727770177,0.466484268125855,0.6637482900136799,0.3805745554035568,0.6744186046511628,0.8489740082079343,0.706392765045166,N200_O5_I200_ARCH_003_2e86f85560,NESTED_INNER_SCREEN,adaptive_resnet,multiview_zscore,10.0,none,multitask,multitask,jitter_scale,none,271833,255976,255976,29273,7310,12.371532917022703,5,I200_ARCH_003_2e86f85560,ok,3
3,0.6251075746966344,12.626769065856934,8.269390106201172,10.448080062866213,12.626769065856934,15.893203735351562,10.961925506591797,-0.4700473845005035,-0.8785912394523621,0.373596754683936,0.3936264185360166,0.6860570311546326,3577,12.965489387512209,8.30694580078125,482,29.69625473022461,17.05158042907715,4515,11.241299629211426,6.703246116638184,0.0,1.0,0.2443228454172366,0.4709986320109439,0.6637482900136799,0.4004103967168262,0.6891928864569083,0.854172366621067,0.6887941956520081,N200_O5_I200_ARCH_004_3b8a4c1910,NESTED_INNER_SCREEN,adaptive_resnet,multiview_zscore,10.0,none,multitask,multitask,jitter_scale,none,271833,334026,334026,29273,7310,19.588781356811523,5,I200_ARCH_004_3b8a4c1910,ok,4
3,0.6279817655974743,12.705653190612791,8.247387886047363,10.476520538330078,12.705653190612791,15.890288352966309,10.939844131469728,0.5162085294723511,-1.2649695873260498,0.3679258158930518,0.4048341587148374,0.6873628497123718,3577,13.405543327331545,8.089728355407715,482,28.92616271972656,17.358522415161133,4515,11.565205574035645,6.543949127197266,0.0,1.0,0.2357045143638851,0.4653898768809849,0.6616963064295486,0.3984952120383037,0.6905608755129959,0.8582763337893297,0.6906391382217407,N200_O5_I200_ARCH_005_6e92f23031,NESTED_INNER_SCREEN,adaptive_resnet,multiview_zscore,10.0,none,multitask,multitask,jitter_scale,none,271833,334056,334056,29273,7310,20.223822832107544,5,I200_ARCH_005_6e92f23031,ok,5
3,0.6265110653989455,12.743247032165527,8.22413158416748,10.483689308166504,12.743247032165527,15.88831615447998,10.933965682983398,0.6324503421783447,-1.3439832925796509,0.3664945270494029,0.401957651298682,0.6874685287475586,3577,13.542845726013184,8.059124946594238,482,28.921772003173828,17.52467155456543,4515,11.650160789489746,6.461208820343018,0.0,1.0,0.2370725034199726,0.4607387140902872,0.6575923392612859,0.401641586867305,0.6931600547195622,0.8593707250341998,0.6913644075393677,N200_O5_I200_ARCH_006_4f28a7253b,NESTED_INNER_SCREEN,adaptive_resnet,multiview_zscore,10.0,none,multitask,multitask,jitter_scale,none,271833,340602,340602,29273,7310,20.73535990715027,5,I200_ARCH_006_4f28a7253b,ok,6
3,0.6219704388792998,12.68550968170166,8.294476509094238,10.48999309539795,12.68550968170166,15.909234046936035,11.039430618286133,0.0494111888110637,-1.7884938716888428,0.3672447152111188,0.3935645041532434,0.6887071132659912,3577,13.238588333129885,7.883998394012451,482,29.57893180847168,18.10662078857422,4515,11.41359519958496,6.283909320831299,0.0,1.0,0.2461012311901504,0.4611491108071135,0.6575923392612859,0.4004103967168262,0.6917920656634747,0.8554035567715458,0.6884046196937561,N200_O5_I200_ARCH_007_9404ad5336,NESTED_INNER_SCREEN,adaptive_resnet,multiview_zscore,10.0,none,multitask,multitask,jitter_scale,none,271833,416460,416460,29273,7310,23.221527338027958,5,I200_ARCH_007_9404ad5336,ok,7
3,0.6236431388293996,12.75693416595459,8.320068359375,10.538501739501951,12.75693416595459,16.083900451660156,11.01043701171875,-0.8425388932228088,-0.9849746823310852,0.3568840970569452,0.3934079487088427,0.6917308568954468,3577,12.945143699645996,8.295768737792969,482,30.317523956298828,17.257930755615234,4515,11.249263763427734,6.734849452972412,0.0,1.0,0.2462380300957592,0.4679890560875513,0.654172366621067,0.3965800273597811,0.6845417236662107,0.8552667578659371,0.692794919013977,N200_O5_I200_ARCH_008_73f727150e,NESTED_INNER_SCREEN,adaptive_resnet,multiview_zscore,10.0,none,multitask,multitask,jitter_scale,none,271833,416500,416500,29273,7310,24.558829307556152,5,I200_ARCH_008_73f727150e,ok,8
3,0.623838959176556,12.742437362670898,8.295411109924316,10.518924713134766,12.742437362670898,16.02544403076172,10.987825393676758,0.0970089584589004,-0.8703728914260864,0.3585102777455801,0.3947495191754901,0.6903297305107117,3577,13.240442276000977,8.315217971801758,482,29.55608558654785,17.274843215942383,4515,11.460561752319336,6.747953414916992,0.0,1.0,0.2435020519835841,0.4674418604651162,0.6570451436388509,0.3983584131326949,0.6876880984952121,0.8551299589603283,0.6939959526062012,N200_O5_I200_ARCH_009_a64321f369,NESTED_INNER_SCREEN,adaptive_resnet,multiview_zscore,10.0,none,multitask,multitask,jitter_scale,none,271833,425228,425228,29273,7310,25.200998544692997,5,I200_ARCH_009_a64321f369,ok,9
2,0.6404634121975867,12.537080764770508,8.365893363952637,10.451486587524414,12.537080764770508,15.81585693359375,10.869349479675291,0.0168827418237924,0.787189781665802,0.3785078257008639,0.3973407673363033,0.6874644756317139,3577,13.029939651489258,9.409022331237791,482,29.83521842956543,16.121816635131836,4515,11.222284317016602,7.632190227508545,0.0,1.0,0.2515731874145007,0.4734610123119015,0.6677154582763338,0.3822161422708618,0.6756497948016416,0.8504787961696306,0.7014449238777161,N200_O5_I200_ARCH_010_ec241a5c84,NESTED_INNER_SCREEN,adaptive_resnet,multiview_zscore,10.0,none,multitask,multitask,jitter_scale,none,271833,518248,518248,29273,7310,12.00016474723816,5,I200_ARCH_010_ec241a5c84,ok,10
3,0.6275275797625772,12.688278198242188,8.332954406738281,10.510616302490234,12.688278198242188,15.873855590820312,11.048208236694336,1.0042375326156616,-1.417227268218994,0.3762202718470092,0.3944780288164582,0.6903408765792847,3577,13.541204452514648,8.117928504943848,482,28.20437240600586,17.509225845336914,4515,11.698264122009276,6.590091228485107,0.0,1.0,0.2428180574555403,0.4648426812585499,0.6593707250341997,0.394391244870041,0.6878248974008208,0.8548563611491108,0.6941019892692566,N200_O5_I200_ARCH_011_b8134a8a09,NESTED_INNER_SCREEN,adaptive_resnet,multiview_zscore,10.0,none,multitask,multitask,jitter_scale,none,271833,518268,518268,29273,7310,15.922983646392822,5,I200_ARCH_011_b8134a8a09,ok,11
2,0.6438874204953512,12.55677890777588,8.31269645690918,10.434738159179688,12.55677890777588,15.778054237365724,10.841453552246094,0.0899944454431533,0.3911933302879333,0.3804918108498443,0.4001121975290987,0.6858606934547424,3577,13.074323654174805,9.123587608337402,482,29.574893951416016,16.28830337524414,4515,11.278279304504396,7.388082981109619,0.0,1.0,0.2478796169630643,0.4715458276333789,0.6671682626538987,0.3879616963064295,0.679890560875513,0.8532147742818057,0.6976640820503235,N200_O5_I200_ARCH_012_3bebdfe95f,NESTED_INNER_SCREEN,adaptive_resnet,multiview_zscore,10.0,none,multitask,multitask,jitter_scale,none,271833,527896,527896,29273,7310,13.934907913208008,5,I200_ARCH_012_3bebdfe95f,ok,12
4,0.6006196433422613,12.784795761108398,8.220359802246094,10.502577781677246,12.784795761108398,16.20256233215332,10.8978271484375,-0.8154813051223755,-0.9912069439888,0.3549769711541589,0.3971646761899914,0.6884725093841553,3577,12.880024909973145,8.240071296691895,482,30.112274169921875,17.573915481567383,4515,11.195116996765137,6.512434959411621,0.0124481327800829,0.9972173403632104,0.2499316005471956,0.4688098495212038,0.655266757865937,0.4021887824897401,0.6937072503419973,0.8517099863201094,0.6893346309661865,N200_O5_I200_ARCH_013_0fd718994c,NESTED_INNER_SCREEN,adaptive_resnet,multiview_zscore,10.0,none,multitask,multitask,jitter_scale,none,271833,703338,703338,29273,7310,19.089359998703003,5,I200_ARCH_013_0fd718994c,ok,13
3,0.6248652771407482,12.66932487487793,8.237848281860352,10.45358657836914,12.66932487487793,15.96104335784912,10.952168464660645,-0.6649600267410278,-1.2426828145980835,0.3669489176331501,0.3965862529518104,0.6859655976295471,3577,12.975523948669434,8.135655403137207,482,30.10235023498535,17.402280807495117,4515,11.241988182067873,6.498452186584473,0.0,1.0,0.2473324213406292,0.4685362517099863,0.6619699042407661,0.4038303693570451,0.6901504787961696,0.8554035567715458,0.6870629787445068,N200_O5_I200_ARCH_014_c183826645,NESTED_INNER_SCREEN,adaptive_resnet,multiview_zscore,10.0,none,multitask,multitask,jitter_scale,none,271833,703368,703368,29273,7310,21.227452278137207,5,I200_ARCH_014_c183826645,ok,14
3,0.6244616060475119,12.614992141723633,8.197505950927734,10.406249046325684,12.614992141723633,15.879960060119627,10.887795448303224,-0.6379245519638062,-1.1000587940216064,0.3764639084978883,0.4048517316198041,0.6828209757804871,3577,12.90218734741211,8.204469680786133,482,29.849477767944336,17.148427963256836,4515,11.171551704406738,6.551197052001953,0.0,1.0,0.2487004103967168,0.4720930232558139,0.666484268125855,0.4027359781121751,0.6917920656634747,0.8584131326949385,0.6848901510238647,N200_O5_I200_ARCH_015_ca1ee0e1e3,NESTED_INNER_SCREEN,adaptive_resnet,multiview_zscore,10.0,none,multitask,multitask,jitter_scale,none,271833,717810,717810,29273,7310,20.91413116455078,5,I200_ARCH_015_ca1ee0e1e3,ok,15
2,0.6427230192165748,12.543705940246582,8.344922065734863,10.444314002990724,12.543705940246582,15.881596565246582,10.890077590942385,-0.7530177235603333,0.0527946501970291,0.3719244234775683,0.386166180132993,0.686800479888916,3577,12.804912567138672,8.96720027923584,482,30.82699012756348,16.971641540527344,4515,10.999954223632812,7.188490867614746,0.0,1.0,0.253077975376197,0.4772913816689466,0.6677154582763338,0.3834473324213406,0.6808481532147743,0.8502051983584131,0.6949121952056885,N200_O5_I200_ARCH_016_ccec4f77dd,NESTED_INNER_SCREEN,adaptive_resnet,multiview_zscore,10.0,none,multitask,multitask,jitter_scale,none,271833,888428,888428,29273,7310,17.87564969062805,5,I200_ARCH_016_ccec4f77dd,ok,16
3,0.6236201703938005,12.602490425109863,8.269838333129883,10.436164855957031,12.602490425109863,15.818364143371582,10.96868896484375,0.3888212442398071,-1.279084086418152,0.3803389311411963,0.3959307240838355,0.6853992938995361,3577,13.31906509399414,8.123390197753906,482,28.915023803710938,17.40817642211914,4515,11.461017608642578,6.514430046081543,0.0,1.0,0.2435020519835841,0.4709986320109439,0.6678522571819425,0.3920656634746922,0.6923392612859097,0.8556771545827634,0.6889051198959351,N200_O5_I200_ARCH_017_be9af9faa0,NESTED_INNER_SCREEN,adaptive_resnet,multiview_zscore,10.0,none,multitask,multitask,jitter_scale,none,271833,888468,888468,29273,7310,24.869349718093872,5,I200_ARCH_017_be9af9faa0,ok,17
4,0.5991901866361207,12.688471794128418,8.228828430175781,10.458650588989258,12.688471794128418,16.13855743408203,10.928299903869627,-0.9726251363754272,-0.993265688419342,0.378325443081127,0.410777588267517,0.6861336827278137,3577,12.688924789428713,8.039994239807129,482,28.987659454345703,17.190820693969727,4515,11.136269569396973,6.522627353668213,0.0331950207468879,0.9926772114821324,0.2523939808481532,0.4846785225718194,0.6555403556771546,0.4049247606019152,0.6912448700410396,0.8547195622435021,0.684226930141449,N200_O5_I200_ARCH_018_57fb09dad6,NESTED_INNER_SCREEN,adaptive_resnet,multiview_zscore,10.0,none,multitask,multitask,jitter_scale,none,271833,907724,907724,29273,7310,25.716573238372803,5,I200_ARCH_018_57fb09dad6,ok,18
3,0.6251902993208442,12.831181526184082,8.25557804107666,10.543379783630373,12.831181526184082,16.032041549682617,10.981335639953612,1.256036639213562,-1.5132235288619995,0.3572408053759188,0.3959867386325882,0.6911886930465698,3577,13.79196071624756,7.9942731857299805,482,28.722686767578125,18.033878326416016,4515,11.858162879943848,6.362863540649414,0.0,1.0,0.2341997264021887,0.4577291381668946,0.6554035567715458,0.400547195622435,0.6902872777017783,0.8543091655266758,0.6952322721481323,N200_O5_I200_ARCH_019_8bfe0b6689,NESTED_INNER_SCREEN,adaptive_resnet,multiview_zscore,10.0,none,multitask,multitask,jitter_scale,none,271833,883208,883208,29273,7310,20.62017321586609,5,I200_ARCH_019_8bfe0b6689,ok,19
3,0.6265439862519308,12.732943534851074,8.300751686096191,10.516847610473633,12.732943534851074,15.889460563659668,11.03554916381836,0.8896499276161194,-1.6994688510894775,0.369788009168617,0.3949016397679339,0.6902815103530884,3577,13.630388259887695,7.9836039543151855,482,28.77262306213379,18.06686210632324,4515,11.735044479370115,6.380322456359863,0.0,1.0,0.2384404924760602,0.4589603283173734,0.6607387140902873,0.3980848153214774,0.6924760601915184,0.8559507523939809,0.6933196187019348,N200_O5_I200_ARCH_020_1dc145a265,NESTED_INNER_SCREEN,adaptive_resnet,multiview_zscore,10.0,none,multitask,multitask,jitter_scale,none,271833,883228,883228,29273,7310,21.41041135787964,5,I200_ARCH_020_1dc145a265,ok,20
3,0.6262015949666889,12.7593994140625,8.263275146484375,10.511337280273438,12.7593994140625,15.930607795715332,10.989697456359863,0.8838609457015991,-1.5521273612976074,0.365730349597987,0.3953093346285124,0.6895017623901367,3577,13.629107475280762,8.028347969055176,482,28.79020500183105,17.941987991333008,4515,11.720867156982422,6.390651702880859,0.0,1.0,0.2384404924760602,0.4588235294117647,0.6638850889192887,0.3993160054719562,0.692749658002736,0.859233926128591,0.6931784152984619,N200_O5_I200_ARCH_021_9ba9f6d45c,NESTED_INNER_SCREEN,adaptive_resnet,multiview_zscore,10.0,none,multitask,multitask,jitter_scale,none,271833,900168,900168,29273,7310,21.5149564743042,5,I200_ARCH_021_9ba9f6d45c,ok,21
3,0.6234803959435108,12.68165111541748,8.219111442565918,10.4503812789917,12.68165111541748,15.908309936523438,10.939485549926758,0.4665846526622772,-1.332505226135254,0.374143330273104,0.404795453842341,0.6855506896972656,3577,13.31782341003418,7.986001968383789,482,28.754505157470703,17.438180923461914,4515,11.493525505065918,6.424056053161621,0.0,1.0,0.2448700410396717,0.4648426812585499,0.6612859097127223,0.4024623803009576,0.6939808481532148,0.858686730506156,0.6876204013824463,N200_O5_I200_ARCH_022_cf87aa3138,NESTED_INNER_SCREEN,adaptive_resnet,multiview_zscore,10.0,none,multitask,multitask,jitter_scale,none,271833,1211914,1211914,29273,7310,24.993000507354736,5,I200_ARCH_022_cf87aa3138,ok,22
2,0.6438456723113465,12.557013511657717,8.294960021972656,10.425987243652344,12.557013511657717,15.792402267456056,10.828551292419434,0.3776417970657348,0.21185864508152,0.3798974495423726,0.4007678824151955,0.6851496696472168,3577,13.17158317565918,8.981585502624512,482,29.585235595703125,16.496063232421875,4515,11.298243522644045,7.264593601226807,0.0,1.0,0.247469220246238,0.4682626538987688,0.6700410396716826,0.3886456908344733,0.6838577291381669,0.8540355677154583,0.6963714361190796,N200_O5_I200_ARCH_023_6f19995429,NESTED_INNER_SCREEN,adaptive_resnet,multiview_zscore,10.0,none,multitask,multitask,jitter_scale,none,271833,1211944,1211944,29273,7310,23.233659267425537,5,I200_ARCH_023_6f19995429,ok,23
2,0.6413683396538877,12.518149375915527,8.258437156677246,10.388293266296388,12.518149375915527,15.75710391998291,10.815255165100098,0.2339106351137161,0.0534106865525245,0.3849109838984842,0.4037057435870142,0.682590126991272,3577,13.079949378967283,8.845212936401367,482,29.486602783203125,16.588706970214844,4515,11.238183975219728,7.144189357757568,0.0,1.0,0.2478796169630643,0.474829001367989,0.6711354309165527,0.3885088919288645,0.6867305061559508,0.8545827633378933,0.6924347877502441,N200_O5_I200_ARCH_024_8737cc351a,NESTED_INNER_SCREEN,adaptive_resnet,multiview_zscore,10.0,none,multitask,multitask,jitter_scale,none,271833,1237354,1237354,29273,7310,23.125511407852173,5,I200_ARCH_024_8737cc351a,ok,24
3,0.6238546710388333,12.679728507995604,8.181743621826172,10.430736541748049,12.679728507995604,15.87021255493164,10.818500518798828,0.7811110615730286,-0.7287082076072693,0.3773830823633843,0.4101480640915656,0.6839854121208191,3577,13.407962799072266,8.33323860168457,482,28.35042762756348,16.853818893432617,4515,11.603893280029297,6.693930149078369,0.0,1.0,0.2384404924760602,0.468673050615595,0.6653898768809849,0.4039671682626539,0.6928864569083447,0.8585499316005472,0.6905857920646667,N200_O5_I200_ARCH_025_1acdf38880,NESTED_INNER_SCREEN,adaptive_resnet,multiview_zscore,10.0,none,multitask,multitask,jitter_scale,none,271833,1540620,1540620,29273,7310,31.47218155860901,5,I200_ARCH_025_1acdf38880,ok,25
3,0.6229150665351768,12.712668418884276,8.251547813415527,10.482108116149902,12.712668418884276,16.015466690063477,10.918567657470703,-0.2206596434116363,-0.6856834888458252,0.3640298169357865,0.3965059405724671,0.6877264380455017,3577,13.075936317443848,8.385154724121094,482,29.4414176940918,16.998737335205078,4515,11.351430892944336,6.736889362335205,0.0,0.9998535442296428,0.2454172366621067,0.4668946648426813,0.6629274965800274,0.3995896032831737,0.6893296853625172,0.8566347469220246,0.6916059255599976,N200_O5_I200_ARCH_026_c1eed577b0,NESTED_INNER_SCREEN,adaptive_resnet,multiview_zscore,10.0,none,multitask,multitask,jitter_scale,none,271833,1540660,1540660,29273,7310,35.37456750869751,5,I200_ARCH_026_c1eed577b0,ok,26
3,0.6222902750657275,12.724761009216309,8.260167121887207,10.492464065551758,12.724761009216309,16.05280303955078,10.935370445251465,-0.6360117793083191,-0.7419968843460083,0.3600043839545139,0.3945245063605793,0.6884118318557739,3577,12.960563659667969,8.378288269042969,482,29.985618591308597,17.0208683013916,4515,11.25568962097168,6.739667892456055,0.0,1.0,0.2478796169630643,0.4688098495212038,0.6615595075239398,0.4023255813953488,0.6870041039671683,0.8551299589603283,0.6912475824356079,N200_O5_I200_ARCH_027_7377792955,NESTED_INNER_SCREEN,adaptive_resnet,multiview_zscore,10.0,none,multitask,multitask,jitter_scale,none,271833,1574540,1574540,29273,7310,35.555747747421265,5,I200_ARCH_027_7377792955,ok,27
2,0.6480843806578442,12.583134651184082,8.260089874267578,10.421611785888672,12.583134651184082,15.79600715637207,10.815265655517578,0.3642889261245727,-0.0402277372777462,0.3777795276885402,0.400684040500539,0.6844660639762878,3577,13.2232027053833,8.84390926361084,482,29.73324203491211,16.842491149902344,4515,11.340110778808594,7.099020004272461,0.0,1.0,0.2470588235294117,0.4685362517099863,0.6645690834473325,0.3906976744186046,0.6867305061559508,0.8548563611491108,0.6948254704475403,N200_O5_I200_ARCH_028_98a7a9be9a,NESTED_INNER_SCREEN,adaptive_resnet,multiview_zscore,10.0,none,multitask,multitask,jitter_scale,none,271833,1346472,1346472,29273,7310,20.83089780807495,5,I200_ARCH_028_98a7a9be9a,ok,28
2,0.6458277998406903,12.632244110107422,8.32237434387207,10.477309226989746,12.632244110107422,15.841557502746582,10.87476921081543,0.4253441989421844,0.1416653841733932,0.3716069765400965,0.3929796906300433,0.6883530020713806,3577,13.294401168823242,8.977083206176758,482,29.866613388061523,16.76421356201172,4515,11.400814056396484,7.25135326385498,0.0,1.0,0.2452804377564979,0.4652530779753762,0.6667578659370725,0.386593707250342,0.6781121751025991,0.8526675786593707,0.699583113193512,N200_O5_I200_ARCH_029_74d3352457,NESTED_INNER_SCREEN,adaptive_resnet,multiview_zscore,10.0,none,multitask,multitask,jitter_scale,none,271833,1346492,1346492,29273,7310,23.88936424255371,5,I200_ARCH_029_74d3352457,ok,29
2,0.6450296628708933,12.6043062210083,8.292254447937012,10.448280334472656,12.6043062210083,15.856547355651855,10.854044914245604,-0.2028273195028305,0.0074446527287364,0.3687854761629612,0.393569749818784,0.6863567233085632,3577,13.043965339660645,8.92811393737793,482,30.53739356994629,16.93410873413086,4515,11.1976900100708,7.157299995422363,0.0,1.0,0.2487004103967168,0.4678522571819425,0.66812585499316,0.3898768809849521,0.6818057455540356,0.8532147742818057,0.695847749710083,N200_O5_I200_ARCH_030_d854d1468d,NESTED_INNER_SCREEN,adaptive_resnet,multiview_zscore,10.0,none,multitask,multitask,jitter_scale,none,271833,1372792,1372792,29273,7310,23.983105421066284,5,I200_ARCH_030_d854d1468d,ok,30
2,0.6452726129612891,12.629671096801758,8.293808937072754,10.461740493774414,12.629671096801758,15.86955738067627,10.828939437866213,-0.4250440895557403,0.1343404650688171,0.3679404421477776,0.3960443721827761,0.6871256828308105,3577,13.019713401794434,9.050159454345703,482,30.636104583740234,16.733686447143555,4515,11.197885513305664,7.243052959442139,0.0,1.0,0.2488372093023255,0.4667578659370725,0.6690834473324213,0.3835841313269494,0.6805745554035568,0.8533515731874145,0.6974900960922241,N200_O5_I200_ARCH_031_9b812a99a0,NESTED_INNER_SCREEN,adaptive_resnet,multiview_zscore,10.0,none,multitask,multitask,jitter_scale,none,271833,1859754,1859754,29273,7310,28.77157831192017,5,I200_ARCH_031_9b812a99a0,ok,31
3,0.6238552257905599,12.725011825561523,8.216364860534668,10.470687866210938,12.725011825561523,15.980533599853516,10.899036407470703,0.0385499708354473,-1.219652533531189,0.3610566987331309,0.4050410584618205,0.6866466999053955,3577,13.275595664978027,8.105908393859863,482,29.603349685668945,17.57195281982422,4515,11.457473754882812,6.4787917137146,0.0,1.0,0.2415868673050615,0.466484268125855,0.6608755129958961,0.3957592339261286,0.6950752393980848,0.859781121751026,0.6893613338470459,N200_O5_I200_ARCH_032_254a5f429f,NESTED_INNER_SCREEN,adaptive_resnet,multiview_zscore,10.0,none,multitask,multitask,jitter_scale,none,271833,1859784,1859784,29273,7310,40.842280864715576,5,I200_ARCH_032_254a5f429f,ok,32
2,0.6457209715656206,12.646510124206545,8.346126556396484,10.496318817138672,12.646510124206545,15.833980560302734,10.8348970413208,0.543327808380127,0.6066904664039612,0.3730981031026695,0.3984837868159639,0.6897110939025879,3577,13.354485511779783,9.332075119018556,482,29.653413772583008,16.299955368041992,4515,11.473471641540527,7.533685684204102,0.0,1.0,0.2463748290013679,0.4604651162790698,0.6636114911080712,0.3827633378932968,0.6766073871409028,0.8506155950752394,0.7046103477478027,N200_O5_I200_ARCH_033_0f34dac454,NESTED_INNER_SCREEN,adaptive_resnet,multiview_zscore,10.0,none,multitask,multitask,jitter_scale,none,271833,1899234,1899234,29273,7310,32.881951332092285,5,I200_ARCH_033_0f34dac454,ok,33
2,0.6427761814952676,12.657943725585938,8.357514381408691,10.507728576660156,12.657943725585938,15.828801155090332,10.87820529937744,1.085466742515564,0.4921624660491943,0.3772285994378844,0.3943844392176263,0.6904900670051575,3577,13.56894874572754,9.231681823730469,482,28.885053634643555,16.300006866455078,4515,11.64064598083496,7.496401786804199,0.0,1.0,0.2419972640218878,0.4627906976744186,0.6580027359781122,0.3890560875512996,0.6767441860465117,0.8482900136798905,0.7056717276573181,N200_O5_I200_ARCH_034_39d5865ade,NESTED_INNER_SCREEN,adaptive_resnet,multiview_zscore,10.0,none,multitask,multitask,jitter_scale,none,271833,2373036,2373036,29273,7310,37.027891635894775,5,I200_ARCH_034_39d5865ade,ok,34
3,0.6220024403403787,12.647424697875977,8.310934066772461,10.47917938232422,12.647424697875977,15.92199420928955,11.01653003692627,0.0378246307373046,-1.1889898777008057,0.3759214079383254,0.392969967949717,0.6883127689361572,3577,13.145587921142578,8.224912643432617,482,28.864723205566406,17.190776824951172,4515,11.398737907409668,6.636717319488525,0.0,1.0,0.247469220246238,0.4723666210670315,0.6627906976744186,0.3958960328317373,0.686046511627907,0.8534883720930233,0.6909096837043762,N200_O5_I200_ARCH_035_853eef6ae1,NESTED_INNER_SCREEN,adaptive_resnet,multiview_zscore,10.0,none,multitask,multitask,jitter_scale,none,271833,2373076,2373076,29273,7310,50.58221650123596,5,I200_ARCH_035_853eef6ae1,ok,35
3,0.6220230125134287,12.695881843566896,8.342000007629395,10.518940925598145,12.695881843566896,15.93612575531006,11.036680221557615,0.336814135313034,-1.1286524534225464,0.3723548975250357,0.3933246177616586,0.6909185647964478,3577,13.318782806396484,8.2969970703125,482,28.688705444335938,17.07355308532715,4515,11.541146278381348,6.743439674377441,0.0,1.0,0.241860465116279,0.4683994528043775,0.6607387140902873,0.3967168262653899,0.6841313269493844,0.8502051983584131,0.694798469543457,N200_O5_I200_ARCH_036_2fdc7f862b,NESTED_INNER_SCREEN,adaptive_resnet,multiview_zscore,10.0,none,multitask,multitask,jitter_scale,none,271833,2425676,2425676,29273,7310,51.277251958847046,5,I200_ARCH_036_2fdc7f862b,ok,36
2,0.6448075151910969,12.579833984375,8.286323547363281,10.43307876586914,12.579833984375,15.800592422485352,10.824552536010742,0.1680187135934829,0.0553945265710353,0.3752604764833264,0.3961371608682846,0.6854355335235596,3577,13.192792892456056,8.96596908569336,482,30.1491756439209,17.018451690673828,4515,11.272708892822266,7.154513359069824,0.0,1.0,0.2465116279069767,0.4677154582763337,0.6709986320109439,0.3863201094391245,0.6797537619699042,0.8533515731874145,0.6965755224227905,N200_O5_I200_ARCH_037_dd8572626e,NESTED_INNER_SCREEN,adaptive_resnet,multiview_zscore,10.0,none,multitask,multitask,jitter_scale,none,271833,705721,705721,29273,7310,16.843438863754272,5,I200_ARCH_037_dd8572626e,ok,37
3,0.6257781530517379,12.612208366394045,8.236538887023926,10.424373626708984,12.612208366394045,15.867172241210938,10.94983959197998,-0.0352254509925842,-1.342217206954956,0.3737995645148342,0.4038578902814658,0.6843225955963135,3577,13.08423900604248,8.034977912902832,482,29.527400970458984,17.4718074798584,4515,11.335296630859377,6.467891216278076,0.0,1.0,0.2470588235294117,0.4711354309165527,0.6636114911080712,0.3995896032831737,0.6917920656634747,0.8600547195622436,0.6855690479278564,N200_O5_I200_ARCH_038_ced99ae8f1,NESTED_INNER_SCREEN,adaptive_resnet,multiview_zscore,10.0,none,multitask,multitask,jitter_scale,none,271833,703369,703369,29273,7310,21.4061131477356,5,I200_ARCH_038_ced99ae8f1,ok,38
3,0.6231599200784771,12.637810707092283,8.203592300415039,10.42070198059082,12.637810707092283,15.844449043273926,10.907879829406738,0.5907703638076782,-1.2429800033569336,0.3759595767089275,0.4057851633133388,0.6837024092674255,3577,13.398923873901367,8.080262184143066,482,29.01289749145508,17.49901580810547,4515,11.51718807220459,6.47208309173584,0.0,1.0,0.2429548563611491,0.4648426812585499,0.6653898768809849,0.400547195622435,0.6935704514363885,0.8601915184678522,0.6877520084381104,N200_O5_I200_ARCH_039_705132b1ca,NESTED_INNER_SCREEN,adaptive_resnet,multiview_zscore,10.0,none,multitask,multitask,jitter_scale,none,271833,720163,720163,29273,7310,21.72601342201233,5,I200_ARCH_039_705132b1ca,ok,39
3,0.6255028540012884,12.662306785583496,8.240694999694824,10.45150089263916,12.662306785583496,15.917004585266112,10.93864631652832,-0.2028835266828537,-1.1868224143981934,0.3699930668072306,0.4009888904511862,0.6858854293823242,3577,13.108938217163086,8.15091323852539,482,29.53752899169922,17.293054580688477,4515,11.362101554870604,6.542626857757568,0.0,1.0,0.2476060191518468,0.4678522571819425,0.6610123119015048,0.4009575923392612,0.6920656634746922,0.858686730506156,0.688085675239563,N200_O5_I200_ARCH_040_c6a47ec132,NESTED_INNER_SCREEN,adaptive_resnet,multiview_zscore,10.0,none,multitask,multitask,jitter_scale,none,271833,717811,717811,29273,7310,21.79807424545288,5,I200_ARCH_040_c6a47ec132,ok,40
4,0.5979281973605063,12.75052547454834,8.20785903930664,10.479192733764648,12.75052547454834,16.2109317779541,10.892340660095217,-1.129404902458191,-1.1507238149642944,0.3646268048890956,0.4087286841253967,0.687012791633606,3577,12.719076156616213,8.058753967285156,482,29.852832794189453,17.37211036682129,4515,11.172614097595217,6.48097562789917,0.0082987551867219,0.9969244288224955,0.2515731874145007,0.4786593707250342,0.6559507523939808,0.4013679890560875,0.6916552667578659,0.854172366621067,0.6852858662605286,N200_O5_I200_ARCH_041_5394787084,NESTED_INNER_SCREEN,adaptive_resnet,multiview_zscore,10.0,none,multitask,multitask,jitter_scale,none,271833,890821,890821,29273,7310,25.232983350753784,5,I200_ARCH_041_5394787084,ok,41
2,0.6404270825822369,12.54257583618164,8.311407089233398,10.42699146270752,12.54257583618164,15.832484245300291,10.860790252685549,-0.4605813324451446,0.1403965204954147,0.37538200743022,0.3922986729080102,0.685413122177124,3577,12.913100242614746,9.00178337097168,482,30.548555374145508,16.805809020996094,4515,11.083992004394531,7.220217704772949,0.0,1.0,0.2519835841313269,0.4725034199726402,0.6715458276333789,0.3891928864569083,0.6824897400820793,0.8526675786593707,0.694974422454834,N200_O5_I200_ARCH_042_5f3d5eec56,NESTED_INNER_SCREEN,adaptive_resnet,multiview_zscore,10.0,none,multitask,multitask,jitter_scale,none,271833,888469,888469,29273,7310,20.27464818954468,5,I200_ARCH_042_5f3d5eec56,ok,42
2,0.6403208678843928,12.611808776855469,8.271632194519043,10.441720962524414,12.611808776855469,15.848929405212402,10.82622241973877,0.6638392806053162,-0.1825302839279174,0.3747948353097431,0.3975297933703659,0.6857312917709351,3577,13.326523780822754,8.762333869934082,482,29.334922790527344,17.108829498291016,4515,11.45922565460205,6.990533828735352,0.0,1.0,0.2504787961696306,0.4696306429548563,0.6632010943912449,0.388235294117647,0.6883720930232559,0.853625170998632,0.6956683397293091,N200_O5_I200_ARCH_043_84f766b076,NESTED_INNER_SCREEN,adaptive_resnet,multiview_zscore,10.0,none,multitask,multitask,jitter_scale,none,271833,910077,910077,29273,7310,20.856533527374268,5,I200_ARCH_043_84f766b076,ok,43
2,0.6406113376804426,12.512686729431152,8.293999671936035,10.403343200683594,12.512686729431152,15.81015396118164,10.8631591796875,-0.8320634961128235,-0.0700670853257179,0.3803390578310712,0.3914645108772227,0.6838768720626831,3577,12.75135612487793,8.87617301940918,482,30.79462242126465,16.926218032836914,4515,10.973506927490234,7.104480743408203,0.0,1.0,0.254719562243502,0.479890560875513,0.6696306429548564,0.3885088919288645,0.6819425444596443,0.8519835841313269,0.6914260387420654,N200_O5_I200_ARCH_044_d639e0c279,NESTED_INNER_SCREEN,adaptive_resnet,multiview_zscore,10.0,none,multitask,multitask,jitter_scale,none,271833,907725,907725,29273,7310,20.649500846862797,5,I200_ARCH_044_d639e0c279,ok,44
3,0.6256254997128755,12.66855239868164,8.263837814331055,10.466195106506348,12.66855239868164,15.987738609313965,10.925497055053713,-0.233922854065895,-0.7368239760398865,0.3638475269515089,0.3942572142626852,0.6869955658912659,3577,13.047637939453123,8.363840103149414,482,29.77955818176269,17.059734344482422,4515,11.280007362365724,6.721360683441162,0.0,1.0,0.2465116279069767,0.4723666210670315,0.6653898768809849,0.3942544459644322,0.6908344733242134,0.8508891928864569,0.6906452775001526,N200_O5_I200_ARCH_045_732c66f764,NESTED_INNER_SCREEN,adaptive_resnet,multiview_zscore,10.0,none,multitask,multitask,jitter_scale,none,271833,1216105,1216105,29273,7310,29.4430992603302,5,I200_ARCH_045_732c66f764,ok,45
2,0.6425994591775284,12.624945640563965,8.267722129821777,10.446333885192873,12.624945640563965,15.812479972839355,10.811338424682615,1.2002216577529907,0.0696346163749694,0.382193888738676,0.4032715413576889,0.6859387755393982,3577,13.53792667388916,8.862442970275879,482,28.65573501586914,16.592132568359375,4515,11.602837562561035,7.148410797119141,0.0,1.0,0.2433652530779753,0.4640218878248974,0.6614227086183311,0.3901504787961696,0.6853625170998632,0.8518467852257182,0.6983077526092529,N200_O5_I200_ARCH_046_56cfb6ad83,NESTED_INNER_SCREEN,adaptive_resnet,multiview_zscore,10.0,none,multitask,multitask,jitter_scale,none,271833,1211945,1211945,29273,7310,23.12614345550537,5,I200_ARCH_046_56cfb6ad83,ok,46
3,0.6256580243702807,12.690552711486816,8.267043113708496,10.478797912597656,12.690552711486816,15.97602653503418,10.93687915802002,-0.3457599878311157,-0.8976832628250122,0.3636231069495511,0.3943732920711205,0.6877377033233643,3577,13.048616409301758,8.325372695922852,482,29.835317611694336,17.17482566833496,4515,11.307977676391602,6.68039608001709,0.0,1.0,0.2459644322845417,0.4667578659370725,0.6601915184678523,0.3978112175102599,0.6894664842681258,0.8512995896032832,0.6908196210861206,N200_O5_I200_ARCH_047_8d0da52d33,NESTED_INNER_SCREEN,adaptive_resnet,multiview_zscore,10.0,none,multitask,multitask,jitter_scale,none,271833,1241515,1241515,29273,7310,29.58947491645813,5,I200_ARCH_047_8d0da52d33,ok,47
2,0.6418123104993034,12.565174102783203,8.293656349182129,10.429414749145508,12.565174102783203,15.784561157226562,10.851468086242676,0.702789843082428,0.0238818880170583,0.3829187481473722,0.3961965874430892,0.6853240728378296,3577,13.342891693115234,8.880541801452637,482,29.09564781188965,16.695030212402344,4515,11.448508262634276,7.15790605545044,0.0,1.0,0.249110807113543,0.4690834473324213,0.6679890560875513,0.3891928864569083,0.6880984952120383,0.8519835841313269,0.6966724395751953,N200_O5_I200_ARCH_048_53423d5b33,NESTED_INNER_SCREEN,adaptive_resnet,multiview_zscore,10.0,none,multitask,multitask,jitter_scale,none,271833,1237355,1237355,29273,7310,23.80067276954651,5,I200_ARCH_048_53423d5b33,ok,48
3,0.6275456014022328,12.645962715148926,8.228230476379395,10.43709659576416,12.645962715148926,15.833148002624512,10.90896224975586,0.9691594839096068,-1.2934002876281738,0.3775719828617623,0.400262076336101,0.6849261522293091,3577,13.44420337677002,8.128824234008789,482,28.80539894104004,18.03255653381348,4515,11.565820693969728,6.437718868255615,0.0,1.0,0.2391244870041039,0.4644322845417236,0.6636114911080712,0.3983584131326949,0.6935704514363885,0.8589603283173735,0.6894761323928833,N200_O5_I200_ARCH_049_3c908901b6,NESTED_INNER_SCREEN,morphology_resnet,multiview_zscore,10.0,none,multitask,multitask,jitter_scale,none,271833,333376,333376,29273,7310,20.84027600288391,5,I200_ARCH_049_3c908901b6,ok,49
3,0.6264560787506352,12.65363597869873,8.226665496826172,10.44015121459961,12.65363597869873,15.8872652053833,10.890131950378418,0.2935613095760345,-1.0243886709213257,0.3737382761010337,0.4035650442535389,0.6850764751434326,3577,13.203303337097168,8.208222389221191,482,28.8842830657959,17.48000717163086,4515,11.4462308883667,6.563108921051025,0.0020746887966804,0.9997070884592852,0.2454172366621067,0.4690834473324213,0.6618331053351573,0.3990424076607387,0.6924760601915184,0.859781121751026,0.6887153387069702,N200_O5_I200_ARCH_050_c781a39749,NESTED_INNER_SCREEN,morphology_resnet,multiview_zscore,10.0,none,multitask,multitask,jitter_scale,none,271833,339922,339922,29273,7310,21.06745839118957,5,I200_ARCH_050_c781a39749,ok,50
3,0.6310792596511592,12.681614875793455,8.258504867553711,10.470060348510742,12.681614875793455,15.869370460510254,10.844688415527344,0.4063419103622436,-0.5140756964683533,0.3666258475117814,0.3961010296790804,0.6871434450149536,3577,13.411008834838867,8.616745948791504,482,29.58744239807129,17.13313102722168,4515,11.52076244354248,6.846792221069336,0.0,1.0,0.2409028727770177,0.4632010943912448,0.6644322845417237,0.3896032831737346,0.6848153214774282,0.8582763337893297,0.695842981338501,N200_O5_I200_ARCH_051_79a6655a84,NESTED_INNER_SCREEN,morphology_resnet,multiview_zscore,10.0,none,multitask,multitask,jitter_scale,none,271833,334433,334433,29273,7310,21.01680970191956,5,I200_ARCH_051_79a6655a84,ok,51
3,0.6301257138937907,12.818854331970217,8.290197372436523,10.554525375366213,12.818854331970217,15.961077690124512,10.817612648010254,1.5804722309112549,-0.1131468340754509,0.3632427755827173,0.3993842855914509,0.6922460794448853,3577,13.915837287902832,8.84478759765625,482,28.578378677368164,16.865978240966797,4515,11.92764377593994,7.072932720184326,0.0,1.0,0.2311901504787961,0.4518467852257182,0.658686730506156,0.3857729138166895,0.6820793433652531,0.8562243502051984,0.7054898142814636,N200_O5_I200_ARCH_052_5044c85b97,NESTED_INNER_SCREEN,morphology_resnet,multiview_zscore,10.0,none,multitask,multitask,jitter_scale,none,271833,340979,340979,29273,7310,21.16666865348816,5,I200_ARCH_052_5044c85b97,ok,52
3,0.6260201533635458,12.609506607055664,8.176168441772461,10.392837524414062,12.609506607055664,15.803251266479492,10.800333023071287,0.0087559316307306,-0.5236678719520569,0.3765734249202053,0.4072546040515729,0.6818050146102905,3577,13.140616416931152,8.512613296508789,482,29.70150184631348,17.183488845825195,4515,11.330768585205078,6.780239582061768,0.0,1.0,0.2421340629274966,0.46593707250342,0.667578659370725,0.3967168262653899,0.6949384404924761,0.858686730506156,0.6889041066169739,N200_O5_I200_ARCH_053_ccf610cb46,NESTED_INNER_SCREEN,morphology_resnet,multiview_zscore,10.0,none,multitask,multitask,jitter_scale,none,271833,702208,702208,29273,7310,21.606231689453125,5,I200_ARCH_053_ccf610cb46,ok,53
2,0.6494985561744839,12.608445167541504,8.334698677062988,10.471571922302246,12.608445167541504,15.835654258728027,10.863224029541016,0.14827461540699,0.0661695227026939,0.370126941070284,0.393122939433782,0.6881890892982483,3577,13.17969036102295,8.996949195861816,482,30.232515335083008,17.00110626220703,4515,11.294651985168455,7.245099544525146,0.0,1.0,0.2439124487004104,0.4674418604651162,0.666484268125855,0.3813953488372093,0.6831737346101231,0.8521203830369357,0.6988627910614014,N200_O5_I200_ARCH_054_11a301aeaa,NESTED_INNER_SCREEN,morphology_resnet,multiview_zscore,10.0,none,multitask,multitask,jitter_scale,none,271833,716650,716650,29273,7310,16.98874545097351,5,I200_ARCH_054_11a301aeaa,ok,54
2,0.6483598456663244,12.60342502593994,8.251508712768555,10.427467346191406,12.60342502593994,15.865859985351562,10.827333450317385,-0.7107481956481934,-0.3905597925186157,0.3687130001513836,0.3987153150958599,0.6846837401390076,3577,12.880331039428713,8.679086685180664,482,30.921358108520508,17.365144729614258,4515,11.07540798187256,6.895720958709717,0.0,1.0,0.2456908344733242,0.4693570451436388,0.6678522571819425,0.3891928864569083,0.688782489740082,0.8554035567715458,0.690935492515564,N200_O5_I200_ARCH_055_27730cb7fa,NESTED_INNER_SCREEN,morphology_resnet,multiview_zscore,10.0,none,multitask,multitask,jitter_scale,none,271833,704561,704561,29273,7310,17.35510754585266,5,I200_ARCH_055_27730cb7fa,ok,55
3,0.6251314091526605,12.62134838104248,8.17398738861084,10.39766788482666,12.62134838104248,15.820812225341797,10.811071395874023,0.3168992698192596,-1.0932382345199585,0.3729325947883939,0.4104809502939808,0.6820464134216309,3577,13.281756401062012,8.208086967468262,482,29.63916015625,17.576913833618164,4515,11.436837196350098,6.48893404006958,0.0,1.0,0.2410396716826265,0.4644322845417236,0.6644322845417237,0.3983584131326949,0.6934336525307797,0.860875512995896,0.6869874000549316,N200_O5_I200_ARCH_056_338e357fc6,NESTED_INNER_SCREEN,morphology_resnet,multiview_zscore,10.0,none,multitask,multitask,jitter_scale,none,271833,719003,719003,29273,7310,21.94899821281433,5,I200_ARCH_056_338e357fc6,ok,56
2,0.649481701695062,12.64343547821045,8.288166046142578,10.465801239013672,12.64343547821045,15.923177719116213,10.822617530822754,0.0507288165390491,0.010191167704761,0.3624372413379349,0.3985222644197733,0.6872805953025818,3577,13.176459312438965,8.925603866577148,482,30.321060180664062,17.007190704345703,4515,11.303452491760254,7.1649580001831055,0.0,1.0,0.2465116279069767,0.4649794801641587,0.6641586867305062,0.3845417236662106,0.6833105335157319,0.8545827633378933,0.6974373459815979,N200_O5_I200_ARCH_057_ee9c02f433,NESTED_INNER_SCREEN,morphology_resnet,multiview_zscore,10.0,none,multitask,multitask,jitter_scale,none,271833,1210304,1210304,29273,7310,23.36790633201599,5,I200_ARCH_057_ee9c02f433,ok,57
2,0.6482152599914401,12.650198936462402,8.302202224731445,10.476200103759766,12.650198936462402,15.932382583618164,10.826189041137695,0.1036131456494331,0.0467944703996181,0.3624176674367328,0.3966621752762724,0.6880367398262024,3577,13.201598167419434,8.990775108337402,482,30.299957275390625,17.032625198364258,4515,11.328310012817385,7.193890571594238,0.0,1.0,0.2463748290013679,0.4679890560875513,0.666484268125855,0.3831737346101231,0.6805745554035568,0.8538987688098495,0.6988385915756226,N200_O5_I200_ARCH_058_3835373060,NESTED_INNER_SCREEN,morphology_resnet,multiview_zscore,10.0,none,multitask,multitask,jitter_scale,none,271833,1235714,1235714,29273,7310,23.676315546035767,5,I200_ARCH_058_3835373060,ok,58
3,0.6291221014035293,12.656014442443848,8.250962257385254,10.45348834991455,12.656014442443848,15.801706314086914,10.963560104370115,0.5582294464111328,-1.963026762008667,0.3751304865453725,0.4054403645253505,0.686125636100769,3577,13.462998390197754,7.791210174560547,482,29.4173583984375,18.389434814453125,4515,11.544818878173828,6.154565811157227,0.0,1.0,0.2399452804377565,0.4615595075239398,0.6607387140902873,0.4015047879616963,0.6924760601915184,0.8615595075239398,0.6870918273925781,N200_O5_I200_ARCH_059_54930088fe,NESTED_INNER_SCREEN,morphology_resnet,multiview_zscore,10.0,none,multitask,multitask,jitter_scale,none,271833,1214465,1214465,29273,7310,29.490074157714844,5,I200_ARCH_059_54930088fe,ok,59
3,0.6282831153838463,12.686333656311035,8.266341209411621,10.476337432861328,12.686333656311035,15.858202934265137,10.969234466552734,0.7579127550125122,-1.8180633783340452,0.3700815374417553,0.4048097613206529,0.6875917911529541,3577,13.507617950439451,7.837913513183594,482,29.240964889526367,18.214250564575195,4515,11.587626457214355,6.264129638671875,0.0,1.0,0.2359781121751026,0.461422708618331,0.6622435020519836,0.3972640218878249,0.6909712722298221,0.8601915184678522,0.6889743208885193,N200_O5_I200_ARCH_060_0d813cd0a4,NESTED_INNER_SCREEN,morphology_resnet,multiview_zscore,10.0,none,multitask,multitask,jitter_scale,none,271833,1239875,1239875,29273,7310,29.758548974990845,5,I200_ARCH_060_0d813cd0a4,ok,60
3,0.6274108454292896,12.642953872680664,8.201632499694824,10.422292709350586,12.642953872680664,15.88258171081543,10.874046325683594,-0.6316938996315002,-1.486592411994934,0.3683887143062278,0.4066560847531626,0.6837663650512695,3577,12.917550086975098,7.957990169525146,482,30.456796646118164,18.190963745117188,4515,11.191448211669922,6.250620365142822,0.0,1.0,0.2450068399452804,0.4674418604651162,0.6623803009575924,0.3991792065663475,0.6939808481532148,0.861422708618331,0.6832131743431091,N200_O5_I200_ARCH_061_da08e0da96,NESTED_INNER_SCREEN,morphology_resnet,multiview_zscore,10.0,none,multitask,multitask,jitter_scale,none,271833,1857664,1857664,29273,7310,41.00668215751648,5,I200_ARCH_061_da08e0da96,ok,61
3,0.6264438835623997,12.614893913269045,8.184906959533691,10.399900436401367,12.614893913269045,15.851675033569336,10.803095817565918,-0.2718395292758941,-0.8980312347412109,0.3723248718556393,0.4080227383704714,0.682308554649353,3577,13.006000518798828,8.277135848999023,482,29.84002494812012,17.601964950561523,4515,11.269115447998049,6.531809329986572,0.0,1.0,0.2454172366621067,0.46703146374829,0.6659370725034199,0.3953488372093023,0.6949384404924761,0.8625170998632011,0.6859632730484009,N200_O5_I200_ARCH_062_144e74c5b2,NESTED_INNER_SCREEN,morphology_resnet,multiview_zscore,10.0,none,multitask,multitask,jitter_scale,none,271833,1897114,1897114,29273,7310,40.734236001968384,5,I200_ARCH_062_144e74c5b2,ok,62
3,0.6290967378740996,12.74681282043457,8.18563175201416,10.466222763061523,12.74681282043457,15.88125228881836,10.863523483276367,0.8664513230323792,-1.537885665893555,0.3653040830223163,0.4106497887850587,0.6860102415084839,3577,13.609293937683104,7.963240623474121,482,29.478614807128903,18.135385513305664,4515,11.667917251586914,6.277186870574951,0.0,1.0,0.2350205198358413,0.4548563611491108,0.6575923392612859,0.3968536251709986,0.6969904240766074,0.86593707250342,0.6897633075714111,N200_O5_I200_ARCH_063_1975c0590c,NESTED_INNER_SCREEN,morphology_resnet,multiview_zscore,10.0,none,multitask,multitask,jitter_scale,none,271833,1864145,1864145,29273,7310,41.223143339157104,5,I200_ARCH_063_1975c0590c,ok,63
3,0.6284190778638802,12.783652305603027,8.176152229309082,10.479902267456056,12.783652305603027,15.900191307067873,10.804913520812988,1.6342943906784058,-0.9509360790252686,0.3714240869981083,0.4086975895642524,0.6866521835327148,3577,13.93392562866211,8.283824920654297,482,28.575822830200195,17.59372329711914,4515,11.92672348022461,6.52984619140625,0.0,1.0,0.2363885088919288,0.4521203830369357,0.6551299589603283,0.3974008207934336,0.6904240766073871,0.8627906976744186,0.6957465410232544,N200_O5_I200_ARCH_064_6008f5a3b1,NESTED_INNER_SCREEN,morphology_resnet,multiview_zscore,10.0,none,multitask,multitask,jitter_scale,none,271833,1903595,1903595,29273,7310,41.49451231956482,5,I200_ARCH_064_6008f5a3b1,ok,64
4,0.6266097897797628,12.769974708557127,8.274560928344727,10.522268295288086,12.769974708557127,16.133567810058594,10.885406494140623,0.6158453822135925,0.0254602767527103,0.3667312247923523,0.3986060370285353,0.6902527809143066,3577,13.261479377746582,8.786748886108398,482,28.3101749420166,16.538036346435547,4515,11.5496244430542,7.140577793121338,0.0082987551867219,0.9985354422964264,0.2466484268125855,0.4731874145006839,0.6571819425444596,0.3967168262653899,0.6796169630642955,0.8533515731874145,0.6988537907600403,N200_O5_I200_ARCH_065_a8d7af58eb,NESTED_INNER_SCREEN,longconv,multiview_zscore,10.0,none,multitask,multitask,jitter_scale,none,271833,100713,100713,29273,7310,11.522601127624512,5,I200_ARCH_065_a8d7af58eb,ok,65
4,0.621554002457974,12.794011116027832,8.30097484588623,10.547492980957031,12.794011116027832,16.22627830505371,11.002781867980955,-0.4462685883045196,-0.8724395632743835,0.3543211833458728,0.3896291981268333,0.6919904947280884,3577,12.970526695251465,8.326801300048828,482,29.55984115600586,17.577665328979492,4515,11.34191608428955,6.713701248168945,0.0062240663900414,0.9980960749853544,0.248016415868673,0.4749658002735978,0.6593707250341997,0.399452804377565,0.6856361149110807,0.8506155950752394,0.6934801936149597,N200_O5_I200_ARCH_066_734bb3ccfc,NESTED_INNER_SCREEN,longconv,multiview_zscore,10.0,none,multitask,multitask,jitter_scale,none,271833,108905,108905,29273,7310,12.398802995681764,5,I200_ARCH_066_734bb3ccfc,ok,66
4,0.6279873851857154,12.836956024169922,8.304911613464355,10.570934295654297,12.836956024169922,16.203332901000977,10.96033000946045,0.8577907681465149,-0.2776850163936615,0.3634786588766379,0.3920094200314054,0.693345308303833,3577,13.474467277526855,8.625689506530762,482,28.22983169555664,16.81057357788086,4515,11.708261489868164,7.0210161209106445,0.0041493775933609,0.998681898066784,0.2459644322845417,0.4674418604651162,0.6559507523939808,0.4028727770177838,0.6826265389876881,0.8508891928864569,0.701026439666748,N200_O5_I200_ARCH_067_5a41f58e2b,NESTED_INNER_SCREEN,longconv,multiview_zscore,10.0,none,multitask,multitask,jitter_scale,none,271833,113387,113387,29273,7310,12.733792066574097,5,I200_ARCH_067_5a41f58e2b,ok,67
3,0.6328298675468544,12.765202522277832,8.320289611816406,10.54274559020996,12.765202522277832,15.927810668945312,10.923107147216797,1.427858829498291,0.0597481802105903,0.3727383404998017,0.3932523707168409,0.6919699907302856,3577,13.777779579162598,8.939640998840332,482,28.048789978027344,16.360076904296875,4515,11.86081314086914,7.26700496673584,0.0,1.0,0.2399452804377565,0.4637482900136799,0.6601915184678523,0.3911080711354309,0.6786593707250342,0.8481532147742818,0.7052812576293945,N200_O5_I200_ARCH_068_3777a7beba,NESTED_INNER_SCREEN,longconv,multiview_zscore,10.0,none,multitask,multitask,jitter_scale,none,271833,125675,125675,29273,7310,17.609251976013184,5,I200_ARCH_068_3777a7beba,ok,68
2,0.6487464464567845,12.60073947906494,8.304954528808594,10.45284652709961,12.60073947906494,15.871965408325195,10.847814559936523,-0.5736024379730225,0.2872374951839447,0.3697120445953887,0.4024195100197109,0.6867712736129761,3577,12.847346305847168,9.030250549316406,482,30.40873336791992,16.30875015258789,4515,11.12385082244873,7.345458030700684,0.0,1.0,0.2512995896032832,0.4722298221614227,0.6677154582763338,0.3837209302325581,0.6811217510259918,0.8504787961696306,0.6958233118057251,N200_O5_I200_ARCH_069_03f2b1dbc2,NESTED_INNER_SCREEN,longconv,multiview_zscore,10.0,none,multitask,multitask,jitter_scale,none,271833,172889,172889,29273,7310,10.33394479751587,5,I200_ARCH_069_03f2b1dbc2,ok,69
4,0.6187293447700202,12.761474609375,8.228143692016602,10.4948091506958,12.761474609375,16.12750816345215,10.907647132873535,0.4353598356246948,-0.7536702156066895,0.3624563355336285,0.3936751756483847,0.6881382465362549,3577,13.24885368347168,8.4031400680542,482,28.448841094970703,17.31623077392578,4515,11.537311553955078,6.686438083648682,0.0124481327800829,0.9976567076742824,0.2502051983584131,0.4694938440492476,0.6608755129958961,0.4027359781121751,0.688782489740082,0.8548563611491108,0.6933001279830933,N200_O5_I200_ARCH_070_d12e3e397d,NESTED_INNER_SCREEN,longconv,multiview_zscore,10.0,none,multitask,multitask,jitter_scale,none,271833,185177,185177,29273,7310,16.468241214752197,5,I200_ARCH_070_d12e3e397d,ok,70
4,0.6204529338412814,12.826690673828123,8.236311912536621,10.531501770019531,12.826690673828123,16.23069190979004,10.926607131958008,-0.4163411259651184,-0.7730478048324585,0.3537894626986926,0.3957468195635958,0.6902841925621033,3577,13.001303672790527,8.317008972167969,482,29.678977966308597,17.309389114379883,4515,11.355900764465332,6.687342643737793,0.0041493775933609,0.9992677211482132,0.2470588235294117,0.4703146374829001,0.6521203830369358,0.4035567715458276,0.685499316005472,0.8551299589603283,0.6923155784606934,N200_O5_I200_ARCH_071_6880a324e2,NESTED_INNER_SCREEN,longconv,multiview_zscore,10.0,none,multitask,multitask,jitter_scale,none,271833,198043,198043,29273,7310,18.15005087852478,5,I200_ARCH_071_6880a324e2,ok,71
4,0.6150260380670136,12.771262168884276,8.260385513305664,10.515823364257812,12.771262168884276,16.17421531677246,10.974864959716797,-0.0251738037914037,-0.8876619338989258,0.3603019939652244,0.3962077100095833,0.6897151470184326,3577,13.053462982177734,8.251455307006836,482,29.03071403503418,17.3526611328125,4515,11.35951805114746,6.669594764709473,0.0103734439834024,0.9972173403632104,0.248563611491108,0.474281805745554,0.6588235294117647,0.4004103967168262,0.6898768809849521,0.8552667578659371,0.6915887594223022,N200_O5_I200_ARCH_072_6d2d0fb6ea,NESTED_INNER_SCREEN,longconv,multiview_zscore,10.0,none,multitask,multitask,jitter_scale,none,271833,216475,216475,29273,7310,21.645766496658325,5,I200_ARCH_072_6d2d0fb6ea,ok,72
4,0.6239739407121746,12.759124755859377,8.299500465393066,10.529312133789062,12.759124755859377,16.23977279663086,10.889412879943848,-0.8416116237640381,-0.3008610010147095,0.3548098686626595,0.3936643840586867,0.6909596920013428,3577,12.742517471313477,8.639833450317383,482,30.28518295288086,16.83713150024414,4515,11.138446807861328,6.96324348449707,0.0082987551867219,0.9983889865260692,0.2549931600547195,0.4779753761969904,0.6577291381668947,0.3898768809849521,0.688782489740082,0.8518467852257182,0.6942863464355469,N200_O5_I200_ARCH_073_f3d457acb9,NESTED_INNER_SCREEN,conv_transformer_lite,multiview_zscore,10.0,none,multitask,multitask,jitter_scale,none,271833,148804,148804,29273,7310,8.111791610717773,5,I200_ARCH_073_f3d457acb9,ok,73
3,0.64023062878964,12.767220497131348,8.258115768432617,10.51266860961914,12.767220497131348,15.968567848205566,10.851428031921388,0.0774724632501602,-0.7966476678848267,0.3550568563720584,0.4006367220278634,0.6895108222961426,3577,13.25311279296875,8.384521484375,482,29.97598648071289,17.415063858032227,4515,11.449809074401855,6.709608554840088,0.0,1.0,0.2399452804377565,0.4632010943912448,0.6560875512995896,0.392749658002736,0.6901504787961696,0.8577291381668947,0.6941708922386169,N200_O5_I200_ARCH_074_4c2652ec21,NESTED_INNER_SCREEN,conv_transformer_lite,multiview_zscore,10.0,none,multitask,multitask,jitter_scale,none,271833,182276,182276,29273,7310,8.39864706993103,5,I200_ARCH_074_4c2652ec21,ok,74
3,0.6355732504059287,12.657047271728516,8.27625560760498,10.466651916503906,12.657047271728516,15.845523834228516,10.903233528137209,0.0219784677028656,-1.0120381116867063,0.3701445111183654,0.3949231341843405,0.6871776580810547,3577,13.17941188812256,8.295087814331055,482,29.93366813659668,17.607749938964844,4515,11.349233627319336,6.599740028381348,0.0,1.0,0.2404924760601915,0.467578659370725,0.66484268125855,0.3916552667578659,0.6876880984952121,0.8562243502051984,0.6910035610198975,N200_O5_I200_ARCH_075_efb5ec9ba5,NESTED_INNER_SCREEN,conv_transformer_lite,multiview_zscore,10.0,none,multitask,multitask,jitter_scale,none,271833,189764,189764,29273,7310,8.087754011154175,5,I200_ARCH_075_efb5ec9ba5,ok,75
3,0.6363512215271495,12.786994934082031,8.298230171203613,10.542612075805664,12.786994934082031,16.016178131103516,10.870782852172852,1.1302835941314695,-0.2880356609821319,0.359421252499577,0.3940648746213573,0.6916841864585876,3577,13.644834518432615,8.741870880126953,482,28.58905029296875,16.918434143066406,4515,11.79495906829834,6.992022037506104,0.0,1.0,0.2383036935704514,0.4678522571819425,0.6534883720930232,0.3891928864569083,0.6796169630642955,0.8529411764705882,0.7021414041519165,N200_O5_I200_ARCH_076_7c82063b42,NESTED_INNER_SCREEN,conv_transformer_lite,multiview_zscore,10.0,none,multitask,multitask,jitter_scale,none,271833,223236,223236,29273,7310,8.139356851577759,5,I200_ARCH_076_7c82063b42,ok,76
4,0.6180732818989972,12.71915054321289,8.251615524291992,10.48538303375244,12.71915054321289,16.1370792388916,10.92885398864746,-0.6702035069465637,-1.2979744672775269,0.3563599337820807,0.4003263198935664,0.6879096031188965,3577,12.84152889251709,8.09374713897705,482,30.325929641723636,17.666887283325195,4515,11.178974151611328,6.519836902618408,0.0041493775933609,0.999560632688928,0.2564979480164158,0.4760601915184678,0.6599179206566348,0.3987688098495212,0.6919288645690834,0.8589603283173735,0.6871646046638489,N200_O5_I200_ARCH_077_be22171213,NESTED_INNER_SCREEN,conv_transformer_lite,multiview_zscore,10.0,none,multitask,multitask,jitter_scale,none,271833,287268,287268,29273,7310,8.155227422714233,5,I200_ARCH_077_be22171213,ok,77
3,0.6360069193871193,12.725215911865234,8.323783874511719,10.524499893188477,12.725215911865234,15.954243659973145,10.952503204345703,0.0046899714507162,-1.179715871810913,0.365007660690765,0.4015859476907954,0.6909981966018677,3577,13.198007583618164,8.300379753112793,482,29.434497833251957,16.942913055419922,4515,11.430512428283691,6.76333475112915,0.0,1.0,0.2455540355677154,0.4701778385772914,0.6588235294117647,0.3890560875512996,0.6930232558139535,0.8559507523939809,0.6940519213676453,N200_O5_I200_ARCH_078_11203ead88,NESTED_INNER_SCREEN,conv_transformer_lite,multiview_zscore,10.0,none,multitask,multitask,jitter_scale,none,271833,362052,362052,29273,7310,9.75759983062744,5,I200_ARCH_078_11203ead88,ok,78
4,0.6164173495535757,12.789044380187988,8.290199279785156,10.539621353149414,12.789044380187988,16.215986251831055,10.923680305480955,0.3203254044055938,-1.1517467498779297,0.3532933847851119,0.4016398669973373,0.691416323184967,3577,13.100852966308594,8.136517524719238,482,29.04816436767578,17.59836196899414,4515,11.43971061706543,6.570962905883789,0.0062240663900414,0.997949619214997,0.2549931600547195,0.4745554035567715,0.6588235294117647,0.3924760601915185,0.6911080711354309,0.8552667578659371,0.692031979560852,N200_O5_I200_ARCH_079_6c3ed2e316,NESTED_INNER_SCREEN,conv_transformer_lite,multiview_zscore,10.0,none,multitask,multitask,jitter_scale,none,271833,379428,379428,29273,7310,8.090149879455566,5,I200_ARCH_079_6c3ed2e316,ok,79
3,0.6362362153389874,12.793733596801758,8.278404235839844,10.5360689163208,12.793733596801758,15.970853805541992,10.909971237182615,1.13414466381073,-0.8798059225082397,0.3642415995901409,0.3969586634192864,0.6910696625709534,3577,13.656774520874023,8.350744247436523,482,28.6669864654541,17.371356964111328,4515,11.785086631774902,6.709590435028076,0.0,1.0,0.2369357045143638,0.4651162790697674,0.6533515731874145,0.3961696306429548,0.6875512995896033,0.8570451436388509,0.6978076696395874,N200_O5_I200_ARCH_080_6cf6891d58,NESTED_INNER_SCREEN,conv_transformer_lite,multiview_zscore,10.0,none,multitask,multitask,jitter_scale,none,271833,454212,454212,29273,7310,8.320642709732056,5,I200_ARCH_080_6cf6891d58,ok,80
3,0.6657210752075794,12.849050521850586,8.312119483947754,10.580585479736328,12.849050521850586,15.981138229370115,10.99032974243164,1.544704556465149,-1.5331876277923584,0.3580962325195962,0.3867359755241209,0.6939735412597656,3577,13.937222480773926,7.997211456298828,482,29.01762008666992,18.221406936645508,4515,11.91200351715088,6.302154064178467,0.0,1.0,0.2294117647058823,0.4543091655266758,0.659233926128591,0.387688098495212,0.6896032831737346,0.8566347469220246,0.6983616352081299,N200_O5_I200_INPUT_001_5a0a67ff05,NESTED_INNER_SCREEN,adaptive_resnet,ppg,5.0,none,multitask,multitask,jitter_scale,none,271833,794047,794047,29273,7310,15.203695297241213,5,I200_INPUT_001_5a0a67ff05,ok,81
4,0.6402345615274766,12.774767875671388,8.248154640197754,10.51146125793457,12.774767875671388,16.115489959716797,10.899255752563477,0.3699627220630646,-1.0072014331817627,0.3596956628960156,0.3915156614515743,0.6893178820610046,3577,13.25520133972168,8.323244094848633,482,28.933738708496094,17.51133155822754,4515,11.512933731079102,6.539277076721191,0.0020746887966804,0.9992677211482132,0.2441860465116279,0.4660738714090287,0.6596443228454172,0.3937072503419973,0.692749658002736,0.8538987688098495,0.6934208869934082,N200_O5_I200_INPUT_002_ac74cecb2b,NESTED_INNER_SCREEN,adaptive_resnet,ppg,10.0,none,multitask,multitask,jitter_scale,none,271833,794047,794047,29273,7310,22.64237880706787,5,I200_INPUT_002_ac74cecb2b,ok,82
4,0.6357288867040397,12.768351554870604,8.23215103149414,10.500251770019531,12.768351554870604,16.14802360534668,10.847997665405272,0.1701080054044723,-0.715506911277771,0.3600782920786214,0.4041500986402549,0.6884918212890625,3577,13.181488037109377,8.38676643371582,482,29.09559440612793,16.8699893951416,4515,11.48209285736084,6.74077033996582,0.0,0.9994141769185706,0.252530779753762,0.4682626538987688,0.6540355677154582,0.3978112175102599,0.6909712722298221,0.8564979480164159,0.6929308176040649,N200_O5_I200_INPUT_003_2b0fb1a8ff,NESTED_INNER_SCREEN,adaptive_resnet,ppg,15.0,none,multitask,multitask,jitter_scale,none,271833,794047,794047,29273,7310,35.680798292160034,5,I200_INPUT_003_2b0fb1a8ff,ok,83
5,0.6247824886265922,12.783249855041504,8.311576843261719,10.547412872314451,12.783249855041504,16.174715042114258,10.944425582885742,-1.7168805599212646,-1.1686090230941772,0.3465998343967028,0.396668759662018,0.692119836807251,3577,12.669514656066896,8.183588027954102,482,31.659332275390625,17.61192512512207,4515,11.020753860473633,6.592822074890137,0.0020746887966804,0.9998535442296428,0.248016415868673,0.4668946648426813,0.660328317373461,0.3891928864569083,0.686593707250342,0.858686730506156,0.6900337934494019,N200_O5_I200_INPUT_004_520f82a220,NESTED_INNER_SCREEN,adaptive_resnet,ppg,10.0,raw__fusion+scale,multitask,multitask,jitter_scale,none,271833,810175,810175,29273,7310,22.581523418426517,5,I200_INPUT_004_520f82a220,ok,84
5,0.6338013211886088,12.9154634475708,8.478602409362793,10.697032928466797,12.9154634475708,16.25369644165039,11.0029878616333,-0.491543710231781,-0.290309339761734,0.3283546700085267,0.3721709261278189,0.7025578022003174,3577,13.237548828125,8.827534675598145,482,30.752124786376957,16.793914794921875,4515,11.386456489562988,7.0818867683410645,0.0020746887966804,0.9975102519039252,0.2419972640218878,0.4652530779753762,0.6510259917920657,0.3734610123119015,0.6783857729138167,0.8467852257181943,0.7083284854888916,N200_O5_I200_INPUT_005_cbd8675b74,NESTED_INNER_SCREEN,adaptive_resnet,ppg,10.0,bandpass_robust__fusion,multitask,multitask,jitter_scale,none,271833,809791,809791,29273,7310,22.635889291763306,5,I200_INPUT_005_cbd8675b74,ok,85
3,0.664100824617872,12.703705787658691,8.339691162109375,10.521697998046877,12.703705787658691,15.91580867767334,11.05387020111084,-0.0715323016047477,-1.78121817111969,0.3592799922118708,0.3780132420251916,0.6910429000854492,3577,13.239484786987305,7.910208225250244,482,30.39621925354004,18.614561080932617,4515,11.322994232177734,6.148291110992432,0.0,1.0,0.2317373461012312,0.4623803009575923,0.6712722298221614,0.3912448700410397,0.6891928864569083,0.8593707250341998,0.6904277801513672,N200_O5_I200_INPUT_006_7d7ae74fb0,NESTED_INNER_SCREEN,adaptive_resnet,ppg_zscore,5.0,none,multitask,multitask,jitter_scale,none,271833,794047,794047,29273,7310,15.12775492668152,5,I200_INPUT_006_7d7ae74fb0,ok,86
3,0.6590102342219134,12.715563774108888,8.298758506774902,10.507161140441896,12.715563774108888,15.864458084106444,10.994284629821776,0.2014492154121399,-1.735984206199646,0.364646837250193,0.3875267492385884,0.6897170543670654,3577,13.424524307250977,7.931312084197998,482,30.34203147888184,18.46352195739746,4515,11.42915153503418,6.153996467590332,0.0,1.0,0.2320109439124487,0.4584131326949384,0.6612859097127223,0.3919288645690834,0.6930232558139535,0.8593707250341998,0.6909346580505371,N200_O5_I200_INPUT_007_3d0037dee3,NESTED_INNER_SCREEN,adaptive_resnet,ppg_zscore,10.0,none,multitask,multitask,jitter_scale,none,271833,794047,794047,29273,7310,22.59620141983032,5,I200_INPUT_007_3d0037dee3,ok,87
3,0.651422479962991,12.619142532348633,8.231512069702148,10.42532730102539,12.619142532348633,15.8338623046875,10.901738166809082,-0.6900781989097595,-1.477357029914856,0.3732327779772871,0.4005033633261832,0.6843122839927673,3577,12.985215187072754,7.991209506988525,482,30.453651428222656,17.975255966186523,4515,11.169489860534668,6.287960052490234,0.0,1.0,0.2436388508891928,0.4707250341997264,0.6652530779753763,0.3909712722298221,0.6941176470588235,0.8593707250341998,0.6844295263290405,N200_O5_I200_INPUT_008_9f0d2de734,NESTED_INNER_SCREEN,adaptive_resnet,ppg_zscore,15.0,none,multitask,multitask,jitter_scale,none,271833,794047,794047,29273,7310,36.40631628036499,5,I200_INPUT_008_9f0d2de734,ok,88
5,0.6246685872670092,12.755906105041504,8.275675773620605,10.515790939331056,12.755906105041504,16.15043067932129,10.902409553527832,-2.1208934783935547,-1.217821478843689,0.3505010619926645,0.3993024336512942,0.6899062395095825,3577,12.580758094787598,8.184306144714355,482,32.1982536315918,17.845806121826172,4515,10.910279273986816,6.523806571960449,0.0020746887966804,1.0,0.2471956224350205,0.4719562243502052,0.6575923392612859,0.3963064295485636,0.6902872777017783,0.8590971272229823,0.6877632141113281,N200_O5_I200_INPUT_009_c7601107b8,NESTED_INNER_SCREEN,adaptive_resnet,ppg_zscore,10.0,raw__fusion+scale,multitask,multitask,jitter_scale,none,271833,810175,810175,29273,7310,22.78137683868408,5,I200_INPUT_009_c7601107b8,ok,89
2,0.6672360012733859,12.925628662109377,8.458759307861328,10.692193984985352,12.925628662109377,16.413236618041992,11.071383476257324,-2.4631102085113525,-1.127713918685913,0.3071281614255162,0.358398014021102,0.7020379304885864,3577,12.583267211914062,8.340838432312012,482,34.24673080444336,18.45025634765625,4515,10.771661758422852,6.558691501617432,0.0,1.0,0.2477428180574555,0.4682626538987688,0.6571819425444596,0.3755129958960328,0.6835841313269494,0.8512995896032832,0.6984626054763794,N200_O5_I200_INPUT_010_231d30bd00,NESTED_INNER_SCREEN,adaptive_resnet,ppg_zscore,10.0,bandpass_robust__fusion,multitask,multitask,jitter_scale,none,271833,809791,809791,29273,7310,18.20302414894104,5,I200_INPUT_010_231d30bd00,ok,90
4,0.6528965830802917,13.055209159851074,8.416223526000977,10.735715866088867,13.055209159851074,16.451065063476562,10.99856948852539,1.2716829776763916,-0.481652021408081,0.3414267365869421,0.3809878679220412,0.703924298286438,3577,13.767891883850098,8.614399909973145,482,27.94215965270996,16.942991256713867,4515,12.017380714416504,6.962879657745361,0.0082987551867219,0.9982425307557118,0.2387140902872777,0.4586867305061559,0.6444596443228454,0.3755129958960328,0.6807113543091655,0.8522571819425444,0.7108886241912842,N200_O5_I200_INPUT_011_adc5468579,NESTED_INNER_SCREEN,adaptive_resnet,ppg_bandpass,5.0,none,multitask,multitask,jitter_scale,none,271833,794047,794047,29273,7310,15.245437860488892,5,I200_INPUT_011_adc5468579,ok,91
3,0.6638805281882193,12.956493377685549,8.38679313659668,10.671643257141112,12.956493377685549,16.087114334106445,11.01819896697998,1.0567665100097656,-1.1551607847213743,0.3350835130413631,0.3653193923365918,0.6999856233596802,3577,14.016469955444336,8.448413848876953,482,30.17060089111328,18.458444595336918,4515,11.915711402893066,6.443259239196777,0.0,1.0,0.2257181942544459,0.4499316005471956,0.6454172366621067,0.3864569083447332,0.6829001367989056,0.8518467852257182,0.7079858183860779,N200_O5_I200_INPUT_012_69e7b3b71a,NESTED_INNER_SCREEN,adaptive_resnet,ppg_bandpass,10.0,none,multitask,multitask,jitter_scale,none,271833,794047,794047,29273,7310,21.900756359100345,5,I200_INPUT_012_69e7b3b71a,ok,92
3,0.6595029285530639,12.708287239074709,8.263200759887695,10.48574447631836,12.708287239074709,15.894801139831545,10.915014266967772,0.1393677294254303,-1.3437120914459229,0.3603875531244346,0.3917489411176695,0.6880759000778198,3577,13.354092597961426,8.153865814208984,482,30.19705581665039,18.07311248779297,4515,11.430155754089355,6.324412822723389,0.0,1.0,0.2393980848153215,0.4638850889192886,0.6630642954856362,0.392749658002736,0.6953488372093023,0.8590971272229823,0.6914645433425903,N200_O5_I200_INPUT_013_8621741f8c,NESTED_INNER_SCREEN,adaptive_resnet,ppg_bandpass,15.0,none,multitask,multitask,jitter_scale,none,271833,794047,794047,29273,7310,36.11926460266113,5,I200_INPUT_013_8621741f8c,ok,93
2,0.6699733625050464,13.049443244934082,8.44766902923584,10.74855613708496,13.049443244934082,16.48738670349121,11.000102043151855,-2.166846752166748,-0.4059701859951019,0.2928148745314409,0.3676198900833392,0.7050360441207886,3577,12.82058811187744,8.737180709838867,482,33.3956298828125,17.831621170043945,4515,11.104870796203612,6.943625926971436,0.0,1.0,0.2414500683994528,0.4554035567715458,0.6522571819425445,0.379890560875513,0.6727770177838577,0.8537619699042408,0.7063714861869812,N200_O5_I200_INPUT_014_cfcb3bf74d,NESTED_INNER_SCREEN,adaptive_resnet,ppg_bandpass,10.0,raw__fusion+scale,multitask,multitask,jitter_scale,none,271833,810175,810175,29273,7310,18.160638332366943,5,I200_INPUT_014_cfcb3bf74d,ok,94
2,0.6686786385922651,12.963834762573242,8.454314231872559,10.709074020385742,12.963834762573242,16.428380966186523,11.094884872436523,-2.010190010070801,-1.3048080205917358,0.2973607038630293,0.3595324524166808,0.7029216885566711,3577,12.762969017028809,8.2196626663208,482,33.81602478027344,18.490354537963867,4515,10.9156494140625,6.487296581268311,0.0,1.0,0.2441860465116279,0.4694938440492476,0.6543091655266758,0.3774281805745554,0.684952120383037,0.8493844049247606,0.6991504430770874,N200_O5_I200_INPUT_015_ba8c801495,NESTED_INNER_SCREEN,adaptive_resnet,ppg_bandpass,10.0,bandpass_robust__fusion,multitask,multitask,jitter_scale,none,271833,809791,809791,29273,7310,18.218943119049072,5,I200_INPUT_015_ba8c801495,ok,95
3,0.6268797773940891,12.92425537109375,8.269372940063477,10.596814155578612,12.92425537109375,16.20649528503418,10.878591537475586,0.6511487364768982,-0.5392315983772278,0.327957274495991,0.4017650117845334,0.6943377256393433,3577,13.745426177978516,8.544740676879883,482,29.74892807006836,17.15663719177246,4515,11.828499794006348,6.929244041442871,0.0,0.9998535442296428,0.2348837209302325,0.4588235294117647,0.6582763337893297,0.3935704514363885,0.6880984952120383,0.8574555403556772,0.7028377652168274,N200_O5_I200_INPUT_016_7380fb2f5d,NESTED_INNER_SCREEN,adaptive_resnet,derivatives,5.0,none,multitask,multitask,jitter_scale,none,271833,796159,796159,29273,7310,15.238763332366943,5,I200_INPUT_016_7380fb2f5d,ok,96
3,0.6210639807913039,12.868608474731444,8.215376853942871,10.5419921875,12.868608474731444,16.14121437072754,10.831847190856934,0.1069241091609001,-0.7441967129707336,0.336465785436906,0.4110484780014551,0.6906041502952576,3577,13.473370552062988,8.312496185302734,482,30.01531791687012,17.080425262451172,4515,11.648764610290527,6.726233959197998,0.0,1.0,0.2383036935704514,0.4596443228454172,0.6567715458276334,0.4002735978112175,0.6935704514363885,0.8596443228454173,0.6957952976226807,N200_O5_I200_INPUT_017_279ffe5338,NESTED_INNER_SCREEN,adaptive_resnet,derivatives,10.0,none,multitask,multitask,jitter_scale,none,271833,796159,796159,29273,7310,22.55002903938293,5,I200_INPUT_017_279ffe5338,ok,97
2,0.6430688999057596,12.89652156829834,8.315465927124023,10.605993270874023,12.89652156829834,16.147563934326172,10.829437255859377,0.9026840925216676,0.1700914651155471,0.3397446185727888,0.3959511910118901,0.6954304575920105,3577,13.637103080749512,9.062477111816406,482,29.54485321044922,16.84757423400879,4515,11.751996994018556,7.25761604309082,0.0,1.0,0.23515731874145,0.4595075239398085,0.6491108071135431,0.3857729138166895,0.6812585499316005,0.8543091655266758,0.708139955997467,N200_O5_I200_INPUT_018_062ba085b7,NESTED_INNER_SCREEN,adaptive_resnet,derivatives,15.0,none,multitask,multitask,jitter_scale,none,271833,796159,796159,29273,7310,28.63762664794922,5,I200_INPUT_018_062ba085b7,ok,98
3,0.6214500307257659,12.940199851989746,8.152840614318848,10.546520233154297,12.940199851989746,16.173511505126953,10.687694549560549,1.5813841819763184,0.0786512047052383,0.3475657759705569,0.4251635545902493,0.6900671124458313,3577,14.129417419433594,8.775949478149414,482,28.024057388305664,16.280790328979492,4515,12.20127010345459,7.110037326812744,0.0,1.0,0.2366621067031463,0.4584131326949384,0.647469220246238,0.3942544459644322,0.6967168262653899,0.8590971272229823,0.7046457529067993,N200_O5_I200_INPUT_019_a4fd9a28a2,NESTED_INNER_SCREEN,adaptive_resnet,derivatives,10.0,raw__fusion+scale,multitask,multitask,jitter_scale,none,271833,812287,812287,29273,7310,22.59811544418335,5,I200_INPUT_019_a4fd9a28a2,ok,99
2,0.6428209574393977,12.835945129394531,8.43604850769043,10.63599681854248,12.835945129394531,16.11393165588379,10.879634857177734,-0.3610711693763733,0.5742785930633545,0.3363587660476742,0.4003062475953107,0.6986225247383118,3577,13.086899757385254,9.132464408874512,482,31.06892204284668,16.35063934326172,4515,11.309407234191896,7.538715362548828,0.0,1.0,0.2354309165526675,0.4611491108071135,0.6584131326949384,0.3699042407660738,0.6723666210670315,0.8506155950752394,0.7074127197265625,N200_O5_I200_INPUT_020_1f340aac23,NESTED_INNER_SCREEN,adaptive_resnet,derivatives,10.0,bandpass_robust__fusion,multitask,multitask,jitter_scale,none,271833,811903,811903,29273,7310,18.112049341201782,5,I200_INPUT_020_1f340aac23,ok,100
3,0.628789514108421,12.725404739379885,8.25866985321045,10.492036819458008,12.725404739379885,15.956841468811035,10.894912719726562,-0.1169862449169159,-1.0391852855682373,0.355633183068107,0.3997608542646975,0.6883691549301147,3577,13.259153366088867,8.267507553100586,482,30.10080337524414,17.48006820678711,4515,11.410211563110352,6.616620063781738,0.0,1.0,0.2363885088919288,0.4623803009575923,0.6618331053351573,0.3991792065663475,0.6878248974008208,0.8562243502051984,0.6921731233596802,N200_O5_I200_INPUT_021_338dce3019,NESTED_INNER_SCREEN,adaptive_resnet,derivatives_zscore,5.0,none,multitask,multitask,jitter_scale,none,271833,796159,796159,29273,7310,15.207152843475342,5,I200_INPUT_021_338dce3019,ok,101
3,0.6229552786334668,12.668864250183104,8.211673736572266,10.440269470214844,12.668864250183104,15.907075881958008,10.851804733276367,0.4628249108791351,-1.191932201385498,0.3679882524258203,0.4109358055599793,0.6848938465118408,3577,13.378273963928224,8.110734939575195,482,29.09775733947754,17.430044174194336,4515,11.54289436340332,6.475517272949219,0.0,1.0,0.2465116279069767,0.4667578659370725,0.6638850889192887,0.3953488372093023,0.6904240766073871,0.8610123119015047,0.6888100504875183,N200_O5_I200_INPUT_022_8b92050fae,NESTED_INNER_SCREEN,adaptive_resnet,derivatives_zscore,10.0,none,multitask,multitask,jitter_scale,none,271833,796159,796159,29273,7310,22.289940118789676,5,I200_INPUT_022_8b92050fae,ok,102
3,0.6206739112442615,12.66522216796875,8.23650074005127,10.450860977172852,12.66522216796875,15.978601455688477,10.885624885559082,-1.1786657571792605,-1.043757081031799,0.3686978954336668,0.4083972850429723,0.685796856880188,3577,12.754054069519045,8.1649808883667,482,30.35006332397461,17.233015060424805,4515,11.108792304992676,6.621242523193359,0.0,1.0,0.248563611491108,0.4720930232558139,0.6630642954856362,0.3982216142270862,0.6896032831737346,0.8589603283173735,0.6856917142868042,N200_O5_I200_INPUT_023_c865cfb797,NESTED_INNER_SCREEN,adaptive_resnet,derivatives_zscore,15.0,none,multitask,multitask,jitter_scale,none,271833,796159,796159,29273,7310,36.04766869544983,5,I200_INPUT_023_c865cfb797,ok,103
4,0.596505211069693,12.79206371307373,8.13948917388916,10.465776443481444,12.79206371307373,16.104103088378906,10.708264350891112,0.9017178416252136,-0.0253923162817955,0.3691485590890404,0.4265550202409515,0.6854031085968018,3577,13.528645515441896,8.635812759399414,482,27.829383850097656,16.431955337524414,4515,11.763587951660156,6.996158123016357,0.0228215767634854,0.9944346807264206,0.2441860465116279,0.4708618331053351,0.6567715458276334,0.4021887824897401,0.6931600547195622,0.8570451436388509,0.6955492496490479,N200_O5_I200_INPUT_024_29fd0c2123,NESTED_INNER_SCREEN,adaptive_resnet,derivatives_zscore,10.0,raw__fusion+scale,multitask,multitask,jitter_scale,none,271833,812287,812287,29273,7310,22.642619371414185,5,I200_INPUT_024_29fd0c2123,ok,104
3,0.6241414597611022,12.730561256408691,8.305634498596191,10.51809787750244,12.730561256408691,16.04987144470215,10.866628646850586,0.4878465533256531,0.4153095781803131,0.3565485413052122,0.4068850375582797,0.6904127597808838,3577,13.45206069946289,9.007438659667969,482,28.97447395324707,15.65609073638916,4515,11.64542007446289,7.425224304199219,0.0,0.9994141769185706,0.2445964432284541,0.4692202462380301,0.6604651162790698,0.394391244870041,0.6848153214774282,0.852530779753762,0.7025322318077087,N200_O5_I200_INPUT_025_53d946abe9,NESTED_INNER_SCREEN,adaptive_resnet,derivatives_zscore,10.0,bandpass_robust__fusion,multitask,multitask,jitter_scale,none,271833,811903,811903,29273,7310,22.648569107055664,5,I200_INPUT_025_53d946abe9,ok,105
2,0.64375959073796,12.849766731262209,8.331191062927246,10.590478897094728,12.849766731262209,16.125944137573242,10.797008514404297,0.6168786287307739,0.6307768225669861,0.3369272041926011,0.4023870873369555,0.6947650909423828,3577,13.481082916259766,9.41160011291504,482,29.849857330322266,16.56633186340332,4515,11.630977630615234,7.491534233093262,0.0,1.0,0.2426812585499316,0.4623803009575923,0.6540355677154582,0.3792065663474692,0.6770177838577291,0.8496580027359781,0.7100862264633179,N200_O5_I200_INPUT_026_9498731ddb,NESTED_INNER_SCREEN,adaptive_resnet,multiview,5.0,none,multitask,multitask,jitter_scale,none,271833,798271,798271,29273,7310,12.17980432510376,5,I200_INPUT_026_9498731ddb,ok,106
2,0.6396862786579756,12.777963638305664,8.271073341369629,10.524518966674805,12.777963638305664,16.085052490234375,10.817862510681152,0.4893569946289062,-0.0989813283085823,0.3501008747585166,0.4003358992454635,0.6903340816497803,3577,13.367527961730955,8.824679374694824,482,29.450963973999023,16.951860427856445,4515,11.574862480163574,7.061107635498047,0.0,1.0,0.2476060191518468,0.4651162790697674,0.6526675786593708,0.3872777017783858,0.6864569083447333,0.8523939808481532,0.7000364065170288,N200_O5_I200_INPUT_027_7c2f1494bf,NESTED_INNER_SCREEN,adaptive_resnet,multiview,10.0,none,multitask,multitask,jitter_scale,none,271833,798271,798271,29273,7310,18.07681131362915,5,I200_INPUT_027_7c2f1494bf,ok,107
3,0.6154436539201176,12.847485542297363,8.30041790008545,10.573951721191406,12.847485542297363,16.164113998413086,10.988801956176758,0.9853836297988892,-1.1575369834899902,0.3514210853972183,0.4035267785112574,0.6934565901756287,3577,13.581923484802246,8.139326095581055,482,28.20514488220215,17.23606300354004,4515,11.83729648590088,6.684752464294434,0.0020746887966804,0.9998535442296428,0.241860465116279,0.4652530779753762,0.6562243502051983,0.3986320109439124,0.6841313269493844,0.8575923392612859,0.6969385743141174,N200_O5_I200_INPUT_028_b8f71c13b6,NESTED_INNER_SCREEN,adaptive_resnet,multiview,15.0,none,multitask,multitask,jitter_scale,none,271833,798271,798271,29273,7310,36.27052116394043,5,I200_INPUT_028_b8f71c13b6,ok,108
2,0.6366636877745585,12.813925743103027,8.1913480758667,10.502636909484863,12.813925743103027,16.074199676513672,10.700325012207031,0.1610318571329116,0.0793098732829094,0.3424563146391131,0.4174845372144825,0.6881097555160522,3577,13.40460968017578,8.892940521240234,482,30.230180740356445,16.911880493164062,4515,11.565112113952637,7.072673320770264,0.0,1.0,0.2419972640218878,0.4612859097127223,0.6507523939808482,0.3909712722298221,0.6879616963064296,0.8580027359781122,0.6993166208267212,N200_O5_I200_INPUT_029_742823fdbc,NESTED_INNER_SCREEN,adaptive_resnet,multiview,10.0,raw__fusion+scale,multitask,multitask,jitter_scale,none,271833,814399,814399,29273,7310,18.161977291107178,5,I200_INPUT_029_742823fdbc,ok,109
2,0.6401600720835667,12.828645706176758,8.24960994720459,10.539127349853516,12.828645706176758,16.06001091003418,10.76003360748291,0.2425482720136642,-0.0952809229493141,0.3388907719056674,0.4094759114311097,0.6908766031265259,3577,13.349011421203612,8.756403923034668,482,30.669172286987305,16.96750259399414,4515,11.489529609680176,7.046774864196777,0.0,1.0,0.2352941176470588,0.4582763337893297,0.6559507523939808,0.3839945280437756,0.6876880984952121,0.8588235294117647,0.6996239423751831,N200_O5_I200_INPUT_030_149402bc2e,NESTED_INNER_SCREEN,adaptive_resnet,multiview,10.0,bandpass_robust__fusion,multitask,multitask,jitter_scale,none,271833,814015,814015,29273,7310,18.10216999053955,5,I200_INPUT_030_149402bc2e,ok,110
3,0.6276536478715784,12.79344367980957,8.255512237548828,10.5244779586792,12.79344367980957,16.003021240234375,10.933927536010742,1.1228365898132324,-0.9940685033798218,0.3587308979965257,0.3943667038257414,0.6901354789733887,3577,13.74544906616211,8.27082347869873,482,28.930383682250977,17.569869995117188,4515,11.796890258789062,6.632516860961914,0.0,1.0,0.2355677154582763,0.4666210670314637,0.6555403556771546,0.3968536251709986,0.6879616963064296,0.8555403556771546,0.6969158053398132,N200_O5_I200_INPUT_031_5ea2002166,NESTED_INNER_SCREEN,adaptive_resnet,multiview_zscore,5.0,none,multitask,multitask,jitter_scale,none,271833,798271,798271,29273,7310,15.064455032348633,5,I200_INPUT_031_5ea2002166,ok,111
3,0.622851700954188,12.700148582458496,8.19013786315918,10.44514274597168,12.700148582458496,15.8912935256958,10.869608879089355,0.4057829678058624,-1.1867860555648804,0.3683526013958875,0.4054267659832168,0.6848934888839722,3577,13.44214153289795,8.121603012084961,482,29.186803817749023,17.496623992919922,4515,11.578231811523438,6.445197105407715,0.0,1.0,0.2403556771545827,0.4630642954856361,0.659233926128591,0.4013679890560875,0.6953488372093023,0.8580027359781122,0.6893641948699951,N200_O5_I200_INPUT_032_40fabb3eb3,NESTED_INNER_SCREEN,adaptive_resnet,multiview_zscore,10.0,none,multitask,multitask,jitter_scale,none,271833,798271,798271,29273,7310,22.820491075515747,5,I200_INPUT_032_40fabb3eb3,ok,112
2,0.6374076636008967,12.643296241760254,8.246020317077637,10.444658279418944,12.643296241760254,15.856036186218262,10.811834335327148,0.5325210690498352,-0.1325563788414001,0.3735546636803749,0.4072906812169776,0.6855716705322266,3577,13.274714469909668,8.686031341552734,482,29.14565086364746,16.839336395263672,4515,11.44064998626709,7.048973560333252,0.0,1.0,0.2456908344733242,0.4636114911080711,0.6616963064295486,0.388235294117647,0.6885088919288646,0.8538987688098495,0.6944164037704468,N200_O5_I200_INPUT_033_d25c2b353f,NESTED_INNER_SCREEN,adaptive_resnet,multiview_zscore,15.0,none,multitask,multitask,jitter_scale,none,271833,798271,798271,29273,7310,29.2242443561554,5,I200_INPUT_033_d25c2b353f,ok,113
3,0.6220599424605276,12.879961013793944,8.184693336486816,10.53232765197754,12.879961013793944,16.100055694580078,10.808868408203123,0.9825884699821472,-0.5842281579971313,0.356034160352746,0.4141195643811276,0.6896787881851196,3577,13.817021369934082,8.373503684997559,482,28.438087463378903,16.613515853881836,4515,11.941092491149902,6.799564361572266,0.0,1.0,0.2384404924760602,0.4604651162790698,0.6481532147742818,0.4039671682626539,0.6901504787961696,0.8604651162790697,0.6981099843978882,N200_O5_I200_INPUT_034_2d526e3812,NESTED_INNER_SCREEN,adaptive_resnet,multiview_zscore,10.0,raw__fusion+scale,multitask,multitask,jitter_scale,none,271833,814399,814399,29273,7310,22.771142721176147,5,I200_INPUT_034_2d526e3812,ok,114
3,0.6278180530647827,12.70355224609375,8.197348594665527,10.450450897216797,12.70355224609375,15.911458969116213,10.796401977539062,0.7209455966949463,-0.2964954972267151,0.3686347152208882,0.4094557446140754,0.6852799654006958,3577,13.484376907348633,8.589411735534668,482,28.800012588500977,16.42429542541504,4515,11.645909309387209,6.925861835479736,0.0,0.9998535442296428,0.2415868673050615,0.4636114911080711,0.6625170998632011,0.3974008207934336,0.6889192886456909,0.8589603283173735,0.6946795582771301,N200_O5_I200_INPUT_035_9c2e6f8e53,NESTED_INNER_SCREEN,adaptive_resnet,multiview_zscore,10.0,bandpass_robust__fusion,multitask,multitask,jitter_scale,none,271833,814015,814015,29273,7310,22.86310768127441,5,I200_INPUT_035_9c2e6f8e53,ok,115
3,0.6314835567879521,12.673444747924805,8.20688247680664,10.440163612365724,12.673444747924805,15.870867729187012,10.846576690673828,0.5926181077957153,-1.1314072608947754,0.3693685771331526,0.4057159424770041,0.6848275661468506,3577,13.425682067871094,8.217085838317871,482,29.303319931030277,17.660585403442383,4515,11.533937454223633,6.514358997344971,0.0,1.0,0.2414500683994528,0.4649794801641587,0.6659370725034199,0.3956224350205198,0.694391244870041,0.8621067031463748,0.6901659369468689,N200_O5_I200_INPUT_036_fba8cae0d1,NESTED_INNER_SCREEN,adaptive_resnet,multiscale7,5.0,none,multitask,multitask,jitter_scale,none,271833,800383,800383,29273,7310,15.290979146957396,5,I200_INPUT_036_fba8cae0d1,ok,116
2,0.6436872217390273,12.523880958557127,8.233997344970703,10.378938674926758,12.523880958557127,15.810179710388184,10.808844566345217,-1.0157495737075806,-0.344764769077301,0.378373613670647,0.3984339402811235,0.6817609071731567,3577,12.74889850616455,8.714334487915039,482,31.115047454833984,17.332849502563477,4515,10.949337005615234,6.858712196350098,0.0,1.0,0.2463748290013679,0.4764705882352941,0.6709986320109439,0.3917920656634747,0.6902872777017783,0.8562243502051984,0.6881852149963379,N200_O5_I200_INPUT_037_3faa50799a,NESTED_INNER_SCREEN,adaptive_resnet,multiscale7,10.0,none,multitask,multitask,jitter_scale,none,271833,800383,800383,29273,7310,18.20612120628357,5,I200_INPUT_037_3faa50799a,ok,117
2,0.6436137054480758,12.583587646484377,8.201781272888184,10.392684936523438,12.583587646484377,15.882095336914062,10.788213729858398,-0.922134280204773,-0.3698047697544098,0.3700808378729655,0.4030317174208132,0.6821197271347046,3577,12.809412002563477,8.667279243469238,482,31.087757110595703,17.258358001708984,4515,11.013677597045898,6.837450981140137,0.0,1.0,0.2481532147742818,0.4715458276333789,0.6696306429548564,0.3946648426812585,0.6901504787961696,0.8558139534883721,0.6883994340896606,N200_O5_I200_INPUT_038_a17876eb01,NESTED_INNER_SCREEN,adaptive_resnet,multiscale7,15.0,none,multitask,multitask,jitter_scale,none,271833,800383,800383,29273,7310,28.91732716560364,5,I200_INPUT_038_a17876eb01,ok,118
4,0.609206744853188,12.883563995361328,8.207834243774414,10.545699119567873,12.883563995361328,16.278907775878906,10.855010032653809,0.7934420704841614,-0.4312077164649963,0.3536002673511202,0.4067827013066769,0.6907153129577637,3577,13.630764961242676,8.453439712524414,482,28.009674072265625,16.939777374267578,4515,11.871356010437012,6.796348571777344,0.0062240663900414,0.9964850615114236,0.2477428180574555,0.46593707250342,0.6545827633378933,0.4062927496580027,0.6883720930232559,0.8532147742818057,0.698399543762207,N200_O5_I200_INPUT_039_36ff63e07a,NESTED_INNER_SCREEN,adaptive_resnet,multiscale7,10.0,raw__fusion+scale,multitask,multitask,jitter_scale,none,271833,816511,816511,29273,7310,22.833691120147705,5,I200_INPUT_039_36ff63e07a,ok,119
3,0.632125191439211,12.693949699401855,8.232471466064453,10.463211059570312,12.693949699401855,15.888029098510742,10.783714294433594,0.5007330775260925,0.0186319630593061,0.3683206657145214,0.4083954770418531,0.6864335536956787,3577,13.414042472839355,8.78045654296875,482,29.178953170776367,16.248737335205078,4515,11.551763534545898,7.084137916564941,0.0,0.9998535442296428,0.2403556771545827,0.461969904240766,0.6662106703146374,0.399452804377565,0.6856361149110807,0.8543091655266758,0.696987509727478,N200_O5_I200_INPUT_040_ddb7bd5c56,NESTED_INNER_SCREEN,adaptive_resnet,multiscale7,10.0,bandpass_robust__fusion,multitask,multitask,jitter_scale,none,271833,816127,816127,29273,7310,22.535276412963867,5,I200_INPUT_040_ddb7bd5c56,ok,120
3,0.5667249067546496,12.704373359680176,8.273531913757324,10.48895263671875,12.704373359680176,15.946490287780762,10.943105697631836,-0.3478542864322662,-1.2568402290344238,0.3570187594376908,0.393743172700408,0.6883849501609802,3577,13.111613273620604,8.148519515991211,482,30.30938720703125,17.663358688354492,4515,11.307867050170898,6.500328540802002,0.0,1.0,0.2444596443228454,0.461422708618331,0.6595075239398085,0.3968536251709986,0.6900136798905608,0.8566347469220246,0.6899547576904297,N200_O5_I200_OBJECTIVE_001_8e3d08f02d,NESTED_INNER_SCREEN,adaptive_resnet,derivatives_zscore,5.0,none,direct,huber,jitter_scale,none,271833,924663,924663,29273,7310,12.85064458847046,5,I200_OBJECTIVE_001_8e3d08f02d,ok,121
3,0.4709772950683544,12.747264862060549,8.276952743530273,10.51210880279541,12.747264862060549,15.930636405944824,10.89896011352539,0.2355115413665771,-0.6470661759376526,0.3563960059247546,0.3933312413708064,0.6897172927856445,3577,13.401079177856444,8.506261825561523,482,29.96207618713379,17.12213897705078,4515,11.507491111755373,6.826155185699463,0.0,1.0,0.2361149110807113,0.4606019151846785,0.6581395348837209,0.3908344733242134,0.6853625170998632,0.8558139534883721,0.6965868473052979,N200_O5_I200_OBJECTIVE_002_b9d410edf4,NESTED_INNER_SCREEN,adaptive_resnet,derivatives_zscore,5.0,none,direct,huber,jitter_scale,none,271833,924663,924663,29273,7310,12.876230478286743,5,I200_OBJECTIVE_002_b9d410edf4,ok,122
3,0.328258719514398,12.710813522338867,8.330415725708008,10.520614624023438,12.710813522338867,15.9833402633667,10.941604614257812,-0.0221388787031173,-0.5084586143493652,0.359278207631668,0.39587133554441,0.6908655166625977,3577,13.237141609191896,8.568185806274414,482,29.58688735961914,16.68454933166504,4515,11.423845291137695,6.989419460296631,0.0,1.0,0.2430916552667578,0.467578659370725,0.6614227086183311,0.3908344733242134,0.6842681258549932,0.8533515731874145,0.696933388710022,N200_O5_I200_OBJECTIVE_003_5710b00acb,NESTED_INNER_SCREEN,adaptive_resnet,derivatives_zscore,5.0,none,direct,huber,jitter_scale,none,271833,924663,924663,29273,7310,12.940351247787476,5,I200_OBJECTIVE_003_5710b00acb,ok,123
3,0.6831464451902053,12.749017715454102,8.258193969726562,10.503605842590332,12.749017715454102,16.145414352416992,10.894027709960938,-1.9026304483413696,-0.8060410618782043,0.3557141166028551,0.3947020860472098,0.6890072226524353,3577,12.550773620605469,8.437478065490723,482,31.558504104614254,17.391435623168945,4515,10.953306198120115,6.742076873779297,0.0,1.0,0.2508891928864569,0.4700410396716826,0.6573187414500684,0.3987688098495212,0.6856361149110807,0.8554035567715458,0.6894408464431763,N200_O5_I200_OBJECTIVE_004_917d419812,NESTED_INNER_SCREEN,adaptive_resnet,derivatives_zscore,5.0,none,direct,l1,jitter_scale,none,271833,924663,924663,29273,7310,12.76266074180603,5,I200_OBJECTIVE_004_917d419812,ok,124
3,0.2925040314789691,12.740870475769045,8.295842170715332,10.518356323242188,12.740870475769045,15.951505661010742,10.914603233337402,0.384745329618454,-0.5548827648162842,0.358919058113432,0.397084956969254,0.6903035640716553,3577,13.433544158935549,8.529232025146484,482,29.287771224975582,16.78661346435547,4515,11.559688568115234,6.9235711097717285,0.0,1.0,0.2406292749658002,0.4632010943912448,0.6564979480164159,0.3969904240766074,0.685499316005472,0.8532147742818057,0.6974847912788391,N200_O5_I200_OBJECTIVE_005_454f97e50c,NESTED_INNER_SCREEN,adaptive_resnet,derivatives_zscore,5.0,none,direct,logcosh,jitter_scale,none,271833,924663,924663,29273,7310,12.829296588897703,5,I200_OBJECTIVE_005_454f97e50c,ok,125
3,0.4829162684530994,12.744348526000977,8.302955627441406,10.523652076721191,12.744348526000977,15.958043098449709,10.958669662475586,0.0353191010653972,-0.9346922636032104,0.3550562847551878,0.3907916124556044,0.6906881332397461,3577,13.325888633728027,8.363669395446777,482,29.922069549560547,17.227375030517578,4515,11.47985553741455,6.7337846755981445,0.0,1.0,0.2433652530779753,0.4634746922024624,0.658686730506156,0.3983584131326949,0.6842681258549932,0.8540355677154583,0.6953494548797607,N200_O5_I200_OBJECTIVE_006_dd07db37de,NESTED_INNER_SCREEN,adaptive_resnet,derivatives_zscore,5.0,none,direct,huber_ccc,jitter_scale,none,271833,924663,924663,29273,7310,12.920089483261108,5,I200_OBJECTIVE_006_dd07db37de,ok,126
3,0.500773941574533,12.718490600585938,8.290899276733398,10.504694938659668,12.718490600585938,15.993109703063965,10.96830940246582,-0.8380944728851318,-1.1954463720321655,0.3548526242642141,0.3924289426952795,0.6894805431365967,3577,12.98669147491455,8.19313907623291,482,30.740066528320312,17.544143676757812,4515,11.217262268066406,6.580089569091797,0.0,1.0,0.2429548563611491,0.4668946648426813,0.659781121751026,0.3941176470588235,0.6900136798905608,0.8555403556771546,0.6903583407402039,N200_O5_I200_OBJECTIVE_007_820ae3c4e9,NESTED_INNER_SCREEN,adaptive_resnet,derivatives_zscore,5.0,none,direct,huber_ccc,jitter_scale,none,271833,924663,924663,29273,7310,12.860305547714232,5,I200_OBJECTIVE_007_820ae3c4e9,ok,127
2,0.5456316611346077,12.699859619140623,8.50257396697998,10.60121726989746,12.699859619140623,15.949684143066406,10.9619722366333,0.4218116700649261,0.9890071153640748,0.3635901169633412,0.3877228598244593,0.6975256204605103,3577,13.233807563781738,9.575860023498535,482,29.299884796142575,15.951162338256836,4515,11.445479393005373,7.842965126037598,0.0,1.0,0.2447332421340629,0.46593707250342,0.659781121751026,0.3723666210670314,0.6658002735978112,0.841313269493844,0.7120970487594604,N200_O5_I200_OBJECTIVE_008_41b568d00c,NESTED_INNER_SCREEN,adaptive_resnet,derivatives_zscore,5.0,none,direct,huber_ccc,jitter_scale,none,271833,924663,924663,29273,7310,10.363155126571655,5,I200_OBJECTIVE_008_41b568d00c,ok,128
2,0.6052792625489578,12.708152770996094,8.517668724060059,10.612911224365234,12.708152770996094,16.047780990600586,11.012273788452148,-0.0515131726861,0.8723309636116028,0.3672555162268529,0.392201356192484,0.6983671188354492,3577,12.98126983642578,9.348794937133787,482,29.053924560546875,15.985111236572266,4515,11.31767749786377,7.768853187561035,0.0020746887966804,0.9991212653778558,0.2451436388508892,0.4772913816689466,0.6655266757865937,0.3730506155950752,0.6622435020519836,0.8426812585499316,0.7086740732192993,N200_O5_I200_OBJECTIVE_009_ec1770bdaa,NESTED_INNER_SCREEN,adaptive_resnet,derivatives_zscore,5.0,none,direct,huber_ccc,jitter_scale,none,271833,924663,924663,29273,7310,10.303906679153442,5,I200_OBJECTIVE_009_ec1770bdaa,ok,129
3,0.49490620692571,12.758289337158203,8.30241584777832,10.530352592468262,12.758289337158203,16.04903221130371,10.97292137145996,0.021605210378766,-0.9702777862548828,0.3541936907355812,0.3959964563210913,0.6910544037818909,3577,13.246780395507812,8.298460006713867,482,29.503835678100582,17.11825180053711,4515,11.479007720947266,6.763517379760742,0.0,0.9998535442296428,0.2440492476060191,0.4707250341997264,0.6569083447332421,0.3967168262653899,0.6882352941176471,0.8551299589603283,0.6944140791893005,N200_O5_I200_OBJECTIVE_010_dd4ad80620,NESTED_INNER_SCREEN,adaptive_resnet,derivatives_zscore,5.0,none,direct,asymmetric_high,jitter_scale,none,271833,924663,924663,29273,7310,12.875717639923096,5,I200_OBJECTIVE_010_dd4ad80620,ok,130
3,0.5140731587908627,12.892129898071287,8.420727729797363,10.656429290771484,12.892129898071287,16.225666046142578,11.073349952697754,0.9998566508293152,-0.0099351787939667,0.3579093732055433,0.3920172178069318,0.6995667815208435,3577,13.5819091796875,8.790874481201172,482,27.59797477722168,15.900297164916992,4515,11.850708961486816,7.323883056640625,0.0124481327800829,0.997070884592853,0.2456908344733242,0.4637482900136799,0.651436388508892,0.3957592339261286,0.6805745554035568,0.8455540355677155,0.708111047744751,N200_O5_I200_OBJECTIVE_011_9b92c429e0,NESTED_INNER_SCREEN,adaptive_resnet,derivatives_zscore,5.0,none,direct,asymmetric_high,jitter_scale,none,271833,924663,924663,29273,7310,12.804083585739136,5,I200_OBJECTIVE_011_9b92c429e0,ok,131
3,0.6183369958322812,12.74412727355957,8.311076164245605,10.52760124206543,12.74412727355957,15.959633827209473,10.92319393157959,0.2324466556310653,-0.6928632259368896,0.3543563215876136,0.3905067925209709,0.6910104751586914,3577,13.419692993164062,8.507763862609863,482,29.82100296020508,17.08184051513672,4515,11.51686954498291,6.8419952392578125,0.0,1.0,0.2409028727770177,0.4645690834473324,0.6581395348837209,0.3878248974008207,0.6837209302325581,0.8549931600547196,0.6977014541625977,N200_O5_I200_OBJECTIVE_012_8d558f4669,NESTED_INNER_SCREEN,adaptive_resnet,derivatives_zscore,5.0,none,direct,focal_huber,jitter_scale,none,271833,924663,924663,29273,7310,12.783075094223022,5,I200_OBJECTIVE_012_8d558f4669,ok,132
3,0.7661940993047228,12.76859188079834,8.333256721496582,10.55092430114746,12.76859188079834,15.971271514892578,10.943615913391112,0.5703418850898743,-0.3930523693561554,0.3555560573414158,0.390650409278893,0.6925889253616333,3577,13.567883491516112,8.663403511047363,482,29.2961540222168,16.637123107910156,4515,11.657892227172852,7.034520149230957,0.0,1.0,0.2337893296853625,0.4627906976744186,0.6564979480164159,0.3845417236662106,0.6826265389876881,0.8528043775649795,0.7014907598495483,N200_O5_I200_OBJECTIVE_013_4ed9c24758,NESTED_INNER_SCREEN,adaptive_resnet,derivatives_zscore,5.0,none,direct,focal_huber,jitter_scale,none,271833,924663,924663,29273,7310,12.765450954437256,5,I200_OBJECTIVE_013_4ed9c24758,ok,133
3,0.4709772950683544,12.747264862060549,8.276952743530273,10.51210880279541,12.747264862060549,15.930636405944824,10.89896011352539,0.2355115413665771,-0.6470661759376526,0.3563960059247546,0.3933312413708064,0.6897172927856445,3577,13.401079177856444,8.506261825561523,482,29.96207618713379,17.12213897705078,4515,11.507491111755373,6.826155185699463,0.0,1.0,0.2361149110807113,0.4606019151846785,0.6581395348837209,0.3908344733242134,0.6853625170998632,0.8558139534883721,0.6965868473052979,N200_O5_I200_OBJECTIVE_014_3ef0b02db8,NESTED_INNER_SCREEN,adaptive_resnet,derivatives_zscore,5.0,none,direct,physiology_huber,jitter_scale,none,271833,924663,924663,29273,7310,12.632666826248167,5,I200_OBJECTIVE_014_3ef0b02db8,ok,134
3,0.4709772950683544,12.747264862060549,8.276952743530273,10.51210880279541,12.747264862060549,15.930636405944824,10.89896011352539,0.2355115413665771,-0.6470661759376526,0.3563960059247546,0.3933312413708064,0.6897172927856445,3577,13.401079177856444,8.506261825561523,482,29.96207618713379,17.12213897705078,4515,11.507491111755373,6.826155185699463,0.0,1.0,0.2361149110807113,0.4606019151846785,0.6581395348837209,0.3908344733242134,0.6853625170998632,0.8558139534883721,0.6965868473052979,N200_O5_I200_OBJECTIVE_015_61d5d1a3f3,NESTED_INNER_SCREEN,adaptive_resnet,derivatives_zscore,5.0,none,direct,physiology_huber,jitter_scale,none,271833,924663,924663,29273,7310,12.86172866821289,5,I200_OBJECTIVE_015_61d5d1a3f3,ok,135
3,0.5569130745198991,12.683475494384766,8.2967529296875,10.490114212036133,12.683475494384766,15.95318603515625,11.011968612670898,-0.7121630311012268,-1.6145530939102173,0.3588660283121552,0.3946091833481936,0.6887426376342773,3577,13.003385543823242,8.006638526916504,482,30.677125930786133,17.89585304260254,4515,11.221269607543944,6.41462516784668,0.0,1.0,0.2432284541723666,0.4697674418604651,0.6626538987688099,0.3974008207934336,0.6897400820793433,0.8559507523939809,0.6880347728729248,N200_O5_I200_OBJECTIVE_016_d841344ee2,NESTED_INNER_SCREEN,adaptive_resnet,derivatives_zscore,5.0,none,clinical,huber,jitter_scale,none,271833,925183,925183,29273,7310,16.06761336326599,5,I200_OBJECTIVE_016_d841344ee2,ok,136
3,0.4948274730856902,12.699645042419434,8.321758270263672,10.510702133178713,12.699645042419434,15.915213584899902,11.057123184204102,-0.3512925207614898,-1.832086563110352,0.3592570825556911,0.3920487492290148,0.690204381942749,3577,13.18299961090088,7.877680778503418,482,30.438804626464844,18.11191940307617,4515,11.331793785095217,6.306319713592529,0.0,1.0,0.2426812585499316,0.46703146374829,0.659233926128591,0.3983584131326949,0.6902872777017783,0.8558139534883721,0.6890767812728882,N200_O5_I200_OBJECTIVE_017_381a27617c,NESTED_INNER_SCREEN,adaptive_resnet,derivatives_zscore,5.0,none,ordinal,huber,jitter_scale,none,271833,925183,925183,29273,7310,16.06905174255371,5,I200_OBJECTIVE_017_381a27617c,ok,137
3,0.5590920218455246,12.77059555053711,8.295354843139648,10.53297519683838,12.77059555053711,15.971528053283691,10.98070240020752,0.6342014670372009,-1.394059181213379,0.3532335625583392,0.3978288278884951,0.6911113262176514,3577,13.574110984802246,8.078503608703613,482,29.50340461730957,17.67829704284668,4515,11.649015426635742,6.528791427612305,0.0,1.0,0.2341997264021887,0.4625170998632011,0.6599179206566348,0.3967168262653899,0.6867305061559508,0.8547195622435021,0.6945101022720337,N200_O5_I200_OBJECTIVE_018_5c36d0c5e8,NESTED_INNER_SCREEN,adaptive_resnet,derivatives_zscore,5.0,none,multitask,multitask,jitter_scale,none,271833,924793,924793,29273,7310,12.957544565200806,5,I200_OBJECTIVE_018_5c36d0c5e8,ok,138
3,0.6273832734114204,12.756105422973633,8.297208786010742,10.526657104492188,12.756105422973633,15.985501289367676,10.880500793457031,-0.0822274312376976,-0.1862133890390396,0.3566187659123304,0.3971373947962808,0.690782904624939,3577,13.282666206359863,8.756521224975586,482,29.716419219970703,16.62392807006836,4515,11.487984657287598,7.107262134552002,0.0,1.0,0.2376196990424076,0.4618331053351573,0.6570451436388509,0.3885088919288645,0.6827633378932969,0.8540355677154583,0.6990930438041687,N200_O5_I200_OBJECTIVE_019_66d7a8f534,NESTED_INNER_SCREEN,adaptive_resnet,derivatives_zscore,5.0,none,multitask,multitask,jitter_scale,none,271833,924793,924793,29273,7310,12.93100380897522,5,I200_OBJECTIVE_019_66d7a8f534,ok,139
3,0.6956279480379391,12.729238510131836,8.309286117553711,10.519262313842772,12.729238510131836,16.066118240356445,10.90221118927002,-1.2032756805419922,-0.0712441951036453,0.3563307339704045,0.3950551513258717,0.690523624420166,3577,12.878143310546877,8.826140403747559,482,30.88196182250977,16.55311393737793,4515,11.186299324035645,7.181591510772705,0.0,1.0,0.2465116279069767,0.4685362517099863,0.6593707250341997,0.3901504787961696,0.6822161422708618,0.8496580027359781,0.6967874765396118,N200_O5_I200_OBJECTIVE_020_34c60ebb0e,NESTED_INNER_SCREEN,adaptive_resnet,derivatives_zscore,5.0,none,multitask,multitask,jitter_scale,none,271833,924793,924793,29273,7310,12.953012704849243,5,I200_OBJECTIVE_020_34c60ebb0e,ok,140
3,0.5638948938036277,12.667723655700684,8.263076782226562,10.46540069580078,12.667723655700684,15.890003204345703,10.988961219787598,0.3062472641468048,-1.4993271827697754,0.366363128240133,0.3930563252393912,0.6869417428970337,3577,13.310919761657717,7.9792561531066895,482,29.38041305541992,17.9160099029541,4515,11.495278358459473,6.347501277923584,0.0,1.0,0.2409028727770177,0.468673050615595,0.6608755129958961,0.4008207934336525,0.6889192886456909,0.8529411764705882,0.6885474920272827,N200_O5_I200_OBJECTIVE_021_82f0a5d7c2,NESTED_INNER_SCREEN,adaptive_resnet,multiview_zscore,10.0,none,direct,huber,jitter_scale,none,271833,926775,926775,29273,7310,21.72899580001831,5,I200_OBJECTIVE_021_82f0a5d7c2,ok,141
3,0.4669902153264463,12.666399955749512,8.210726737976074,10.438563346862791,12.666399955749512,15.884166717529297,10.881701469421388,-0.0523925796151161,-1.2175328731536863,0.3668826268721499,0.4039426899599679,0.6847869157791138,3577,13.199761390686035,8.107537269592285,482,29.758724212646484,17.643619537353516,4515,11.37841510772705,6.441246032714844,0.0,1.0,0.2424076607387141,0.4655266757865937,0.664295485636115,0.3997264021887824,0.6928864569083447,0.8582763337893297,0.6874551773071289,N200_O5_I200_OBJECTIVE_022_e0b59285b3,NESTED_INNER_SCREEN,adaptive_resnet,multiview_zscore,10.0,none,direct,huber,jitter_scale,none,271833,926775,926775,29273,7310,21.61293578147888,5,I200_OBJECTIVE_022_e0b59285b3,ok,142
3,0.3257799290753657,12.65592098236084,8.29612922668457,10.476024627685549,12.65592098236084,15.93554973602295,10.906469345092772,-0.3076703250408172,-0.1830317229032516,0.3702024619091549,0.4082335008346949,0.6879503726959229,3577,13.00963306427002,8.653475761413574,482,29.555965423583984,16.189571380615234,4515,11.283626556396484,7.116771697998047,0.0,1.0,0.2444596443228454,0.4720930232558139,0.6622435020519836,0.3942544459644322,0.686046511627907,0.8523939808481532,0.6940262913703918,N200_O5_I200_OBJECTIVE_023_5fff5c4908,NESTED_INNER_SCREEN,adaptive_resnet,multiview_zscore,10.0,none,direct,huber,jitter_scale,none,271833,926775,926775,29273,7310,21.81434273719788,5,I200_OBJECTIVE_023_5fff5c4908,ok,143
4,0.6709070903023863,12.75977897644043,8.328099250793457,10.543939590454102,12.75977897644043,16.171525955200195,11.008254051208496,0.6951072216033936,-0.9438209533691406,0.373356523272567,0.3997128876722511,0.6921349763870239,3577,13.186293601989746,8.342069625854492,482,27.519865036010746,16.961856842041016,4515,11.612322807312012,6.78753137588501,0.0311203319502074,0.9948740480374928,0.2495212038303693,0.4764705882352941,0.6584131326949384,0.399452804377565,0.6861833105335158,0.852530779753762,0.6952446103096008,N200_O5_I200_OBJECTIVE_024_ace6c807b9,NESTED_INNER_SCREEN,adaptive_resnet,multiview_zscore,10.0,none,direct,l1,jitter_scale,none,271833,926775,926775,29273,7310,20.9074342250824,5,I200_OBJECTIVE_024_ace6c807b9,ok,144
3,0.2889952437550414,12.739115715026855,8.288893699645996,10.514004707336426,12.739115715026855,15.947213172912598,10.92231559753418,1.1685549020767212,-0.4333660304546356,0.3709901612988455,0.4049692887966327,0.6899735927581787,3577,13.612990379333496,8.473706245422363,482,28.064668655395508,16.433629989624023,4515,11.752869606018066,6.9474778175354,0.0,1.0,0.2411764705882353,0.4616963064295485,0.659233926128591,0.3961696306429548,0.6904240766073871,0.8497948016415868,0.6979245543479919,N200_O5_I200_OBJECTIVE_025_2b63330c7f,NESTED_INNER_SCREEN,adaptive_resnet,multiview_zscore,10.0,none,direct,logcosh,jitter_scale,none,271833,926775,926775,29273,7310,20.68804883956909,5,I200_OBJECTIVE_025_2b63330c7f,ok,145
2,0.4937395396965002,12.58496379852295,8.321479797363281,10.453222274780272,12.58496379852295,15.79713535308838,10.805407524108888,0.2182953208684921,0.4905199706554413,0.3772429747110189,0.4014353293014447,0.6870006322860718,3577,13.16431999206543,9.233410835266112,482,29.772836685180664,16.567195892333984,4515,11.302821159362791,7.407598972320557,0.0,1.0,0.2448700410396717,0.4655266757865937,0.6677154582763338,0.3842681258549931,0.677701778385773,0.8510259917920656,0.7002561092376709,N200_O5_I200_OBJECTIVE_026_429b18c57c,NESTED_INNER_SCREEN,adaptive_resnet,multiview_zscore,10.0,none,direct,huber_ccc,jitter_scale,none,271833,926775,926775,29273,7310,17.09316372871399,5,I200_OBJECTIVE_026_429b18c57c,ok,146
2,0.5111949880138721,12.604439735412598,8.293006896972656,10.448722839355469,12.604439735412598,15.817275047302246,10.78598690032959,0.3694614171981811,0.3838980197906494,0.3758465090712265,0.4060973848665238,0.6863908767700195,3577,13.219135284423828,9.095857620239258,482,29.4909610748291,16.55445098876953,4515,11.378239631652832,7.324903964996338,0.0,1.0,0.2487004103967168,0.4666210670314637,0.667578659370725,0.3841313269493844,0.6831737346101231,0.8538987688098495,0.6987890601158142,N200_O5_I200_OBJECTIVE_027_492cab1d85,NESTED_INNER_SCREEN,adaptive_resnet,multiview_zscore,10.0,none,direct,huber_ccc,jitter_scale,none,271833,926775,926775,29273,7310,17.18341875076294,5,I200_OBJECTIVE_027_492cab1d85,ok,147
2,0.5421940522645813,12.59736442565918,8.307331085205078,10.452347755432127,12.59736442565918,15.846447944641112,10.82388687133789,0.2757852971553802,0.3119948208332062,0.3769036901939078,0.4061545690937787,0.686773419380188,3577,13.136509895324709,8.975496292114258,482,29.352474212646484,16.44696617126465,4515,11.333839416503906,7.309226989746094,0.0,1.0,0.2465116279069767,0.4683994528043775,0.6656634746922024,0.3803009575923393,0.6826265389876881,0.852530779753762,0.6972836256027222,N200_O5_I200_OBJECTIVE_028_2ead73d1c4,NESTED_INNER_SCREEN,adaptive_resnet,multiview_zscore,10.0,none,direct,huber_ccc,jitter_scale,none,271833,926775,926775,29273,7310,17.084254026412964,5,I200_OBJECTIVE_028_2ead73d1c4,ok,148
2,0.600904766640632,12.661402702331545,8.379755973815918,10.52057933807373,12.661402702331545,16.031036376953125,10.96493148803711,0.0569118186831474,0.1352867633104324,0.3769094506041359,0.3980275963570184,0.6914861798286438,3577,12.939030647277832,8.780511856079102,482,28.71892547607422,16.529706954956055,4515,11.302392959594728,7.244281768798828,0.0020746887966804,0.998681898066784,0.2484268125854993,0.4740082079343365,0.6637482900136799,0.3875512995896032,0.6797537619699042,0.8492476060191518,0.6974716782569885,N200_O5_I200_OBJECTIVE_029_26d6c1ef0d,NESTED_INNER_SCREEN,adaptive_resnet,multiview_zscore,10.0,none,direct,huber_ccc,jitter_scale,none,271833,926775,926775,29273,7310,17.093271255493164,5,I200_OBJECTIVE_029_26d6c1ef0d,ok,149
3,0.4902653026035408,12.6249418258667,8.199966430664062,10.41245460510254,12.6249418258667,15.919150352478027,10.859955787658691,-0.8750158548355103,-0.7092477083206177,0.3779463811115934,0.4049931440513425,0.6831974983215332,3577,12.773565292358398,8.346698760986328,482,29.684329986572266,16.74163055419922,4515,11.141834259033203,6.715689659118652,0.0,0.999560632688928,0.2510259917920656,0.4708618331053351,0.6636114911080712,0.4045143638850889,0.6922024623803009,0.8537619699042408,0.685715913772583,N200_O5_I200_OBJECTIVE_030_c434aa0ee6,NESTED_INNER_SCREEN,adaptive_resnet,multiview_zscore,10.0,none,direct,asymmetric_high,jitter_scale,none,271833,926775,926775,29273,7310,21.170084953308105,5,I200_OBJECTIVE_030_c434aa0ee6,ok,150
4,0.4884445597143734,12.868178367614746,8.240424156188965,10.554301261901855,12.868178367614746,16.25198745727539,10.869760513305664,1.017299771308899,-0.1330725103616714,0.3681625124003882,0.4033726536652315,0.6916055083274841,3577,13.348538398742676,8.633194923400879,482,26.928932189941406,16.36708641052246,4515,11.68126392364502,6.949155807495117,0.0601659751037344,0.9866725248974808,0.2443228454172366,0.4641586867305061,0.6504787961696307,0.400547195622435,0.6863201094391245,0.8487004103967168,0.6989210844039917,N200_O5_I200_OBJECTIVE_031_d40db3fa0f,NESTED_INNER_SCREEN,adaptive_resnet,multiview_zscore,10.0,none,direct,asymmetric_high,jitter_scale,none,271833,926775,926775,29273,7310,21.24151611328125,5,I200_OBJECTIVE_031_d40db3fa0f,ok,151
3,0.611973467215993,12.712541580200195,8.233015060424805,10.4727783203125,12.712541580200195,15.854145050048828,10.907907485961914,0.8318578600883484,-1.1992708444595337,0.3722074581132923,0.4026619352313332,0.6869731545448303,3577,13.577522277832031,8.12231731414795,482,28.69913482666016,17.3496150970459,4515,11.680704116821287,6.49290943145752,0.0,1.0,0.2378932968536251,0.4586867305061559,0.6588235294117647,0.3953488372093023,0.6952120383036936,0.8556771545827634,0.6918733716011047,N200_O5_I200_OBJECTIVE_032_702a3db04d,NESTED_INNER_SCREEN,adaptive_resnet,multiview_zscore,10.0,none,direct,focal_huber,jitter_scale,none,271833,926775,926775,29273,7310,20.93086075782776,5,I200_OBJECTIVE_032_702a3db04d,ok,152
3,0.7572332507644604,12.677053451538086,8.239931106567383,10.458492279052734,12.677053451538086,15.830770492553713,10.902138710021973,0.667130708694458,-0.9909945130348206,0.375864173664293,0.4083906525583551,0.6862649917602539,3577,13.439635276794434,8.21209716796875,482,28.7077751159668,16.913358688354492,4515,11.596111297607422,6.670079231262207,0.0,1.0,0.2384404924760602,0.4636114911080711,0.659781121751026,0.3990424076607387,0.6931600547195622,0.8545827633378933,0.6912906765937805,N200_O5_I200_OBJECTIVE_033_9e0e800ed9,NESTED_INNER_SCREEN,adaptive_resnet,multiview_zscore,10.0,none,direct,focal_huber,jitter_scale,none,271833,926775,926775,29273,7310,21.041428327560425,5,I200_OBJECTIVE_033_9e0e800ed9,ok,153
3,0.4669902153264463,12.666399955749512,8.210726737976074,10.438563346862791,12.666399955749512,15.884166717529297,10.881701469421388,-0.0523925796151161,-1.2175328731536863,0.3668826268721499,0.4039426899599679,0.6847869157791138,3577,13.199761390686035,8.107537269592285,482,29.758724212646484,17.643619537353516,4515,11.37841510772705,6.441246032714844,0.0,1.0,0.2424076607387141,0.4655266757865937,0.664295485636115,0.3997264021887824,0.6928864569083447,0.8582763337893297,0.6874551773071289,N200_O5_I200_OBJECTIVE_034_ef476d7c92,NESTED_INNER_SCREEN,adaptive_resnet,multiview_zscore,10.0,none,direct,physiology_huber,jitter_scale,none,271833,926775,926775,29273,7310,21.31847286224365,5,I200_OBJECTIVE_034_ef476d7c92,ok,154
3,0.4669902153264463,12.666399955749512,8.210726737976074,10.438563346862791,12.666399955749512,15.884166717529297,10.881701469421388,-0.0523925796151161,-1.2175328731536863,0.3668826268721499,0.4039426899599679,0.6847869157791138,3577,13.199761390686035,8.107537269592285,482,29.758724212646484,17.643619537353516,4515,11.37841510772705,6.441246032714844,0.0,1.0,0.2424076607387141,0.4655266757865937,0.664295485636115,0.3997264021887824,0.6928864569083447,0.8582763337893297,0.6874551773071289,N200_O5_I200_OBJECTIVE_035_aa574dddbd,NESTED_INNER_SCREEN,adaptive_resnet,multiview_zscore,10.0,none,direct,physiology_huber,jitter_scale,none,271833,926775,926775,29273,7310,20.819234132766724,5,I200_OBJECTIVE_035_aa574dddbd,ok,155
3,0.5530250652942782,12.63371467590332,8.204415321350098,10.419065475463867,12.63371467590332,15.89793300628662,10.891215324401855,0.1915199011564254,-1.2656618356704712,0.3712997640933321,0.4060338291015771,0.6836217045783997,3577,13.168024063110352,8.052136421203613,482,29.37633514404297,17.7109432220459,4515,11.369596481323242,6.430801868438721,0.0,1.0,0.246922024623803,0.4696306429548563,0.6649794801641586,0.4004103967168262,0.6969904240766074,0.860875512995896,0.6858000755310059,N200_O5_I200_OBJECTIVE_036_26f9e5719b,NESTED_INNER_SCREEN,adaptive_resnet,multiview_zscore,10.0,none,clinical,huber,jitter_scale,none,271833,927295,927295,29273,7310,25.419347524642944,5,I200_OBJECTIVE_036_26f9e5719b,ok,156
2,0.5056572457154592,12.55690574645996,8.309134483337402,10.433019638061523,12.55690574645996,15.787353515625,10.81167697906494,-0.1497994065284729,0.3147920072078705,0.3780713936332781,0.3983903371967057,0.6857200860977173,3577,13.017460823059082,9.171833038330078,482,30.07998275756836,16.647594451904297,4515,11.192540168762209,7.317254066467285,0.0,1.0,0.2477428180574555,0.4715458276333789,0.6696306429548564,0.3831737346101231,0.6807113543091655,0.8521203830369357,0.6976508498191833,N200_O5_I200_OBJECTIVE_037_e063e94f84,NESTED_INNER_SCREEN,adaptive_resnet,multiview_zscore,10.0,none,ordinal,huber,jitter_scale,none,271833,927295,927295,29273,7310,20.32962703704834,5,I200_OBJECTIVE_037_e063e94f84,ok,157
3,0.5568088974828035,12.66994571685791,8.277099609375,10.473522186279297,12.66994571685791,15.911018371582031,11.021961212158203,0.5255931615829468,-1.588223576545715,0.3688958491482402,0.3948881696036151,0.6875708699226379,3577,13.420071601867676,8.049129486083984,482,28.937108993530277,17.77055549621582,4515,11.539554595947266,6.4082465171813965,0.0,1.0,0.2440492476060191,0.4693570451436388,0.66484268125855,0.3957592339261286,0.6909712722298221,0.8560875512995896,0.6904856562614441,N200_O5_I200_OBJECTIVE_038_5c67535776,NESTED_INNER_SCREEN,adaptive_resnet,multiview_zscore,10.0,none,multitask,multitask,jitter_scale,none,271833,926905,926905,29273,7310,22.108105421066284,5,I200_OBJECTIVE_038_5c67535776,ok,158
3,0.6228991139168832,12.658452033996582,8.22734260559082,10.44289779663086,12.658452033996582,15.871307373046877,10.929027557373049,0.2870371639728546,-1.4214341640472412,0.372538753139941,0.4007447755319691,0.6852378845214844,3577,13.291635513305664,8.062152862548828,482,29.15920066833496,17.698822021484375,4515,11.47523307800293,6.395622730255127,0.0,1.0,0.2422708618331053,0.4630642954856361,0.6629274965800274,0.3928864569083447,0.6974008207934337,0.8589603283173735,0.6879737377166748,N200_O5_I200_OBJECTIVE_039_658a4fb05c,NESTED_INNER_SCREEN,adaptive_resnet,multiview_zscore,10.0,none,multitask,multitask,jitter_scale,none,271833,926905,926905,29273,7310,22.049687147140503,5,I200_OBJECTIVE_039_658a4fb05c,ok,159
3,0.6933208645558825,12.633384704589844,8.228503227233887,10.430944442749023,12.633384704589844,15.848716735839844,10.809310913085938,-0.2415283918380737,-0.0698512643575668,0.372728541713331,0.402623818445976,0.6845870018005371,3577,13.109712600708008,8.831737518310547,482,29.83373260498047,16.486207962036133,4515,11.293585777282717,7.050631523132324,0.0,1.0,0.2398084815321477,0.467578659370725,0.6679890560875513,0.3931600547195622,0.6883720930232559,0.8544459644322845,0.6940032243728638,N200_O5_I200_OBJECTIVE_040_6935a67a67,NESTED_INNER_SCREEN,adaptive_resnet,multiview_zscore,10.0,none,multitask,multitask,jitter_scale,none,271833,926905,926905,29273,7310,22.16860866546631,5,I200_OBJECTIVE_040_6935a67a67,ok,160
4,0.6049167848879995,12.656194686889648,8.269004821777344,10.462599754333496,12.656194686889648,16.040409088134766,10.949434280395508,0.1288405209779739,-0.725898027420044,0.3747232323534197,0.4017904423516623,0.6868605613708496,3577,13.046093940734863,8.29212760925293,482,28.679941177368164,16.98746109008789,4515,11.37032699584961,6.745516777038574,0.0041493775933609,0.999560632688928,0.2532147742818057,0.4770177838577291,0.6637482900136799,0.3958960328317373,0.6886456908344734,0.8538987688098495,0.6898079514503479,N200_O5_I200_TRAIN_001_e869218e48,NESTED_INNER_SCREEN,adaptive_resnet,multiview_zscore,10.0,none,multitask,multitask,none,none,271833,705721,705721,29273,7310,21.392836570739743,5,I200_TRAIN_001_e869218e48,ok,161
4,0.6089145841162189,12.699740409851074,8.292974472045898,10.496356964111328,12.699740409851074,16.047414779663086,10.950557708740234,0.5736682415008545,-0.4437275826931,0.3759453270058661,0.4024083660224638,0.6890425682067871,3577,13.209296226501465,8.445884704589844,482,28.16471099853516,16.75516128540039,4515,11.50782299041748,6.904555797576904,0.0041493775933609,0.999560632688928,0.2471956224350205,0.4718194254445964,0.6618331053351573,0.3967168262653899,0.6890560875512995,0.852530779753762,0.6941353678703308,N200_O5_I200_TRAIN_002_f0d192a0e6,NESTED_INNER_SCREEN,adaptive_resnet,multiview_zscore,10.0,none,multitask,multitask,mask,none,271833,705721,705721,29273,7310,21.501341342926025,5,I200_TRAIN_002_f0d192a0e6,ok,162
4,0.6080396861032723,12.68554973602295,8.293461799621582,10.489505767822266,12.68554973602295,16.026979446411133,10.969182968139648,0.657637894153595,-0.5333320498466492,0.3790683366536568,0.4019557795862195,0.6886672377586365,3577,13.250905990600586,8.40127182006836,482,27.935550689697266,16.812389373779297,4515,11.526341438293455,6.875979423522949,0.0041493775933609,0.9991212653778558,0.2497948016415868,0.4729138166894664,0.6588235294117647,0.3986320109439124,0.6885088919288646,0.8537619699042408,0.6936922073364258,N200_O5_I200_TRAIN_003_7a8882a0ec,NESTED_INNER_SCREEN,adaptive_resnet,multiview_zscore,10.0,none,multitask,multitask,amplitude_warp,none,271833,705721,705721,29273,7310,21.58543634414673,5,I200_TRAIN_003_7a8882a0ec,ok,163
5,0.5996880309254515,12.59994411468506,8.287324905395508,10.443634033203123,12.59994411468506,15.911843299865724,10.955469131469728,0.2712068259716034,-0.675098180770874,0.3851808000983937,0.4077704406814078,0.6860358715057373,3577,13.169520378112791,8.387255668640137,482,28.133901596069336,16.70228385925293,4515,11.448583602905272,6.876724720001221,0.0020746887966804,0.999560632688928,0.2481532147742818,0.4741450068399452,0.6673050615595075,0.4008207934336525,0.6922024623803009,0.8538987688098495,0.6910105347633362,N200_O5_I200_TRAIN_004_ea1cf9350e,NESTED_INNER_SCREEN,adaptive_resnet,multiview_zscore,10.0,none,multitask,multitask,compound_morphology,none,271833,705721,705721,29273,7310,21.183712244033813,5,I200_TRAIN_004_ea1cf9350e,ok,164
3,0.624414858864803,12.639780044555664,8.185796737670898,10.41278839111328,12.639780044555664,15.866849899291992,10.86977767944336,-0.1711620092391967,-1.1561189889907837,0.3744744494112376,0.4068656512703011,0.683037281036377,3577,13.120022773742676,8.107122421264648,482,29.483732223510746,17.43304443359375,4515,11.315945625305176,6.472566604614258,0.0,1.0,0.2462380300957592,0.4651162790697674,0.6677154582763338,0.400547195622435,0.6972640218878249,0.859233926128591,0.6855838298797607,N200_O5_I200_TRAIN_005_40f0734fee,NESTED_INNER_SCREEN,adaptive_resnet,multiview_zscore,10.0,none,multitask,multitask,none,none,271833,705721,705721,29273,7310,21.442180156707764,5,I200_TRAIN_005_40f0734fee,ok,165
3,0.6257279195816688,12.645912170410156,8.21815299987793,10.432032585144045,12.645912170410156,15.88200569152832,10.934467315673828,0.1449393033981323,-1.246474266052246,0.375257683459955,0.4031171249909072,0.6845170259475708,3577,13.20900535583496,8.060725212097168,482,29.13367080688477,17.420955657958984,4515,11.40470027923584,6.483591079711914,0.0,1.0,0.2436388508891928,0.4666210670314637,0.6674418604651163,0.4008207934336525,0.6939808481532148,0.8569083447332422,0.6868436336517334,N200_O5_I200_TRAIN_006_aae6ff34ee,NESTED_INNER_SCREEN,adaptive_resnet,multiview_zscore,10.0,none,multitask,multitask,mask,none,271833,705721,705721,29273,7310,21.45463180541992,5,I200_TRAIN_006_aae6ff34ee,ok,166
2,0.6395929989471935,12.56082534790039,8.321626663208008,10.4412260055542,12.56082534790039,15.81104850769043,10.833468437194824,-0.3511732518672943,0.2673602402210235,0.3744677516073046,0.3952032525118138,0.6863346099853516,3577,12.970049858093262,9.127942085266112,482,30.54690742492676,16.64206886291504,4515,11.113813400268556,7.305548191070557,0.0,1.0,0.2506155950752394,0.4709986320109439,0.6700410396716826,0.3857729138166895,0.6796169630642955,0.8499316005471956,0.6973378658294678,N200_O5_I200_TRAIN_007_cf4e7cbc89,NESTED_INNER_SCREEN,adaptive_resnet,multiview_zscore,10.0,none,multitask,multitask,amplitude_warp,none,271833,705721,705721,29273,7310,17.154771327972412,5,I200_TRAIN_007_cf4e7cbc89,ok,167
3,0.6283317854981018,12.684718132019045,8.207978248596191,10.446348190307615,12.684718132019045,15.906514167785645,10.841815948486328,0.6281412839889526,-0.3562787175178528,0.3721407780959447,0.4059915210670002,0.6851856708526611,3577,13.394554138183594,8.522492408752441,482,28.67559242248535,16.763288497924805,4515,11.565808296203612,6.877279758453369,0.0,1.0,0.2435020519835841,0.4623803009575923,0.6652530779753763,0.3975376196990424,0.6905608755129959,0.8552667578659371,0.6933068037033081,N200_O5_I200_TRAIN_008_943f584d06,NESTED_INNER_SCREEN,adaptive_resnet,multiview_zscore,10.0,none,multitask,multitask,compound_morphology,none,271833,705721,705721,29273,7310,21.43871831893921,5,I200_TRAIN_008_943f584d06,ok,168
3,0.6212050400528253,12.756813049316406,8.277389526367188,10.517101287841797,12.756813049316406,15.994614601135254,10.883605003356934,1.2489415407180786,-0.0133577613160014,0.3701825371677574,0.4015315367056284,0.6900007724761963,3577,13.724289894104004,8.782774925231934,482,27.89646339416504,16.357147216796875,4515,11.81997299194336,7.146011352539063,0.0,1.0,0.2376196990424076,0.4640218878248974,0.6652530779753763,0.3984952120383037,0.6875512995896033,0.8526675786593707,0.7018455266952515,N200_O5_I200_TRAIN_009_527a78f50d,NESTED_INNER_SCREEN,adaptive_resnet,multiview_zscore,10.0,none,multitask,multitask,none,none,271833,705721,705721,29273,7310,21.39826464653015,5,I200_TRAIN_009_527a78f50d,ok,169
3,0.6239077433261996,12.776137351989746,8.312756538391113,10.54444694519043,12.776137351989746,15.997359275817873,10.927545547485352,1.680485725402832,0.191391572356224,0.3758893047210596,0.4010320639592066,0.691969633102417,3577,13.862669944763184,8.879055976867676,482,27.374439239501957,16.0698299407959,4515,11.959288597106934,7.290651798248291,0.0,1.0,0.2376196990424076,0.4606019151846785,0.659233926128591,0.393844049247606,0.6839945280437757,0.8508891928864569,0.7052590250968933,N200_O5_I200_TRAIN_010_fa743a5848,NESTED_INNER_SCREEN,adaptive_resnet,multiview_zscore,10.0,none,multitask,multitask,mask,none,271833,705721,705721,29273,7310,21.462905883789062,5,I200_TRAIN_010_fa743a5848,ok,170
2,0.6392300070500841,12.58211898803711,8.38940715789795,10.485763549804688,12.58211898803711,15.822894096374512,10.855201721191406,0.1910539716482162,0.7507402896881104,0.3742463695031469,0.39643322603355,0.6896695494651794,3577,13.139230728149414,9.424376487731934,482,29.92085075378418,16.178218841552734,4515,11.256802558898926,7.629868984222412,0.0,1.0,0.2493844049247606,0.4685362517099863,0.6685362517099863,0.3800273597811217,0.675923392612859,0.8489740082079343,0.7040146589279175,N200_O5_I200_TRAIN_011_48709fa5af,NESTED_INNER_SCREEN,adaptive_resnet,multiview_zscore,10.0,none,multitask,multitask,amplitude_warp,none,271833,705721,705721,29273,7310,17.194689989089966,5,I200_TRAIN_011_48709fa5af,ok,171
4,0.6073823536143583,12.68617343902588,8.292512893676758,10.489343643188477,12.68617343902588,16.081615447998047,11.005229949951172,0.5064961910247803,-0.6720136404037476,0.3779318388975327,0.4006887625210706,0.6886461973190308,3577,13.16607666015625,8.304091453552246,482,28.141111373901367,17.035911560058594,4515,11.486366271972656,6.769527912139893,0.0145228215767634,0.9982425307557118,0.2560875512995896,0.4768809849521204,0.6578659370725034,0.3971272229822161,0.6894664842681258,0.8508891928864569,0.6921031475067139,N200_O5_I200_TRAIN_012_8d7ec3f701,NESTED_INNER_SCREEN,adaptive_resnet,multiview_zscore,10.0,none,multitask,multitask,compound_morphology,none,271833,705721,705721,29273,7310,21.50941228866577,5,I200_TRAIN_012_8d7ec3f701,ok,172
3,0.6212066334057478,12.72326946258545,8.221670150756836,10.472469329833984,12.72326946258545,15.94312572479248,10.873682022094728,1.3536489009857178,-0.3485570549964905,0.3740546061161016,0.3995422145186759,0.6868127584457397,3577,13.725027084350586,8.598087310791016,482,28.07862091064453,16.80901336669922,4515,11.792953491210938,6.902746200561523,0.0,1.0,0.2409028727770177,0.4634746922024624,0.6622435020519836,0.4024623803009576,0.6919288645690834,0.8566347469220246,0.6975916624069214,N200_O5_I200_TRAIN_013_06fc2d91b6,NESTED_INNER_SCREEN,adaptive_resnet,multiview_zscore,10.0,none,multitask,multitask,none,none,271833,705721,705721,29273,7310,21.057833433151245,5,I200_TRAIN_013_06fc2d91b6,ok,173
3,0.6231518041074665,12.744532585144045,8.270340919494629,10.507436752319336,12.744532585144045,16.004446029663086,10.891837120056152,0.893878698348999,-0.0425312593579292,0.3693750537639738,0.4018493876124501,0.689373791217804,3577,13.493675231933594,8.726070404052734,482,28.24803924560547,16.31600570678711,4515,11.684436798095703,7.083773612976074,0.0,1.0,0.2399452804377565,0.4638850889192886,0.6627906976744186,0.3967168262653899,0.6880984952120383,0.8521203830369357,0.6991968154907227,N200_O5_I200_TRAIN_014_ed4d0bc107,NESTED_INNER_SCREEN,adaptive_resnet,multiview_zscore,10.0,none,multitask,multitask,mask,none,271833,705721,705721,29273,7310,21.40163516998291,5,I200_TRAIN_014_ed4d0bc107,ok,174
3,0.6206347903395011,12.698863983154297,8.223211288452148,10.461037635803224,12.698863983154297,15.8983154296875,10.898378372192385,1.1981704235076904,-0.740736722946167,0.3786510323834822,0.4010384711716999,0.6861957311630249,3577,13.647431373596191,8.354269981384277,482,28.01488876342773,17.089323043823242,4515,11.75851345062256,6.709128379821777,0.0,0.999560632688928,0.2415868673050615,0.4623803009575923,0.6633378932968537,0.3993160054719562,0.6902872777017783,0.8560875512995896,0.6941227912902832,N200_O5_I200_TRAIN_015_7a9222a663,NESTED_INNER_SCREEN,adaptive_resnet,multiview_zscore,10.0,none,multitask,multitask,amplitude_warp,none,271833,705721,705721,29273,7310,21.486215591430664,5,I200_TRAIN_015_7a9222a663,ok,175
3,0.6239303307595596,12.768672943115234,8.235055923461914,10.501864433288574,12.768672943115234,15.976641654968262,10.887274742126465,1.2000433206558228,-0.27017343044281,0.3735058478138719,0.4071873274070005,0.6886183023452759,3577,13.66031265258789,8.545208930969238,482,27.75689125061035,16.38702964782715,4515,11.791603088378906,6.953183174133301,0.0020746887966804,1.0,0.2409028727770177,0.4558139534883721,0.6625170998632011,0.3990424076607387,0.6901504787961696,0.8538987688098495,0.697960615158081,N200_O5_I200_TRAIN_016_86ff396d16,NESTED_INNER_SCREEN,adaptive_resnet,multiview_zscore,10.0,none,multitask,multitask,compound_morphology,none,271833,705721,705721,29273,7310,21.3658504486084,5,I200_TRAIN_016_86ff396d16,ok,176
3,0.6225397134918014,12.65707302093506,8.238765716552734,10.447919845581056,12.65707302093506,15.897541999816896,10.943206787109377,0.6805180311203003,-0.8511565327644348,0.3776992063389444,0.4038123157622732,0.6856616735458374,3577,13.41142749786377,8.255890846252441,482,28.478517532348636,16.872787475585938,4515,11.56118869781494,6.711825370788574,0.0,0.9997070884592852,0.2439124487004104,0.4666210670314637,0.66703146374829,0.4017783857729138,0.6882352941176471,0.8564979480164159,0.6910847425460815,N200_O5_I200_TRAIN_017_37bb96d33b,NESTED_INNER_SCREEN,adaptive_resnet,multiview_zscore,10.0,none,multitask,multitask,none,none,271833,705721,705721,29273,7310,21.454535484313965,5,I200_TRAIN_017_37bb96d33b,ok,177
2,0.6459749968223323,12.5951566696167,8.280715942382812,10.437936782836914,12.5951566696167,15.816946029663086,10.818992614746094,0.1941723823547363,0.0273282695561647,0.3735559726705512,0.3975488115395149,0.6856352090835571,3577,13.241778373718262,8.922906875610352,482,30.038291931152344,16.953712463378906,4515,11.318888664245604,7.124150276184082,0.0,1.0,0.2448700410396717,0.4674418604651162,0.6674418604651163,0.387688098495212,0.6813953488372093,0.8529411764705882,0.6966306567192078,N200_O5_I200_TRAIN_018_cf39a9f7d6,NESTED_INNER_SCREEN,adaptive_resnet,multiview_zscore,10.0,none,multitask,multitask,mask,none,271833,705721,705721,29273,7310,17.21229839324951,5,I200_TRAIN_018_cf39a9f7d6,ok,178
3,0.6247870622117535,12.660606384277344,8.21120548248291,10.435905456542969,12.660606384277344,15.846918106079102,10.868941307067873,0.2527692019939422,-0.9806048274040222,0.3719167056401685,0.4011911162364746,0.6846450567245483,3577,13.33019733428955,8.28225326538086,482,29.6067008972168,17.488399505615234,4515,11.445158004760742,6.567131042480469,0.0,1.0,0.2400820793433652,0.4616963064295485,0.6647058823529411,0.4004103967168262,0.6901504787961696,0.8569083447332422,0.69002366065979,N200_O5_I200_TRAIN_019_6221633710,NESTED_INNER_SCREEN,adaptive_resnet,multiview_zscore,10.0,none,multitask,multitask,amplitude_warp,none,271833,705721,705721,29273,7310,21.47710585594177,5,I200_TRAIN_019_6221633710,ok,179
3,0.62631957593307,12.624072074890137,8.193464279174805,10.408767700195312,12.624072074890137,15.839987754821776,10.906526565551758,-0.2140033841133117,-1.4155268669128418,0.3736115924969648,0.4051866584653766,0.6829102039337158,3577,13.12121868133545,7.953708648681641,482,29.73813819885254,17.713909149169922,4515,11.286735534667969,6.327979564666748,0.0,1.0,0.246922024623803,0.4642954856361149,0.6651162790697674,0.4015047879616963,0.693296853625171,0.8566347469220246,0.6839451789855957,N200_O5_I200_TRAIN_020_79f182bed4,NESTED_INNER_SCREEN,adaptive_resnet,multiview_zscore,10.0,none,multitask,multitask,compound_morphology,none,271833,705721,705721,29273,7310,21.61674761772156,5,I200_TRAIN_020_79f182bed4,ok,180
4,0.6232466530176549,12.700078010559082,8.239513397216797,10.46979522705078,12.700078010559082,16.067094802856445,10.929553985595703,0.3638345003128052,-0.9979223012924194,0.3702080878615804,0.3970813309912271,0.6868890523910522,3577,13.152643203735352,8.233789443969727,482,28.686792373657227,17.437416076660156,4515,11.420902252197266,6.594342708587647,0.0,1.0,0.2511627906976744,0.4775649794801641,0.6618331053351573,0.4034199726402189,0.6931600547195622,0.8519835841313269,0.6899807453155518,N200_O5_I200_TRAIN_021_a4bcb0138f,NESTED_INNER_SCREEN,adaptive_resnet,multiview_zscore,10.0,none,multitask,multitask,none,none,271833,705721,705721,29273,7310,21.58979177474976,5,I200_TRAIN_021_a4bcb0138f,ok,181
4,0.6256064753127254,12.713619232177734,8.23319149017334,10.473405838012695,12.713619232177734,16.05023765563965,10.899039268493652,0.5867037773132324,-0.7958754301071167,0.3714627673467661,0.4002530239646479,0.6870102882385254,3577,13.270743370056152,8.324568748474121,482,28.52835273742676,17.283178329467773,4515,11.494820594787598,6.67874813079834,0.0,1.0,0.2467852257181942,0.4735978112175102,0.6599179206566348,0.4046511627906977,0.6905608755129959,0.8555403556771546,0.6918118000030518,N200_O5_I200_TRAIN_022_55c81c0027,NESTED_INNER_SCREEN,adaptive_resnet,multiview_zscore,10.0,none,multitask,multitask,mask,none,271833,705721,705721,29273,7310,21.25882697105408,5,I200_TRAIN_022_55c81c0027,ok,182
4,0.626850738634471,12.700026512145996,8.271374702453613,10.485700607299805,12.700026512145996,16.097064971923828,10.92591667175293,-0.312641829252243,-0.5106889605522156,0.3658282843039014,0.3933084672239874,0.6881766319274902,3577,12.990646362304688,8.50705623626709,482,29.45673942565918,17.060047149658203,4515,11.27369213104248,6.851741313934326,0.0,1.0,0.2545827633378933,0.474281805745554,0.6601915184678523,0.3967168262653899,0.6879616963064296,0.8534883720930233,0.6925829648971558,N200_O5_I200_TRAIN_023_92f2c0f793,NESTED_INNER_SCREEN,adaptive_resnet,multiview_zscore,10.0,none,multitask,multitask,amplitude_warp,none,271833,705721,705721,29273,7310,21.55676794052124,5,I200_TRAIN_023_92f2c0f793,ok,183
4,0.6324008785042108,12.715628623962402,8.242067337036133,10.47884750366211,12.715628623962402,16.03374671936035,10.892236709594728,0.8199468851089478,-0.427241712808609,0.3703358644915491,0.4015405482604786,0.6874252557754517,3577,13.342341423034668,8.45554256439209,482,28.32112693786621,16.92428207397461,4515,11.56299114227295,6.868683815002441,0.0,1.0,0.2462380300957592,0.474281805745554,0.6595075239398085,0.3987688098495212,0.688782489740082,0.8554035567715458,0.6939460039138794,N200_O5_I200_TRAIN_024_118fc735bf,NESTED_INNER_SCREEN,adaptive_resnet,multiview_zscore,10.0,none,multitask,multitask,compound_morphology,none,271833,705721,705721,29273,7310,21.67956113815308,5,I200_TRAIN_024_118fc735bf,ok,184
5,0.5889936779059616,12.589873313903809,8.24251651763916,10.416194915771484,12.589873313903809,15.875922203063965,10.865160942077637,0.5822755098342896,-0.6312751770019531,0.3800885278934809,0.4074723786511405,0.6839426755905151,3577,13.299399375915527,8.398140907287598,482,28.371795654296875,16.942861557006836,4515,11.47734260559082,6.778439521789551,0.0,1.0,0.2488372093023255,0.4745554035567715,0.6688098495212038,0.3975376196990424,0.6898768809849521,0.8526675786593707,0.6904546022415161,N200_O5_I200_TRAIN_025_5e9c83d41d,NESTED_INNER_SCREEN,adaptive_resnet,multiview_zscore,10.0,none,multitask,multitask,none,none,271833,705721,705721,29273,7310,21.70578169822693,5,I200_TRAIN_025_5e9c83d41d,ok,185
3,0.6388425823130639,12.714381217956545,8.219890594482422,10.46713638305664,12.714381217956545,15.915308952331545,10.823493957519531,0.8719838261604309,-0.5303676724433899,0.3726425898593729,0.4095190322750729,0.6864933967590332,3577,13.52696704864502,8.458227157592773,482,28.38525009155273,16.753915786743164,4515,11.673179626464844,6.860844135284424,0.0,1.0,0.2411764705882353,0.4633378932968536,0.6656634746922024,0.3972640218878249,0.6880984952120383,0.8582763337893297,0.6945591568946838,N200_O5_I200_TRAIN_026_2e90055abd,NESTED_INNER_SCREEN,adaptive_resnet,multiview_zscore,10.0,none,multitask,multitask,mask,none,271833,705721,705721,29273,7310,21.59007048606873,5,I200_TRAIN_026_2e90055abd,ok,186
2,0.6555613587105197,12.654170989990234,8.296141624450684,10.475156784057615,12.654170989990234,15.871705055236816,10.807622909545898,0.4572336375713348,0.0975905209779739,0.3673910882322048,0.4021595880208788,0.6879020929336548,3577,13.30805206298828,8.94455623626709,482,29.75746154785156,16.697776794433594,4515,11.406810760498049,7.227301120758057,0.0,1.0,0.241313269493844,0.46703146374829,0.6625170998632011,0.3902872777017784,0.6787961696306429,0.852530779753762,0.699010968208313,N200_O5_I200_TRAIN_027_6e03009c45,NESTED_INNER_SCREEN,adaptive_resnet,multiview_zscore,10.0,none,multitask,multitask,amplitude_warp,none,271833,705721,705721,29273,7310,17.218929052352905,5,I200_TRAIN_027_6e03009c45,ok,187
3,0.6407558524530698,12.734904289245604,8.229552268981934,10.48222827911377,12.734904289245604,15.920777320861816,10.799582481384276,1.3993955850601196,-0.0059340992011129,0.3744596224685634,0.4108131522686855,0.6874555349349976,3577,13.73892879486084,8.754232406616211,482,27.99383544921875,16.26544952392578,4515,11.83269500732422,7.121156215667725,0.0,1.0,0.2378932968536251,0.4638850889192886,0.6647058823529411,0.3939808481532147,0.6863201094391245,0.8537619699042408,0.6997497081756592,N200_O5_I200_TRAIN_028_924119312a,NESTED_INNER_SCREEN,adaptive_resnet,multiview_zscore,10.0,none,multitask,multitask,compound_morphology,none,271833,705721,705721,29273,7310,21.532111167907715,5,I200_TRAIN_028_924119312a,ok,188
2,0.6573856722295673,12.739514350891112,8.223057746887207,10.48128604888916,12.739514350891112,16.164932250976562,10.911518096923828,-2.2779541015625,-1.2946351766586304,0.3475722062315152,0.3949306327300894,0.6873211860656738,3577,12.45730972290039,8.096540451049805,482,33.090415954589844,18.17220687866211,4515,10.718478202819824,6.387290000915527,0.0,1.0,0.2499316005471956,0.4709986320109439,0.6622435020519836,0.3971272229822161,0.6920656634746922,0.8559507523939809,0.6840775609016418,N200_O5_I200_TRAIN_029_f57f4b8831,NESTED_INNER_SCREEN,adaptive_resnet,multiview_zscore,10.0,none,multitask,multitask,none,none,271833,705721,705721,29273,7310,17.46268892288208,5,I200_TRAIN_029_f57f4b8831,ok,189
2,0.6581675702450323,12.86807346343994,8.206869125366211,10.537471771240234,12.86807346343994,16.405935287475586,10.90796184539795,-3.215278625488281,-1.2969290018081665,0.3383357808496648,0.3966459309819417,0.6902450323104858,3577,12.204863548278809,8.06457805633545,482,34.15027618408203,18.141429901123047,4515,10.570511817932127,6.381431579589844,0.0,1.0,0.2500683994528044,0.4755129958960328,0.6599179206566348,0.3983584131326949,0.6945280437756498,0.8559507523939809,0.6841902732849121,N200_O5_I200_TRAIN_030_c5259795ea,NESTED_INNER_SCREEN,adaptive_resnet,multiview_zscore,10.0,none,multitask,multitask,mask,none,271833,705721,705721,29273,7310,17.387690544128418,5,I200_TRAIN_030_c5259795ea,ok,190
2,0.657660127075669,12.69776725769043,8.225778579711914,10.461772918701172,12.69776725769043,16.143659591674805,10.878443717956545,-2.4284369945526123,-0.9556035399436952,0.3560172805655065,0.3959447674678906,0.6862690448760986,3577,12.34648323059082,8.26559829711914,482,32.9605712890625,17.732196807861328,4515,10.656596183776855,6.573005199432373,0.0,1.0,0.2534883720930233,0.4761969904240766,0.6621067031463749,0.3923392612859097,0.6889192886456909,0.8558139534883721,0.6842270493507385,N200_O5_I200_TRAIN_031_237e931217,NESTED_INNER_SCREEN,adaptive_resnet,multiview_zscore,10.0,none,multitask,multitask,amplitude_warp,none,271833,705721,705721,29273,7310,17.431318283081055,5,I200_TRAIN_031_237e931217,ok,191
2,0.6573996851646823,12.885126113891602,8.254698753356934,10.56991195678711,12.885126113891602,16.45825958251953,10.954212188720703,-3.4681830406188965,-1.3736515045166016,0.3414988811293337,0.3900811576354596,0.6926548480987549,3577,12.101580619812012,8.062504768371582,482,34.21192932128906,18.166093826293945,4515,10.511951446533203,6.3758158683776855,0.0,1.0,0.2515731874145007,0.4731874145006839,0.6533515731874145,0.3948016415868673,0.6939808481532148,0.8529411764705882,0.6852578520774841,N200_O5_I200_TRAIN_032_c2b96ae0ad,NESTED_INNER_SCREEN,adaptive_resnet,multiview_zscore,10.0,none,multitask,multitask,compound_morphology,none,271833,705721,705721,29273,7310,17.05941915512085,5,I200_TRAIN_032_c2b96ae0ad,ok,192
2,0.6619022504176969,12.758723258972168,8.290181159973145,10.524452209472656,12.758723258972168,16.22224235534668,11.028264999389648,-2.577690839767456,-1.801827311515808,0.3466210489150759,0.3896250211711742,0.6905714869499207,3577,12.330470085144045,7.81730318069458,482,33.329071044921875,18.54072952270508,4515,10.636686325073242,6.204183101654053,0.0,1.0,0.2503419972640219,0.4741450068399452,0.6649794801641586,0.3965800273597811,0.6935704514363885,0.8537619699042408,0.6828082799911499,N200_O5_I200_TRAIN_033_dfb37edfd0,NESTED_INNER_SCREEN,adaptive_resnet,multiview_zscore,10.0,none,multitask,multitask,none,none,271833,705721,705721,29273,7310,17.45901322364807,5,I200_TRAIN_033_dfb37edfd0,ok,193
2,0.659521170301375,12.798676490783691,8.254942893981934,10.526809692382812,12.798676490783691,16.28409194946289,10.96664810180664,-2.8258535861968994,-1.467592477798462,0.3447710828415684,0.3911099264032632,0.6902580857276917,3577,12.293970108032228,8.02182388305664,482,33.58391189575195,18.176536560058597,4515,10.610870361328123,6.355749130249023,0.0,1.0,0.2528043775649795,0.4692202462380301,0.6622435020519836,0.3963064295485636,0.6934336525307797,0.853077975376197,0.6843878030776978,N200_O5_I200_TRAIN_034_9fd5d868a1,NESTED_INNER_SCREEN,adaptive_resnet,multiview_zscore,10.0,none,multitask,multitask,mask,none,271833,705721,705721,29273,7310,17.39519166946411,5,I200_TRAIN_034_9fd5d868a1,ok,194
2,0.6606234834085103,12.710591316223145,8.228185653686523,10.469388961791992,12.710591316223145,16.120220184326172,10.864187240600586,-2.0906193256378174,-0.909768521785736,0.351571178793966,0.3978753552626345,0.6867234706878662,3577,12.485864639282228,8.298110961914062,482,32.71982192993164,17.58506202697754,4515,10.7421875,6.606348514556885,0.0,1.0,0.2502051983584131,0.4738714090287277,0.6637482900136799,0.3916552667578659,0.6894664842681258,0.8570451436388509,0.6858667135238647,N200_O5_I200_TRAIN_035_944f8ae4a2,NESTED_INNER_SCREEN,adaptive_resnet,multiview_zscore,10.0,none,multitask,multitask,amplitude_warp,none,271833,705721,705721,29273,7310,17.48983120918274,5,I200_TRAIN_035_944f8ae4a2,ok,195
2,0.6600763061467338,12.887693405151367,8.279390335083008,10.583541870117188,12.887693405151367,16.422378540039062,10.983922958374023,-2.9826180934906006,-1.3017432689666748,0.3354273636327107,0.3851412910289236,0.6937252283096313,3577,12.2927885055542,8.12646770477295,482,33.82827377319336,18.041898727416992,4515,10.62082576751709,6.451540470123291,0.0,1.0,0.2489740082079343,0.4705882352941176,0.6590971272229822,0.3913816689466484,0.6945280437756498,0.8537619699042408,0.6880383491516113,N200_O5_I200_TRAIN_036_60f2ee9398,NESTED_INNER_SCREEN,adaptive_resnet,multiview_zscore,10.0,none,multitask,multitask,compound_morphology,none,271833,705721,705721,29273,7310,17.435839414596558,5,I200_TRAIN_036_60f2ee9398,ok,196
3,0.6478920941259346,12.795411109924316,8.155160903930664,10.475286483764648,12.795411109924316,16.173559188842773,10.820371627807615,-2.28444242477417,-1.2981003522872925,0.347609494094928,0.4112638204693047,0.6861302852630615,3577,12.474822998046877,8.05514907836914,482,32.60292053222656,17.9747371673584,4515,10.863651275634766,6.345963478088379,0.0,1.0,0.2458276333789329,0.4705882352941176,0.6596443228454172,0.4042407660738714,0.6995896032831738,0.8629274965800273,0.682887613773346,N200_O5_I200_TRAIN_037_beadba97be,NESTED_INNER_SCREEN,adaptive_resnet,multiview_zscore,10.0,none,multitask,multitask,none,none,271833,705721,705721,29273,7310,21.251528024673465,5,I200_TRAIN_037_beadba97be,ok,197
3,0.6496244419633953,12.76988697052002,8.141814231872559,10.455850601196287,12.76988697052002,16.128536224365234,10.783211708068848,-2.12573504447937,-1.104482889175415,0.3505330804319875,0.414792335524118,0.6848797798156738,3577,12.504646301269531,8.133650779724121,482,32.427093505859375,17.702373504638672,4515,10.871086120605469,6.440618991851807,0.0,1.0,0.2417236662106703,0.4701778385772914,0.6638850889192887,0.4031463748290013,0.6975376196990424,0.8629274965800273,0.6829512715339661,N200_O5_I200_TRAIN_038_d0d1faca7f,NESTED_INNER_SCREEN,adaptive_resnet,multiview_zscore,10.0,none,multitask,multitask,mask,none,271833,705721,705721,29273,7310,21.366270542144772,5,I200_TRAIN_038_d0d1faca7f,ok,198
3,0.6492396250269772,12.75723361968994,8.168333053588867,10.462783813476562,12.75723361968994,16.11994171142578,10.825384140014648,-1.6225777864456177,-1.0658117532730105,0.3465164943888807,0.4085338038500369,0.6856004595756531,3577,12.6607666015625,8.178228378295898,482,31.83525657653809,17.61199378967285,4515,10.97446632385254,6.516096115112305,0.0,1.0,0.2424076607387141,0.474829001367989,0.6618331053351573,0.4035567715458276,0.6986320109439125,0.8611491108071135,0.685029149055481,N200_O5_I200_TRAIN_039_a244018309,NESTED_INNER_SCREEN,adaptive_resnet,multiview_zscore,10.0,none,multitask,multitask,amplitude_warp,none,271833,705721,705721,29273,7310,21.30887484550476,5,I200_TRAIN_039_a244018309,ok,199
3,0.6501253632938161,12.761199951171877,8.15893840789795,10.46006965637207,12.761199951171877,16.122560501098633,10.782471656799316,-1.775405764579773,-0.7203863859176636,0.3471707855945787,0.4093183535809761,0.6853307485580444,3577,12.615939140319824,8.371822357177734,482,32.13579177856445,17.437849044799805,4515,10.930407524108888,6.647399425506592,0.0,1.0,0.2426812585499316,0.474829001367989,0.6595075239398085,0.3990424076607387,0.6961696306429549,0.861969904240766,0.6864728927612305,N200_O5_I200_TRAIN_040_8f6701e758,NESTED_INNER_SCREEN,adaptive_resnet,multiview_zscore,10.0,none,multitask,multitask,compound_morphology,none,271833,705721,705721,29273,7310,21.478817462921143,5,I200_TRAIN_040_8f6701e758,ok,200
3,0.635070357836929,12.659887313842772,8.262203216552734,10.461045265197754,12.659887313842772,15.963186264038086,10.928109169006348,-1.23529314994812,-1.3480346202850342,0.3607147552324382,0.3923721989059924,0.6866881847381592,3577,12.730433464050291,8.090636253356934,482,31.314266204833984,18.105701446533203,4515,10.971819877624512,6.357985019683838,0.0,1.0,0.2521203830369357,0.46812585499316,0.6659370725034199,0.3931600547195622,0.6923392612859097,0.8580027359781122,0.6854438781738281,N200_O5_PRIOR_WINNER_FIXED,NESTED_INNER_SCREEN,resnet,multiview,10.0,none,multitask,multitask,jitter_scale,none,271833,1146884,1146884,29273,7310,18.31820511817932,5,PRIOR_WINNER_FIXED,ok,201
